sim,spearman_vs_baseline,kendall_vs_baseline,mean_abs_diff
1,1.0,0.9999999999999998,0.020214650276836096
2,1.0,0.9999999999999998,0.01822645059353798
3,1.0,0.9999999999999998,0.023785965011176892
4,1.0,0.9999999999999998,0.022203943121843144
5,1.0,0.9999999999999998,0.014959260597893473
6,1.0,0.9999999999999998,0.017524493699280885
7,1.0,0.9999999999999998,0.008764499206940043
8,1.0,0.9999999999999998,0.0070674591074698576
9,1.0,0.9999999999999998,0.01879454061710433
10,1.0,0.9999999999999998,0.024178262395630028
11,1.0,0.9999999999999998,0.011588704548534827
12,1.0,0.9999999999999998,0.022278358724743562
13,1.0,0.9999999999999998,0.00781418190109967
14,1.0,0.9999999999999998,0.009308482798771833
15,1.0,0.9999999999999998,0.01638888788478049
16,1.0,0.9999999999999998,0.00957203946715237
17,1.0,0.9999999999999998,0.01996375760544116
18,1.0,0.9999999999999998,0.03167701953138211
19,1.0,0.9999999999999998,0.02564352682500652
20,1.0,0.9999999999999998,0.011928886845578288
21,1.0,0.9999999999999998,0.014186319302707598
22,1.0,0.9999999999999998,0.011784697583304062
23,1.0,0.9999999999999998,0.013668944415519177
24,1.0,0.9999999999999998,0.008556847299375316
25,1.0,0.9999999999999998,0.010801539441127432
26,1.0,0.9999999999999998,0.0084370076216665
27,1.0,0.9999999999999998,0.035404264213830666
28,1.0,0.9999999999999998,0.04218654355171721
29,1.0,0.9999999999999998,0.00958023090060374
30,1.0,0.9999999999999998,0.006516982965371988
31,1.0,0.9999999999999998,0.013446736725732156
32,1.0,0.9999999999999998,0.014574213487852983
33,0.9761904761904763,0.9285714285714285,0.03945339997842108
34,1.0,0.9999999999999998,0.022961144566088956
35,1.0,0.9999999999999998,0.017100904971145976
36,1.0,0.9999999999999998,0.02741429425533995
37,1.0,0.9999999999999998,0.008295322219197265
38,1.0,0.9999999999999998,0.015728658651013222
39,1.0,0.9999999999999998,0.0369666676966399
40,1.0,0.9999999999999998,0.02034603716445279
41,1.0,0.9999999999999998,0.012590915982135714
42,1.0,0.9999999999999998,0.012788827693271283
43,1.0,0.9999999999999998,0.011867711045758608
44,1.0,0.9999999999999998,0.028282251144206995
45,1.0,0.9999999999999998,0.011808683385735118
46,1.0,0.9999999999999998,0.046999444334719774
47,1.0,0.9999999999999998,0.02209738762899733
48,1.0,0.9999999999999998,0.02432675850889235
49,1.0,0.9999999999999998,0.011181414698733579
50,1.0,0.9999999999999998,0.016667379013945355
51,1.0,0.9999999999999998,0.007899666484463726
52,1.0,0.9999999999999998,0.010732435194831406
53,1.0,0.9999999999999998,0.03627990759098597
54,1.0,0.9999999999999998,0.003899648403284779
55,1.0,0.9999999999999998,0.01606102251260612
56,1.0,0.9999999999999998,0.009549932097051163
57,1.0,0.9999999999999998,0.01291415794527593
58,1.0,0.9999999999999998,0.019688876374563846
59,1.0,0.9999999999999998,0.03424517570059386
60,1.0,0.9999999999999998,0.0027979273859413747
61,1.0,0.9999999999999998,0.0263030108463867
62,1.0,0.9999999999999998,0.008810092290881588
63,1.0,0.9999999999999998,0.005259818231619862
64,1.0,0.9999999999999998,0.00968158686392974
65,1.0,0.9999999999999998,0.018712589472989392
66,1.0,0.9999999999999998,0.00444182727073586
67,1.0,0.9999999999999998,0.027426266100106227
68,1.0,0.9999999999999998,0.022697251016834723
69,1.0,0.9999999999999998,0.03937820902605586
70,1.0,0.9999999999999998,0.011181901878758872
71,1.0,0.9999999999999998,0.020382289066053563
72,1.0,0.9999999999999998,0.009928695332922344
73,1.0,0.9999999999999998,0.040319955338889144
74,1.0,0.9999999999999998,0.01822952762568971
75,1.0,0.9999999999999998,0.02877582722269579
76,1.0,0.9999999999999998,0.03872908414373097
77,1.0,0.9999999999999998,0.012979679423662793
78,1.0,0.9999999999999998,0.018635312633884155
79,1.0,0.9999999999999998,0.02841113651431984
80,1.0,0.9999999999999998,0.015358924007553947
81,1.0,0.9999999999999998,0.030023523318452316
82,1.0,0.9999999999999998,0.025657806031408804
83,1.0,0.9999999999999998,0.014411769781913511
84,1.0,0.9999999999999998,0.013327984286970913
85,1.0,0.9999999999999998,0.030616238402223613
86,1.0,0.9999999999999998,0.026539364648605852
87,1.0,0.9999999999999998,0.014266023860035039
88,1.0,0.9999999999999998,0.009823429898284816
89,1.0,0.9999999999999998,0.037253637741433
90,1.0,0.9999999999999998,0.012265070382064626
91,1.0,0.9999999999999998,0.03674992421591602
92,1.0,0.9999999999999998,0.0379492532081545
93,1.0,0.9999999999999998,0.0203538850688134
94,1.0,0.9999999999999998,0.013761746268830574
95,1.0,0.9999999999999998,0.005445238189519627
96,1.0,0.9999999999999998,0.008354604128050454
97,1.0,0.9999999999999998,0.012961072426858546
98,1.0,0.9999999999999998,0.007180606814411045
99,1.0,0.9999999999999998,0.0075874271468053395
100,1.0,0.9999999999999998,0.0071212867388230836
101,1.0,0.9999999999999998,0.008131720885952216
102,1.0,0.9999999999999998,0.027576816015027546
103,1.0,0.9999999999999998,0.03787020499645581
104,1.0,0.9999999999999998,0.01330154309537207
105,1.0,0.9999999999999998,0.028396158188791355
106,1.0,0.9999999999999998,0.023269517602310205
107,1.0,0.9999999999999998,0.00940165882031841
108,1.0,0.9999999999999998,0.020322323330414192
109,1.0,0.9999999999999998,0.024129486207417797
110,1.0,0.9999999999999998,0.01108706393213605
111,1.0,0.9999999999999998,0.01693542335796691
112,1.0,0.9999999999999998,0.008500709807652475
113,1.0,0.9999999999999998,0.018212788019621395
114,1.0,0.9999999999999998,0.012475184184412458
115,1.0,0.9999999999999998,0.02603676389788353
116,1.0,0.9999999999999998,0.015377814191952513
117,1.0,0.9999999999999998,0.010430480640463341
118,1.0,0.9999999999999998,0.02833438671323133
119,1.0,0.9999999999999998,0.0297286553633469
120,1.0,0.9999999999999998,0.022141914752993014
121,1.0,0.9999999999999998,0.015600679867259416
122,1.0,0.9999999999999998,0.014777112295370348
123,1.0,0.9999999999999998,0.008390979001153438
124,1.0,0.9999999999999998,0.013464994367364022
125,1.0,0.9999999999999998,0.01365210801957837
126,1.0,0.9999999999999998,0.02028283860188354
127,1.0,0.9999999999999998,0.020119522680490325
128,1.0,0.9999999999999998,0.031716479674516934
129,1.0,0.9999999999999998,0.012647660014324845
130,1.0,0.9999999999999998,0.04543015518248777
131,1.0,0.9999999999999998,0.02316619642953016
132,1.0,0.9999999999999998,0.022266994595047968
133,1.0,0.9999999999999998,0.026704603497043837
134,1.0,0.9999999999999998,0.011319666964415005
135,1.0,0.9999999999999998,0.02353295689021618
136,1.0,0.9999999999999998,0.020556078711012553
137,1.0,0.9999999999999998,0.014502449088312115
138,1.0,0.9999999999999998,0.011493305411080679
139,1.0,0.9999999999999998,0.031476647246520245
140,1.0,0.9999999999999998,0.006730392821593399
141,1.0,0.9999999999999998,0.015771223761940824
142,1.0,0.9999999999999998,0.00936066109644057
143,1.0,0.9999999999999998,0.013712138710512807
144,1.0,0.9999999999999998,0.025421617517575268
145,1.0,0.9999999999999998,0.014620927823288464
146,1.0,0.9999999999999998,0.01633125416892664
147,1.0,0.9999999999999998,0.014906020266694714
148,1.0,0.9999999999999998,0.024854631376990767
149,1.0,0.9999999999999998,0.020701074792683585
150,1.0,0.9999999999999998,0.007855952494992435
151,1.0,0.9999999999999998,0.007917526562693677
152,1.0,0.9999999999999998,0.01741134256895749
153,1.0,0.9999999999999998,0.023830950033580052
154,1.0,0.9999999999999998,0.015941296381205942
155,1.0,0.9999999999999998,0.013318640284687655
156,1.0,0.9999999999999998,0.015313248859888148
157,1.0,0.9999999999999998,0.034203889050781935
158,1.0,0.9999999999999998,0.022033543649444882
159,1.0,0.9999999999999998,0.008416067189502115
160,1.0,0.9999999999999998,0.015207943872509129
161,1.0,0.9999999999999998,0.023698407633330504
162,1.0,0.9999999999999998,0.03282904194165208
163,1.0,0.9999999999999998,0.021052077227557066
164,1.0,0.9999999999999998,0.010103510498352328
165,1.0,0.9999999999999998,0.03297410610236481
166,1.0,0.9999999999999998,0.03063528362915071
167,1.0,0.9999999999999998,0.005558416086743248
168,1.0,0.9999999999999998,0.011714972204935975
169,1.0,0.9999999999999998,0.03606455662189736
170,1.0,0.9999999999999998,0.021114336279361767
171,1.0,0.9999999999999998,0.012213771593510746
172,1.0,0.9999999999999998,0.01250076298070478
173,1.0,0.9999999999999998,0.007817629030818542
174,1.0,0.9999999999999998,0.016499879603199707
175,1.0,0.9999999999999998,0.030944478941363665
176,1.0,0.9999999999999998,0.023470274438139704
177,1.0,0.9999999999999998,0.01270250450635483
178,1.0,0.9999999999999998,0.008181311487480379
179,1.0,0.9999999999999998,0.028969621879833117
180,1.0,0.9999999999999998,0.03124468891072727
181,1.0,0.9999999999999998,0.013356568790215455
182,1.0,0.9999999999999998,0.013956210067309217
183,1.0,0.9999999999999998,0.006441021360073011
184,0.9761904761904763,0.9285714285714285,0.04371526080822076
185,1.0,0.9999999999999998,0.03339922140289541
186,1.0,0.9999999999999998,0.011824742667738954
187,1.0,0.9999999999999998,0.011423873857880462
188,1.0,0.9999999999999998,0.032384574126467086
189,1.0,0.9999999999999998,0.02721306536042966
190,1.0,0.9999999999999998,0.021153363209731213
191,1.0,0.9999999999999998,0.009218515445913546
192,1.0,0.9999999999999998,0.010576449570216667
193,1.0,0.9999999999999998,0.01053892395044033
194,1.0,0.9999999999999998,0.017313321354351312
195,1.0,0.9999999999999998,0.01628979399784658
196,1.0,0.9999999999999998,0.010402446751564043
197,1.0,0.9999999999999998,0.016643223013408613
198,1.0,0.9999999999999998,0.02668667793692111
199,1.0,0.9999999999999998,0.008491369821810361
200,1.0,0.9999999999999998,0.020696381245990603
201,1.0,0.9999999999999998,0.024598776329823373
202,1.0,0.9999999999999998,0.023175462368444887
203,1.0,0.9999999999999998,0.006937522448325968
204,1.0,0.9999999999999998,0.023011216903943664
205,1.0,0.9999999999999998,0.010011928289023114
206,1.0,0.9999999999999998,0.028573520928514305
207,1.0,0.9999999999999998,0.00970334982408217
208,1.0,0.9999999999999998,0.018999461590561997
209,1.0,0.9999999999999998,0.025514068403198836
210,1.0,0.9999999999999998,0.011684601037136297
211,1.0,0.9999999999999998,0.02984893827968913
212,1.0,0.9999999999999998,0.011806471956461569
213,1.0,0.9999999999999998,0.020422974641554854
214,1.0,0.9999999999999998,0.03204381743772343
215,1.0,0.9999999999999998,0.012142568400945797
216,1.0,0.9999999999999998,0.010440809469506082
217,1.0,0.9999999999999998,0.03327491415993557
218,1.0,0.9999999999999998,0.005627270431281597
219,1.0,0.9999999999999998,0.021069043010566585
220,1.0,0.9999999999999998,0.013874022445083449
221,1.0,0.9999999999999998,0.02076758828202674
222,1.0,0.9999999999999998,0.03241419376945381
223,1.0,0.9999999999999998,0.022877334221666323
224,1.0,0.9999999999999998,0.016064113516490355
225,1.0,0.9999999999999998,0.02759413974870853
226,1.0,0.9999999999999998,0.00535667550711115
227,1.0,0.9999999999999998,0.021339632007997524
228,1.0,0.9999999999999998,0.00888557489721993
229,1.0,0.9999999999999998,0.018858892627496883
230,1.0,0.9999999999999998,0.022432956042511755
231,1.0,0.9999999999999998,0.03627543375215051
232,1.0,0.9999999999999998,0.012262504744967234
233,1.0,0.9999999999999998,0.027984639236587547
234,1.0,0.9999999999999998,0.010670554308653296
235,1.0,0.9999999999999998,0.017061957246600173
236,1.0,0.9999999999999998,0.019169542302023154
237,1.0,0.9999999999999998,0.036549238791429496
238,1.0,0.9999999999999998,0.023087875890710173
239,1.0,0.9999999999999998,0.008658064799469914
240,1.0,0.9999999999999998,0.010140223379780912
241,1.0,0.9999999999999998,0.009579120460692765
242,1.0,0.9999999999999998,0.0285883701565054
243,1.0,0.9999999999999998,0.007714283568528567
244,1.0,0.9999999999999998,0.012990714496920797
245,1.0,0.9999999999999998,0.0186301486580717
246,1.0,0.9999999999999998,0.02443331839740881
247,1.0,0.9999999999999998,0.01842346230166983
248,1.0,0.9999999999999998,0.008270875805129196
249,1.0,0.9999999999999998,0.030602823866379657
250,1.0,0.9999999999999998,0.022980239953139782
251,1.0,0.9999999999999998,0.012544078084949034
252,1.0,0.9999999999999998,0.006423359179952098
253,1.0,0.9999999999999998,0.0238122491828466
254,1.0,0.9999999999999998,0.029627148356026936
255,1.0,0.9999999999999998,0.03343004010484777
256,1.0,0.9999999999999998,0.0142172190290979
257,1.0,0.9999999999999998,0.009424797157084837
258,1.0,0.9999999999999998,0.026759029010135292
259,1.0,0.9999999999999998,0.00723873830087806
260,1.0,0.9999999999999998,0.013640444347598923
261,1.0,0.9999999999999998,0.0202331997616361
262,1.0,0.9999999999999998,0.01752867872184624
263,1.0,0.9999999999999998,0.018926277397594372
264,1.0,0.9999999999999998,0.01570653782975289
265,1.0,0.9999999999999998,0.01360064184878431
266,1.0,0.9999999999999998,0.03003702688593366
267,1.0,0.9999999999999998,0.011054340665102219
268,1.0,0.9999999999999998,0.0314430359021239
269,1.0,0.9999999999999998,0.03863191883119354
270,1.0,0.9999999999999998,0.013339259649520041
271,1.0,0.9999999999999998,0.009653616651254401
272,1.0,0.9999999999999998,0.025374964842648534
273,1.0,0.9999999999999998,0.017732011118223624
274,1.0,0.9999999999999998,0.016802063636046666
275,1.0,0.9999999999999998,0.044252771153709174
276,1.0,0.9999999999999998,0.028276126736805435
277,1.0,0.9999999999999998,0.012927219674033201
278,1.0,0.9999999999999998,0.031801183475683295
279,1.0,0.9999999999999998,0.013895430226738656
280,1.0,0.9999999999999998,0.018981682134774053
281,1.0,0.9999999999999998,0.021364439282685076
282,1.0,0.9999999999999998,0.033532856844281075
283,1.0,0.9999999999999998,0.008005178034162869
284,1.0,0.9999999999999998,0.00992424783043893
285,1.0,0.9999999999999998,0.013498369038527275
286,1.0,0.9999999999999998,0.01644785791377472
287,1.0,0.9999999999999998,0.026286985273519463
288,1.0,0.9999999999999998,0.0290937207842872
289,1.0,0.9999999999999998,0.010171438382620433
290,1.0,0.9999999999999998,0.010467356979666102
291,1.0,0.9999999999999998,0.010686926128569398
292,1.0,0.9999999999999998,0.017241935459095185
293,1.0,0.9999999999999998,0.013290632694899697
294,1.0,0.9999999999999998,0.014671398905604177
295,1.0,0.9999999999999998,0.03680139395028931
296,1.0,0.9999999999999998,0.011620827026302204
297,1.0,0.9999999999999998,0.014694936255132317
298,1.0,0.9999999999999998,0.04438494746578646
299,1.0,0.9999999999999998,0.036832316239543195
300,1.0,0.9999999999999998,0.007895634549182302
301,1.0,0.9999999999999998,0.012737274332259428
302,1.0,0.9999999999999998,0.010843091709257027
303,1.0,0.9999999999999998,0.016976784374118405
304,1.0,0.9999999999999998,0.01961901922799704
305,1.0,0.9999999999999998,0.016080005390273884
306,1.0,0.9999999999999998,0.009693196148132854
307,1.0,0.9999999999999998,0.0124439734780874
308,1.0,0.9999999999999998,0.012350238219242499
309,1.0,0.9999999999999998,0.030210814116649783
310,1.0,0.9999999999999998,0.011512173938934202
311,1.0,0.9999999999999998,0.015820491288235573
312,1.0,0.9999999999999998,0.007882270937546482
313,1.0,0.9999999999999998,0.016133286268507206
314,1.0,0.9999999999999998,0.017033506567563646
315,1.0,0.9999999999999998,0.008583548745277052
316,1.0,0.9999999999999998,0.029700747420986696
317,1.0,0.9999999999999998,0.02831449934823469
318,1.0,0.9999999999999998,0.034142015466853914
319,1.0,0.9999999999999998,0.016821535567780876
320,1.0,0.9999999999999998,0.024529975593161585
321,1.0,0.9999999999999998,0.038172952638542854
322,1.0,0.9999999999999998,0.030790201863253236
323,1.0,0.9999999999999998,0.026558323708874454
324,1.0,0.9999999999999998,0.016278979793901055
325,1.0,0.9999999999999998,0.017802161169824728
326,1.0,0.9999999999999998,0.02115883582196574
327,1.0,0.9999999999999998,0.019770207538862203
328,1.0,0.9999999999999998,0.01266145967385756
329,1.0,0.9999999999999998,0.03655689914290356
330,1.0,0.9999999999999998,0.006918911926987133
331,1.0,0.9999999999999998,0.009500386232687667
332,1.0,0.9999999999999998,0.014364794636473652
333,1.0,0.9999999999999998,0.02677247641072683
334,1.0,0.9999999999999998,0.011970577682529307
335,1.0,0.9999999999999998,0.016689136896852093
336,1.0,0.9999999999999998,0.01165607202789265
337,1.0,0.9999999999999998,0.010393846188352394
338,1.0,0.9999999999999998,0.013875183390130642
339,1.0,0.9999999999999998,0.012101400033912815
340,1.0,0.9999999999999998,0.011477895839366203
341,1.0,0.9999999999999998,0.010261860362323703
342,0.9761904761904763,0.9285714285714285,0.043592188777113024
343,1.0,0.9999999999999998,0.02013810873472404
344,1.0,0.9999999999999998,0.016876976882464742
345,1.0,0.9999999999999998,0.018271731271390423
346,1.0,0.9999999999999998,0.02041910652034821
347,1.0,0.9999999999999998,0.03905612472502992
348,1.0,0.9999999999999998,0.0111241539279881
349,1.0,0.9999999999999998,0.01851370494024629
350,1.0,0.9999999999999998,0.0030109926591539715
351,1.0,0.9999999999999998,0.02024044038492257
352,1.0,0.9999999999999998,0.013704796386424703
353,1.0,0.9999999999999998,0.010904733264919267
354,0.9761904761904763,0.9285714285714285,0.047324958102335474
355,1.0,0.9999999999999998,0.008971957884637748
356,1.0,0.9999999999999998,0.006809553786895822
357,1.0,0.9999999999999998,0.028382216734390696
358,1.0,0.9999999999999998,0.027908952061457333
359,1.0,0.9999999999999998,0.017965675449294366
360,1.0,0.9999999999999998,0.01579463129037991
361,1.0,0.9999999999999998,0.011564954035865188
362,1.0,0.9999999999999998,0.03394116010838182
363,1.0,0.9999999999999998,0.014934774429847406
364,1.0,0.9999999999999998,0.009229693871985155
365,1.0,0.9999999999999998,0.019559378159263938
366,1.0,0.9999999999999998,0.025603652592119573
367,1.0,0.9999999999999998,0.01707764294349158
368,1.0,0.9999999999999998,0.01355864196830247
369,1.0,0.9999999999999998,0.029323258354668473
370,1.0,0.9999999999999998,0.011702634921231525
371,1.0,0.9999999999999998,0.03404737887316912
372,1.0,0.9999999999999998,0.042500552062344224
373,1.0,0.9999999999999998,0.015534625305111453
374,1.0,0.9999999999999998,0.012297517630045413
375,1.0,0.9999999999999998,0.0170705354328992
376,1.0,0.9999999999999998,0.024892137607202013
377,1.0,0.9999999999999998,0.00835478898765303
378,1.0,0.9999999999999998,0.013138215729203394
379,1.0,0.9999999999999998,0.0229185453792373
380,1.0,0.9999999999999998,0.020032387504855267
381,1.0,0.9999999999999998,0.026054450476759056
382,1.0,0.9999999999999998,0.012769422357115714
383,1.0,0.9999999999999998,0.019270198395772133
384,1.0,0.9999999999999998,0.026392636033252224
385,1.0,0.9999999999999998,0.01171382556245848
386,1.0,0.9999999999999998,0.018183406823146064
387,1.0,0.9999999999999998,0.0022553657443394118
388,1.0,0.9999999999999998,0.016270668792216857
389,1.0,0.9999999999999998,0.015893698914865827
390,1.0,0.9999999999999998,0.03248603686577645
391,1.0,0.9999999999999998,0.03679094405032859
392,1.0,0.9999999999999998,0.020751702939260486
393,1.0,0.9999999999999998,0.0116308953560358
394,1.0,0.9999999999999998,0.03207206308269284
395,1.0,0.9999999999999998,0.025385486870500823
396,1.0,0.9999999999999998,0.014823721222108892
397,1.0,0.9999999999999998,0.023419708096177758
398,1.0,0.9999999999999998,0.033710746159624896
399,1.0,0.9999999999999998,0.02986858279137538
400,1.0,0.9999999999999998,0.020947252803998707
401,1.0,0.9999999999999998,0.02319754468337551
402,1.0,0.9999999999999998,0.02122784784064108
403,1.0,0.9999999999999998,0.016534256548646646
404,1.0,0.9999999999999998,0.0145995680159898
405,1.0,0.9999999999999998,0.02761066251867602
406,1.0,0.9999999999999998,0.019398561589605436
407,1.0,0.9999999999999998,0.024534724283350767
408,1.0,0.9999999999999998,0.016533111228699167
409,1.0,0.9999999999999998,0.027674170377980985
410,1.0,0.9999999999999998,0.021320282249392745
411,0.9761904761904763,0.9285714285714285,0.04677217682133428
412,1.0,0.9999999999999998,0.015433541928080413
413,1.0,0.9999999999999998,0.036219040259540244
414,1.0,0.9999999999999998,0.023176745553221967
415,1.0,0.9999999999999998,0.020781598640557362
416,1.0,0.9999999999999998,0.013286009035359994
417,1.0,0.9999999999999998,0.01246399010053717
418,1.0,0.9999999999999998,0.010128119344073164
419,1.0,0.9999999999999998,0.02430774746289363
420,1.0,0.9999999999999998,0.016111049431248872
421,1.0,0.9999999999999998,0.025312174020206787
422,1.0,0.9999999999999998,0.010684773775933937
423,1.0,0.9999999999999998,0.008624493299608932
424,1.0,0.9999999999999998,0.038653213177412646
425,1.0,0.9999999999999998,0.010443410507478768
426,1.0,0.9999999999999998,0.008411912899707844
427,1.0,0.9999999999999998,0.02629277897318249
428,1.0,0.9999999999999998,0.005959389721957163
429,1.0,0.9999999999999998,0.023739260108910462
430,1.0,0.9999999999999998,0.04214915406489194
431,1.0,0.9999999999999998,0.02564297916586275
432,1.0,0.9999999999999998,0.0430495359137528
433,1.0,0.9999999999999998,0.006240341013498414
434,1.0,0.9999999999999998,0.028303604967141106
435,1.0,0.9999999999999998,0.010219610678163842
436,1.0,0.9999999999999998,0.011751792507283157
437,1.0,0.9999999999999998,0.013025978978037638
438,1.0,0.9999999999999998,0.033915800455649056
439,1.0,0.9999999999999998,0.02365637408476099
440,1.0,0.9999999999999998,0.03480843934406933
441,1.0,0.9999999999999998,0.03547590334338131
442,1.0,0.9999999999999998,0.008957782372434518
443,1.0,0.9999999999999998,0.022764533077398896
444,1.0,0.9999999999999998,0.014966999055124358
445,1.0,0.9999999999999998,0.009135521985898877
446,1.0,0.9999999999999998,0.023531975390944572
447,1.0,0.9999999999999998,0.02186467371515874
448,1.0,0.9999999999999998,0.03609374088200569
449,1.0,0.9999999999999998,0.010112464913316736
450,1.0,0.9999999999999998,0.009308234532150697
451,1.0,0.9999999999999998,0.013716354599819638
452,1.0,0.9999999999999998,0.01650337079012728
453,1.0,0.9999999999999998,0.011525475439937968
454,1.0,0.9999999999999998,0.034222853977112916
455,1.0,0.9999999999999998,0.004006944491461224
456,1.0,0.9999999999999998,0.031293198018481246
457,1.0,0.9999999999999998,0.011459207910564685
458,1.0,0.9999999999999998,0.03529232479391483
459,1.0,0.9999999999999998,0.01926311607902647
460,0.9761904761904763,0.9285714285714285,0.038263561721847125
461,1.0,0.9999999999999998,0.014990994144933469
462,1.0,0.9999999999999998,0.014564819996715925
463,1.0,0.9999999999999998,0.048171914176444224
464,1.0,0.9999999999999998,0.009882338681500305
465,1.0,0.9999999999999998,0.009047240456416306
466,1.0,0.9999999999999998,0.03797489060675315
467,1.0,0.9999999999999998,0.016113714743445022
468,1.0,0.9999999999999998,0.007193848954244214
469,1.0,0.9999999999999998,0.013072509225754265
470,1.0,0.9999999999999998,0.03335568301432345
471,1.0,0.9999999999999998,0.039584347125597816
472,1.0,0.9999999999999998,0.01764208188018041
473,1.0,0.9999999999999998,0.032969364773149976
474,1.0,0.9999999999999998,0.020410543214942782
475,1.0,0.9999999999999998,0.007633551269338984
476,1.0,0.9999999999999998,0.035051086801245704
477,1.0,0.9999999999999998,0.03850267257677558
478,1.0,0.9999999999999998,0.017166900783004313
479,1.0,0.9999999999999998,0.009950644250330445
480,1.0,0.9999999999999998,0.03785623806385746
481,1.0,0.9999999999999998,0.010065836543504889
482,1.0,0.9999999999999998,0.020253204326610104
483,1.0,0.9999999999999998,0.009422171089391855
484,1.0,0.9999999999999998,0.014308968522700083
485,1.0,0.9999999999999998,0.014437114794316294
486,1.0,0.9999999999999998,0.026825681207351723
487,1.0,0.9999999999999998,0.009110762717908408
488,1.0,0.9999999999999998,0.017480436164631866
489,1.0,0.9999999999999998,0.0411697539259272
490,1.0,0.9999999999999998,0.022238864191829112
491,1.0,0.9999999999999998,0.0036508624231376963
492,1.0,0.9999999999999998,0.008912761141075351
493,1.0,0.9999999999999998,0.01735946641320619
494,1.0,0.9999999999999998,0.00457985493351129
495,1.0,0.9999999999999998,0.015987861792512416
496,1.0,0.9999999999999998,0.015927377746775086
497,1.0,0.9999999999999998,0.01215231201623379
498,1.0,0.9999999999999998,0.01683967418325351
499,1.0,0.9999999999999998,0.025069760900034536
500,1.0,0.9999999999999998,0.010556979187220955
501,1.0,0.9999999999999998,0.030954910033813746
502,1.0,0.9999999999999998,0.04181297848793241
503,1.0,0.9999999999999998,0.008663533833281986
504,1.0,0.9999999999999998,0.03679730071950491
505,1.0,0.9999999999999998,0.02557557611545746
506,1.0,0.9999999999999998,0.035804944875628186
507,1.0,0.9999999999999998,0.01238199534400241
508,1.0,0.9999999999999998,0.010097560984344466
509,1.0,0.9999999999999998,0.004558719184757941
510,1.0,0.9999999999999998,0.02425528523555507
511,1.0,0.9999999999999998,0.0076746811984376995
512,1.0,0.9999999999999998,0.037699353704375216
513,1.0,0.9999999999999998,0.004173619501389038
514,1.0,0.9999999999999998,0.01709140417765572
515,1.0,0.9999999999999998,0.029939424973490537
516,1.0,0.9999999999999998,0.011087573407077222
517,1.0,0.9999999999999998,0.037609947929466446
518,1.0,0.9999999999999998,0.007380802086032118
519,1.0,0.9999999999999998,0.012430015076298803
520,1.0,0.9999999999999998,0.03200396120922724
521,1.0,0.9999999999999998,0.010826120554066086
522,1.0,0.9999999999999998,0.024345144674350075
523,1.0,0.9999999999999998,0.010062087679782263
524,1.0,0.9999999999999998,0.00870262543595788
525,1.0,0.9999999999999998,0.014448226255544178
526,1.0,0.9999999999999998,0.003737376193457244
527,1.0,0.9999999999999998,0.023054172882336132
528,1.0,0.9999999999999998,0.010844739757583592
529,1.0,0.9999999999999998,0.004877242607247784
530,1.0,0.9999999999999998,0.006577797304304758
531,1.0,0.9999999999999998,0.027701986698974564
532,1.0,0.9999999999999998,0.03162527823332869
533,1.0,0.9999999999999998,0.023588126416129902
534,1.0,0.9999999999999998,0.015114203038014355
535,1.0,0.9999999999999998,0.007576038318584534
536,1.0,0.9999999999999998,0.006885899229078625
537,1.0,0.9999999999999998,0.012919466325998177
538,1.0,0.9999999999999998,0.024682758627626686
539,1.0,0.9999999999999998,0.021669734913642852
540,1.0,0.9999999999999998,0.03583727740913429
541,1.0,0.9999999999999998,0.009101650853754036
542,1.0,0.9999999999999998,0.018492155864113277
543,1.0,0.9999999999999998,0.033428659091474834
544,1.0,0.9999999999999998,0.0200622365667597
545,1.0,0.9999999999999998,0.008693231102385554
546,1.0,0.9999999999999998,0.011789875968036698
547,1.0,0.9999999999999998,0.017218725484863272
548,1.0,0.9999999999999998,0.009847355235837067
549,1.0,0.9999999999999998,0.03697256103171146
550,1.0,0.9999999999999998,0.03375593135449637
551,1.0,0.9999999999999998,0.025827417209588338
552,1.0,0.9999999999999998,0.003089281163394242
553,1.0,0.9999999999999998,0.01199419988152707
554,1.0,0.9999999999999998,0.018568177446692813
555,1.0,0.9999999999999998,0.03103236957079898
556,1.0,0.9999999999999998,0.010533993264470722
557,1.0,0.9999999999999998,0.011513201329167846
558,1.0,0.9999999999999998,0.0057480606755723265
559,1.0,0.9999999999999998,0.029210110250692076
560,1.0,0.9999999999999998,0.006700188628208155
561,1.0,0.9999999999999998,0.030498305176938058
562,1.0,0.9999999999999998,0.012683410156104247
563,1.0,0.9999999999999998,0.03555328235465731
564,1.0,0.9999999999999998,0.00866273904734171
565,1.0,0.9999999999999998,0.02654250104883516
566,1.0,0.9999999999999998,0.014642731267435677
567,1.0,0.9999999999999998,0.016298349040768247
568,1.0,0.9999999999999998,0.010526776552083943
569,1.0,0.9999999999999998,0.022324595740873802
570,1.0,0.9999999999999998,0.01808316093025123
571,1.0,0.9999999999999998,0.009647795977322723
572,1.0,0.9999999999999998,0.015588317512785596
573,1.0,0.9999999999999998,0.005949567909214075
574,1.0,0.9999999999999998,0.015736483815904645
575,1.0,0.9999999999999998,0.016181546965106097
576,1.0,0.9999999999999998,0.006437952726211581
577,1.0,0.9999999999999998,0.008591378331597566
578,1.0,0.9999999999999998,0.021507333734065194
579,1.0,0.9999999999999998,0.04180670767030022
580,1.0,0.9999999999999998,0.04245242479238544
581,1.0,0.9999999999999998,0.026147095606181683
582,1.0,0.9999999999999998,0.019695480340896722
583,1.0,0.9999999999999998,0.025642045912657896
584,1.0,0.9999999999999998,0.016652544452424922
585,0.9761904761904763,0.9285714285714285,0.05329761574034078
586,1.0,0.9999999999999998,0.004699913590543357
587,1.0,0.9999999999999998,0.01414340788271215
588,1.0,0.9999999999999998,0.013421232857827377
589,1.0,0.9999999999999998,0.04077744141033903
590,1.0,0.9999999999999998,0.008865462272664514
591,1.0,0.9999999999999998,0.032333348782979124
592,1.0,0.9999999999999998,0.010928527236962748
593,1.0,0.9999999999999998,0.014927963797145498
594,1.0,0.9999999999999998,0.013125603225920587
595,1.0,0.9999999999999998,0.016993155028025043
596,1.0,0.9999999999999998,0.006007161952680445
597,1.0,0.9999999999999998,0.02029581609051173
598,1.0,0.9999999999999998,0.010704294270810537
599,1.0,0.9999999999999998,0.008901526415295673
600,1.0,0.9999999999999998,0.01641398962397913
601,1.0,0.9999999999999998,0.016812509634069432
602,1.0,0.9999999999999998,0.013589211725996905
603,1.0,0.9999999999999998,0.02474229661061498
604,1.0,0.9999999999999998,0.012813036285211611
605,1.0,0.9999999999999998,0.014204976178472106
606,1.0,0.9999999999999998,0.014462767526969844
607,1.0,0.9999999999999998,0.03036779903630786
608,1.0,0.9999999999999998,0.013817432282255494
609,1.0,0.9999999999999998,0.024699499012166913
610,1.0,0.9999999999999998,0.026796004148585288
611,1.0,0.9999999999999998,0.03451244827194952
612,1.0,0.9999999999999998,0.006962697354270693
613,1.0,0.9999999999999998,0.011275248737299917
614,1.0,0.9999999999999998,0.009026525413937385
615,1.0,0.9999999999999998,0.046874249673522536
616,1.0,0.9999999999999998,0.03000642087171365
617,1.0,0.9999999999999998,0.010306231407381315
618,1.0,0.9999999999999998,0.007646972805911499
619,1.0,0.9999999999999998,0.0044906025910770656
620,1.0,0.9999999999999998,0.007614769412274569
621,1.0,0.9999999999999998,0.03277141353124582
622,1.0,0.9999999999999998,0.015348196252818698
623,1.0,0.9999999999999998,0.007223124005727159
624,1.0,0.9999999999999998,0.02532258786882411
625,1.0,0.9999999999999998,0.008969957648388878
626,1.0,0.9999999999999998,0.024049748946429972
627,1.0,0.9999999999999998,0.022148609332420903
628,1.0,0.9999999999999998,0.01614666541286161
629,1.0,0.9999999999999998,0.019166014625522934
630,1.0,0.9999999999999998,0.006224465344313396
631,1.0,0.9999999999999998,0.029616554622523307
632,1.0,0.9999999999999998,0.01687236690777094
633,1.0,0.9999999999999998,0.015675942839319744
634,1.0,0.9999999999999998,0.02916678869261044
635,1.0,0.9999999999999998,0.014212225878168401
636,0.9761904761904763,0.9285714285714285,0.04068175438788891
637,1.0,0.9999999999999998,0.04027531981917964
638,1.0,0.9999999999999998,0.029318324450201973
639,1.0,0.9999999999999998,0.008986887815910297
640,1.0,0.9999999999999998,0.014154593651969721
641,1.0,0.9999999999999998,0.006932248668593294
642,1.0,0.9999999999999998,0.024586093481664108
643,1.0,0.9999999999999998,0.012843741102551952
644,1.0,0.9999999999999998,0.022685238121539324
645,1.0,0.9999999999999998,0.021657842944085175
646,1.0,0.9999999999999998,0.012503538712041455
647,1.0,0.9999999999999998,0.019187181152472296
648,1.0,0.9999999999999998,0.03773525472192392
649,1.0,0.9999999999999998,0.022670127770781513
650,1.0,0.9999999999999998,0.010115211307616917
651,1.0,0.9999999999999998,0.02758020462075366
652,1.0,0.9999999999999998,0.03907848147100715
653,1.0,0.9999999999999998,0.03168989612643511
654,1.0,0.9999999999999998,0.012870311796978395
655,1.0,0.9999999999999998,0.016772377069484812
656,1.0,0.9999999999999998,0.022518913348328007
657,1.0,0.9999999999999998,0.03580537231265551
658,1.0,0.9999999999999998,0.010107773033131685
659,1.0,0.9999999999999998,0.016718252814899297
660,1.0,0.9999999999999998,0.02000699086249938
661,1.0,0.9999999999999998,0.026176276716007314
662,1.0,0.9999999999999998,0.014114463928411543
663,1.0,0.9999999999999998,0.01026586572037063
664,1.0,0.9999999999999998,0.033449908060818406
665,1.0,0.9999999999999998,0.026409358360747447
666,1.0,0.9999999999999998,0.02469733264825954
667,1.0,0.9999999999999998,0.036663667310741895
668,1.0,0.9999999999999998,0.012601753461321134
669,1.0,0.9999999999999998,0.021753662778071246
670,1.0,0.9999999999999998,0.0052214745695567735
671,1.0,0.9999999999999998,0.01050274169259164
672,1.0,0.9999999999999998,0.01240828018427586
673,1.0,0.9999999999999998,0.004986641383948304
674,1.0,0.9999999999999998,0.015535886559915911
675,1.0,0.9999999999999998,0.04175482688142101
676,1.0,0.9999999999999998,0.015928322655344163
677,1.0,0.9999999999999998,0.022930800291724757
678,1.0,0.9999999999999998,0.011815750377975658
679,1.0,0.9999999999999998,0.028099828177347443
680,0.9761904761904763,0.9285714285714285,0.03882610483058147
681,1.0,0.9999999999999998,0.04069593125017772
682,1.0,0.9999999999999998,0.02020709843157696
683,1.0,0.9999999999999998,0.028975684464334517
684,1.0,0.9999999999999998,0.02123139312260145
685,1.0,0.9999999999999998,0.02973385365736144
686,1.0,0.9999999999999998,0.014446478994976503
687,1.0,0.9999999999999998,0.013223673572910426
688,1.0,0.9999999999999998,0.011990869013363104
689,1.0,0.9999999999999998,0.009489948133107912
690,1.0,0.9999999999999998,0.018152844254263112
691,1.0,0.9999999999999998,0.014147234319933297
692,1.0,0.9999999999999998,0.01481342784690394
693,1.0,0.9999999999999998,0.018005948433288878
694,1.0,0.9999999999999998,0.00946247109975195
695,1.0,0.9999999999999998,0.0026983864638819993
696,1.0,0.9999999999999998,0.017480409444279955
697,1.0,0.9999999999999998,0.012873947033347051
698,1.0,0.9999999999999998,0.01174141024865212
699,1.0,0.9999999999999998,0.02986540739291489
700,1.0,0.9999999999999998,0.008356779670079473
701,1.0,0.9999999999999998,0.0146570377687587
702,1.0,0.9999999999999998,0.007313021860047404
703,1.0,0.9999999999999998,0.009363977251921382
704,1.0,0.9999999999999998,0.01244503407770392
705,1.0,0.9999999999999998,0.014637668459621507
706,1.0,0.9999999999999998,0.01613876161015019
707,1.0,0.9999999999999998,0.011255090009674694
708,1.0,0.9999999999999998,0.031131136011542083
709,1.0,0.9999999999999998,0.021393032151907056
710,1.0,0.9999999999999998,0.014255879136272999
711,1.0,0.9999999999999998,0.018994857099420885
712,1.0,0.9999999999999998,0.014926217697948115
713,1.0,0.9999999999999998,0.015367565028792697
714,1.0,0.9999999999999998,0.007201362741040086
715,1.0,0.9999999999999998,0.03218558365047295
716,1.0,0.9999999999999998,0.018014712764073508
717,1.0,0.9999999999999998,0.007754876341488602
718,1.0,0.9999999999999998,0.02146455738538767
719,1.0,0.9999999999999998,0.030103361050403586
720,1.0,0.9999999999999998,0.009586903321582435
721,1.0,0.9999999999999998,0.007831942306557496
722,1.0,0.9999999999999998,0.009833425800562609
723,1.0,0.9999999999999998,0.012917408473469338
724,1.0,0.9999999999999998,0.013086577576422814
725,1.0,0.9999999999999998,0.01283142916539426
726,1.0,0.9999999999999998,0.009565427527733386
727,1.0,0.9999999999999998,0.040551575131763815
728,1.0,0.9999999999999998,0.03919007739406895
729,1.0,0.9999999999999998,0.01837064507439836
730,1.0,0.9999999999999998,0.017144967437279397
731,1.0,0.9999999999999998,0.004275974164910858
732,1.0,0.9999999999999998,0.015738497131149262
733,1.0,0.9999999999999998,0.02915983177101581
734,1.0,0.9999999999999998,0.009934831383553458
735,1.0,0.9999999999999998,0.01485821049158096
736,1.0,0.9999999999999998,0.03354327808002538
737,1.0,0.9999999999999998,0.030730438819702457
738,1.0,0.9999999999999998,0.01791061529200654
739,1.0,0.9999999999999998,0.03374846445425022
740,1.0,0.9999999999999998,0.008841994749577822
741,1.0,0.9999999999999998,0.03504880960473243
742,1.0,0.9999999999999998,0.015563446935617502
743,1.0,0.9999999999999998,0.005570135618806149
744,1.0,0.9999999999999998,0.006714563194475089
745,1.0,0.9999999999999998,0.008832136192538836
746,1.0,0.9999999999999998,0.012262388913144094
747,1.0,0.9999999999999998,0.012219632307589538
748,1.0,0.9999999999999998,0.03378010013906098
749,1.0,0.9999999999999998,0.014237974965900443
750,1.0,0.9999999999999998,0.026052931098484867
751,1.0,0.9999999999999998,0.024204391159636005
752,1.0,0.9999999999999998,0.012863207269492728
753,1.0,0.9999999999999998,0.04023885006809033
754,1.0,0.9999999999999998,0.012779910076908423
755,1.0,0.9999999999999998,0.004489058496853868
756,1.0,0.9999999999999998,0.016325472529128998
757,1.0,0.9999999999999998,0.03505653338646854
758,1.0,0.9999999999999998,0.01388076587579793
759,1.0,0.9999999999999998,0.009310421797270908
760,1.0,0.9999999999999998,0.0065162082857766965
761,1.0,0.9999999999999998,0.009686577085897194
762,1.0,0.9999999999999998,0.028676067697876798
763,1.0,0.9999999999999998,0.022129815734539107
764,1.0,0.9999999999999998,0.008653738476069754
765,1.0,0.9999999999999998,0.014190100620872989
766,1.0,0.9999999999999998,0.013118901496005447
767,1.0,0.9999999999999998,0.004287465001772434
768,1.0,0.9999999999999998,0.017873263469423417
769,1.0,0.9999999999999998,0.003392839192117081
770,1.0,0.9999999999999998,0.010916500947150874
771,1.0,0.9999999999999998,0.004565106847361292
772,1.0,0.9999999999999998,0.02477589282524889
773,1.0,0.9999999999999998,0.015363618042216282
774,1.0,0.9999999999999998,0.013050818824750857
775,1.0,0.9999999999999998,0.010074253777453877
776,1.0,0.9999999999999998,0.025707145438674833
777,1.0,0.9999999999999998,0.008954045970325501
778,1.0,0.9999999999999998,0.042164577066615236
779,1.0,0.9999999999999998,0.03013229256185533
780,1.0,0.9999999999999998,0.019620187597368305
781,1.0,0.9999999999999998,0.03072850526464528
782,1.0,0.9999999999999998,0.006636961933149763
783,1.0,0.9999999999999998,0.009498290755555257
784,1.0,0.9999999999999998,0.01123653487682285
785,1.0,0.9999999999999998,0.02901763753432978
786,1.0,0.9999999999999998,0.010833325954802554
787,1.0,0.9999999999999998,0.010157224291002583
788,1.0,0.9999999999999998,0.008777901671079232
789,1.0,0.9999999999999998,0.012598787952460985
790,1.0,0.9999999999999998,0.03366680325372708
791,1.0,0.9999999999999998,0.01815965124377481
792,1.0,0.9999999999999998,0.0179920425890132
793,1.0,0.9999999999999998,0.01212338110881564
794,1.0,0.9999999999999998,0.02048679948083803
795,1.0,0.9999999999999998,0.04598868919136365
796,1.0,0.9999999999999998,0.009080552595203656
797,1.0,0.9999999999999998,0.018881351541210144
798,1.0,0.9999999999999998,0.022417295186715258
799,1.0,0.9999999999999998,0.032660706312899766
800,1.0,0.9999999999999998,0.009600646249093014
801,1.0,0.9999999999999998,0.019037905820725468
802,1.0,0.9999999999999998,0.018482384307546493
803,1.0,0.9999999999999998,0.01849937425921861
804,1.0,0.9999999999999998,0.013665690630051831
805,1.0,0.9999999999999998,0.014624736587339732
806,1.0,0.9999999999999998,0.012794066075485652
807,1.0,0.9999999999999998,0.010512108164220185
808,1.0,0.9999999999999998,0.010736716024949182
809,1.0,0.9999999999999998,0.01974750328345965
810,1.0,0.9999999999999998,0.006042555158929597
811,1.0,0.9999999999999998,0.013160063024191558
812,1.0,0.9999999999999998,0.0237413220382251
813,1.0,0.9999999999999998,0.02166179877727723
814,1.0,0.9999999999999998,0.025945181176833233
815,1.0,0.9999999999999998,0.009080772389472948
816,1.0,0.9999999999999998,0.010141435938149389
817,1.0,0.9999999999999998,0.00979268292983132
818,1.0,0.9999999999999998,0.025651568296123035
819,1.0,0.9999999999999998,0.029205316671528023
820,1.0,0.9999999999999998,0.017253409357969117
821,1.0,0.9999999999999998,0.020766807594868875
822,1.0,0.9999999999999998,0.03130849259757577
823,1.0,0.9999999999999998,0.024453816177889283
824,1.0,0.9999999999999998,0.015651317877797638
825,1.0,0.9999999999999998,0.01098151749013538
826,1.0,0.9999999999999998,0.0244161424122447
827,1.0,0.9999999999999998,0.007831496693548282
828,1.0,0.9999999999999998,0.02910724373523768
829,1.0,0.9999999999999998,0.01021398946540019
830,1.0,0.9999999999999998,0.011065794367188991
831,1.0,0.9999999999999998,0.016224277548959595
832,1.0,0.9999999999999998,0.04367909728875614
833,1.0,0.9999999999999998,0.012593488356408118
834,1.0,0.9999999999999998,0.0077196282446009845
835,1.0,0.9999999999999998,0.01613212571650228
836,1.0,0.9999999999999998,0.008016350936358059
837,1.0,0.9999999999999998,0.023174547623444106
838,1.0,0.9999999999999998,0.036655455034217015
839,1.0,0.9999999999999998,0.031136386546582587
840,1.0,0.9999999999999998,0.02429819070600807
841,1.0,0.9999999999999998,0.032061134375917975
842,1.0,0.9999999999999998,0.031208411510759454
843,1.0,0.9999999999999998,0.0176206821438145
844,1.0,0.9999999999999998,0.029583943716133557
845,1.0,0.9999999999999998,0.008021883217832634
846,1.0,0.9999999999999998,0.018711369380633357
847,1.0,0.9999999999999998,0.048259294650329056
848,1.0,0.9999999999999998,0.016573072639036505
849,1.0,0.9999999999999998,0.004987257366806143
850,1.0,0.9999999999999998,0.030670587362512984
851,1.0,0.9999999999999998,0.010128013592797344
852,1.0,0.9999999999999998,0.016558304502927425
853,1.0,0.9999999999999998,0.013063723686352023
854,1.0,0.9999999999999998,0.005151754053299221
855,1.0,0.9999999999999998,0.027597190567469267
856,1.0,0.9999999999999998,0.02245227646849702
857,1.0,0.9999999999999998,0.024545060953417
858,1.0,0.9999999999999998,0.03775352260076748
859,1.0,0.9999999999999998,0.01388726287159376
860,1.0,0.9999999999999998,0.005845632428885028
861,1.0,0.9999999999999998,0.015883930385259322
862,1.0,0.9999999999999998,0.02556192609682284
863,1.0,0.9999999999999998,0.014887846139638047
864,1.0,0.9999999999999998,0.010572286576075729
865,1.0,0.9999999999999998,0.01993810419760763
866,1.0,0.9999999999999998,0.01560181736145784
867,1.0,0.9999999999999998,0.043922560616662644
868,1.0,0.9999999999999998,0.013276232105356611
869,1.0,0.9999999999999998,0.010663375261256991
870,1.0,0.9999999999999998,0.009717589053631667
871,1.0,0.9999999999999998,0.013273421767190395
872,1.0,0.9999999999999998,0.01145954092609975
873,1.0,0.9999999999999998,0.019578882454352596
874,1.0,0.9999999999999998,0.01883610211880201
875,1.0,0.9999999999999998,0.009644373831316166
876,1.0,0.9999999999999998,0.02607810662881046
877,1.0,0.9999999999999998,0.009718242180015345
878,1.0,0.9999999999999998,0.028516665203595457
879,1.0,0.9999999999999998,0.02614388356649385
880,1.0,0.9999999999999998,0.015520159933691234
881,1.0,0.9999999999999998,0.014574918521302965
882,1.0,0.9999999999999998,0.014499844907768712
883,1.0,0.9999999999999998,0.018370379508086218
884,1.0,0.9999999999999998,0.019161759106135635
885,1.0,0.9999999999999998,0.009518435712578967
886,1.0,0.9999999999999998,0.013313166905474884
887,1.0,0.9999999999999998,0.02604072836184288
888,1.0,0.9999999999999998,0.008900530119658329
889,1.0,0.9999999999999998,0.019056611636410842
890,1.0,0.9999999999999998,0.007694971588102541
891,1.0,0.9999999999999998,0.003499756822744178
892,1.0,0.9999999999999998,0.013113111982652088
893,1.0,0.9999999999999998,0.012384167964460138
894,1.0,0.9999999999999998,0.014087969356331928
895,1.0,0.9999999999999998,0.0327303067515993
896,1.0,0.9999999999999998,0.011412860216608443
897,1.0,0.9999999999999998,0.010017085049889941
898,1.0,0.9999999999999998,0.024142354502892302
899,1.0,0.9999999999999998,0.01846992686560229
900,1.0,0.9999999999999998,0.011824370177200907
901,1.0,0.9999999999999998,0.021760860925981645
902,1.0,0.9999999999999998,0.009879011729540838
903,1.0,0.9999999999999998,0.014431883612869706
904,1.0,0.9999999999999998,0.011335181750247288
905,1.0,0.9999999999999998,0.02394255339607547
906,1.0,0.9999999999999998,0.008280831172639273
907,1.0,0.9999999999999998,0.021939923865626508
908,1.0,0.9999999999999998,0.026991834297322784
909,1.0,0.9999999999999998,0.019709946481134395
910,1.0,0.9999999999999998,0.03073538857496158
911,1.0,0.9999999999999998,0.031486738618557074
912,1.0,0.9999999999999998,0.014253625325943008
913,1.0,0.9999999999999998,0.03923977997857218
914,1.0,0.9999999999999998,0.01410481321956647
915,1.0,0.9999999999999998,0.029413004263612798
916,1.0,0.9999999999999998,0.027793090700495328
917,1.0,0.9999999999999998,0.0053250841993889575
918,1.0,0.9999999999999998,0.009683408683485058
919,1.0,0.9999999999999998,0.014752115101449581
920,1.0,0.9999999999999998,0.0299362254641779
921,1.0,0.9999999999999998,0.011732869318075781
922,1.0,0.9999999999999998,0.028071591548493605
923,1.0,0.9999999999999998,0.029310162788251035
924,1.0,0.9999999999999998,0.006223367061380228
925,1.0,0.9999999999999998,0.03018591884302871
926,1.0,0.9999999999999998,0.0076543484751902535
927,1.0,0.9999999999999998,0.011455346025841112
928,1.0,0.9999999999999998,0.016459491526235458
929,1.0,0.9999999999999998,0.012994295837964985
930,1.0,0.9999999999999998,0.015651929167183207
931,1.0,0.9999999999999998,0.014456074338658295
932,1.0,0.9999999999999998,0.01450162623710026
933,1.0,0.9999999999999998,0.010350125305685708
934,1.0,0.9999999999999998,0.017884812034248458
935,1.0,0.9999999999999998,0.01287351547021378
936,1.0,0.9999999999999998,0.009797184526348271
937,1.0,0.9999999999999998,0.035129260923844795
938,1.0,0.9999999999999998,0.010032228062169517
939,1.0,0.9999999999999998,0.01118005174785134
940,1.0,0.9999999999999998,0.010210325780782618
941,1.0,0.9999999999999998,0.032064867555231406
942,1.0,0.9999999999999998,0.010184944759995276
943,1.0,0.9999999999999998,0.02357725326449954
944,1.0,0.9999999999999998,0.00866285518996033
945,1.0,0.9999999999999998,0.007612609993188718
946,1.0,0.9999999999999998,0.021213040052942334
947,1.0,0.9999999999999998,0.029944516493991748
948,1.0,0.9999999999999998,0.01292026392988125
949,1.0,0.9999999999999998,0.01402257888035513
950,1.0,0.9999999999999998,0.021090680362846226
951,1.0,0.9999999999999998,0.02218183989309206
952,1.0,0.9999999999999998,0.016722083914017673
953,1.0,0.9999999999999998,0.009426163860469891
954,1.0,0.9999999999999998,0.020110394145143352
955,1.0,0.9999999999999998,0.01863182784361922
956,1.0,0.9999999999999998,0.023209295977484987
957,1.0,0.9999999999999998,0.03250578444161899
958,1.0,0.9999999999999998,0.026253162665756065
959,1.0,0.9999999999999998,0.02084481016115966
960,1.0,0.9999999999999998,0.013732458521345178
961,1.0,0.9999999999999998,0.013255463788823973
962,1.0,0.9999999999999998,0.015377323163239386
963,1.0,0.9999999999999998,0.010583000519725688
964,1.0,0.9999999999999998,0.018683342382414418
965,1.0,0.9999999999999998,0.020902198012196643
966,1.0,0.9999999999999998,0.009647978707368575
967,1.0,0.9999999999999998,0.014287612196974775
968,1.0,0.9999999999999998,0.04373839864171278
969,1.0,0.9999999999999998,0.024686158884586862
970,1.0,0.9999999999999998,0.012046951178593023
971,1.0,0.9999999999999998,0.02276988318150392
972,1.0,0.9999999999999998,0.029414208751581558
973,1.0,0.9999999999999998,0.01784333059358352
974,1.0,0.9999999999999998,0.014648283025703895
975,1.0,0.9999999999999998,0.00760076004287441
976,1.0,0.9999999999999998,0.016743513006105708
977,1.0,0.9999999999999998,0.02606522047234853
978,1.0,0.9999999999999998,0.02947505863934541
979,1.0,0.9999999999999998,0.008013526622393817
980,1.0,0.9999999999999998,0.009438686086831391
981,1.0,0.9999999999999998,0.013962794030433281
982,1.0,0.9999999999999998,0.015251007912418964
983,1.0,0.9999999999999998,0.020067940158805503
984,1.0,0.9999999999999998,0.0059382790097650615
985,1.0,0.9999999999999998,0.012216991185822805
986,1.0,0.9999999999999998,0.007726771443801454
987,1.0,0.9999999999999998,0.011501160489574128
988,1.0,0.9999999999999998,0.012644874743194437
989,1.0,0.9999999999999998,0.03508267313751481
990,1.0,0.9999999999999998,0.009323907738287257
991,1.0,0.9999999999999998,0.025409655366708285
992,1.0,0.9999999999999998,0.031210134346220685
993,1.0,0.9999999999999998,0.00764550447731871
994,1.0,0.9999999999999998,0.02319290392313785
995,1.0,0.9999999999999998,0.022941842042000518
996,1.0,0.9999999999999998,0.011438171126160218
997,1.0,0.9999999999999998,0.037860863536870105
998,1.0,0.9999999999999998,0.01935821993000479
999,1.0,0.9999999999999998,0.04178216434055119
1000,1.0,0.9999999999999998,0.006232398251999179
1001,1.0,0.9999999999999998,0.02010984077018379
1002,1.0,0.9999999999999998,0.013722834928385733
1003,1.0,0.9999999999999998,0.016539874318477935
1004,1.0,0.9999999999999998,0.011503618997092839
1005,1.0,0.9999999999999998,0.006767980173687932
1006,1.0,0.9999999999999998,0.01331343869891334
1007,1.0,0.9999999999999998,0.04468178188671697
1008,1.0,0.9999999999999998,0.03602815973970587
1009,1.0,0.9999999999999998,0.0043526130466563576
1010,1.0,0.9999999999999998,0.032939322231609294
1011,1.0,0.9999999999999998,0.013903791085762611
1012,1.0,0.9999999999999998,0.010504551691277675
1013,1.0,0.9999999999999998,0.010042616009768843
1014,1.0,0.9999999999999998,0.005691298612471557
1015,1.0,0.9999999999999998,0.010758191799895456
1016,1.0,0.9999999999999998,0.017276434841275175
1017,1.0,0.9999999999999998,0.024641126410672308
1018,1.0,0.9999999999999998,0.016931785615009437
1019,1.0,0.9999999999999998,0.019559138326240705
1020,1.0,0.9999999999999998,0.008751033624025031
1021,1.0,0.9999999999999998,0.016256696352644685
1022,1.0,0.9999999999999998,0.010522019590806307
1023,1.0,0.9999999999999998,0.01985410231958954
1024,1.0,0.9999999999999998,0.02070415299342939
1025,1.0,0.9999999999999998,0.014008600632515293
1026,1.0,0.9999999999999998,0.02916226854209953
1027,1.0,0.9999999999999998,0.008056143345112107
1028,1.0,0.9999999999999998,0.0169980049253197
1029,1.0,0.9999999999999998,0.00910497400278041
1030,1.0,0.9999999999999998,0.007912193426599178
1031,1.0,0.9999999999999998,0.03329931110642934
1032,1.0,0.9999999999999998,0.01882318520211708
1033,1.0,0.9999999999999998,0.015262657602323343
1034,1.0,0.9999999999999998,0.0216961671990192
1035,1.0,0.9999999999999998,0.0163650419927978
1036,1.0,0.9999999999999998,0.015073793549481018
1037,1.0,0.9999999999999998,0.017730170188172592
1038,1.0,0.9999999999999998,0.03695233931399411
1039,1.0,0.9999999999999998,0.01213982443000581
1040,1.0,0.9999999999999998,0.025452313982025167
1041,1.0,0.9999999999999998,0.005518088074466881
1042,1.0,0.9999999999999998,0.02302056788930095
1043,1.0,0.9999999999999998,0.01289928824713761
1044,1.0,0.9999999999999998,0.009253316553055765
1045,1.0,0.9999999999999998,0.025095788852497275
1046,1.0,0.9999999999999998,0.017226949989616512
1047,1.0,0.9999999999999998,0.00757896175767165
1048,1.0,0.9999999999999998,0.020314528404236323
1049,1.0,0.9999999999999998,0.01086826210650392
1050,1.0,0.9999999999999998,0.008801672728359577
1051,1.0,0.9999999999999998,0.01654091501723074
1052,1.0,0.9999999999999998,0.01908136651700206
1053,1.0,0.9999999999999998,0.012296512965132317
1054,1.0,0.9999999999999998,0.022372831737951362
1055,1.0,0.9999999999999998,0.008257695795144328
1056,1.0,0.9999999999999998,0.012870721046039216
1057,1.0,0.9999999999999998,0.03527181736873327
1058,1.0,0.9999999999999998,0.03359142056723963
1059,1.0,0.9999999999999998,0.012129249409826348
1060,1.0,0.9999999999999998,0.011683470185885933
1061,1.0,0.9999999999999998,0.008232680642122792
1062,1.0,0.9999999999999998,0.011729714633448046
1063,1.0,0.9999999999999998,0.007647423060358559
1064,1.0,0.9999999999999998,0.018007901407845923
1065,1.0,0.9999999999999998,0.025908560648591393
1066,1.0,0.9999999999999998,0.021433494740109353
1067,1.0,0.9999999999999998,0.011984150652761226
1068,1.0,0.9999999999999998,0.007521772995572572
1069,1.0,0.9999999999999998,0.014994890839304158
1070,1.0,0.9999999999999998,0.030289879039357898
1071,1.0,0.9999999999999998,0.006680256697955522
1072,1.0,0.9999999999999998,0.015541678150192549
1073,1.0,0.9999999999999998,0.023353363305555985
1074,1.0,0.9999999999999998,0.026538314051357495
1075,1.0,0.9999999999999998,0.042355448345720845
1076,1.0,0.9999999999999998,0.01826567452857282
1077,1.0,0.9999999999999998,0.020027929655224777
1078,1.0,0.9999999999999998,0.028426833907903848
1079,1.0,0.9999999999999998,0.012508528764466731
1080,1.0,0.9999999999999998,0.00765699111636689
1081,1.0,0.9999999999999998,0.023754056509161174
1082,1.0,0.9999999999999998,0.016230067123568087
1083,1.0,0.9999999999999998,0.02570280716782842
1084,1.0,0.9999999999999998,0.024135950763843242
1085,1.0,0.9999999999999998,0.011637694839219219
1086,1.0,0.9999999999999998,0.011676096379551984
1087,1.0,0.9999999999999998,0.007967546996487058
1088,1.0,0.9999999999999998,0.03496191024970323
1089,1.0,0.9999999999999998,0.03593600986933715
1090,1.0,0.9999999999999998,0.025770897096853963
1091,1.0,0.9999999999999998,0.033371949477892855
1092,1.0,0.9999999999999998,0.0218183441608657
1093,1.0,0.9999999999999998,0.031576914422548466
1094,1.0,0.9999999999999998,0.013467660980255439
1095,1.0,0.9999999999999998,0.025937492534263203
1096,1.0,0.9999999999999998,0.016485233618714852
1097,1.0,0.9999999999999998,0.014513394189478675
1098,1.0,0.9999999999999998,0.013965147690472385
1099,1.0,0.9999999999999998,0.020343876364044076
1100,1.0,0.9999999999999998,0.030077166246976275
1101,1.0,0.9999999999999998,0.023228742023976935
1102,1.0,0.9999999999999998,0.009478210541497334
1103,1.0,0.9999999999999998,0.02018150720207465
1104,1.0,0.9999999999999998,0.04081632825653097
1105,1.0,0.9999999999999998,0.009271261571660375
1106,1.0,0.9999999999999998,0.02465358696162872
1107,1.0,0.9999999999999998,0.02475694533065948
1108,1.0,0.9999999999999998,0.028167525686683195
1109,1.0,0.9999999999999998,0.020740297805585298
1110,1.0,0.9999999999999998,0.02971592137698742
1111,1.0,0.9999999999999998,0.008407068517171663
1112,1.0,0.9999999999999998,0.031683704527712644
1113,1.0,0.9999999999999998,0.02530834759808063
1114,1.0,0.9999999999999998,0.024187655124379648
1115,1.0,0.9999999999999998,0.012327769488024984
1116,1.0,0.9999999999999998,0.04117272629240551
1117,1.0,0.9999999999999998,0.012729624100049318
1118,1.0,0.9999999999999998,0.019468509706712593
1119,1.0,0.9999999999999998,0.015040024893286055
1120,1.0,0.9999999999999998,0.009619817368097555
1121,1.0,0.9999999999999998,0.01825908194707429
1122,1.0,0.9999999999999998,0.020155555848775264
1123,1.0,0.9999999999999998,0.03605780523461208
1124,1.0,0.9999999999999998,0.013501435307908219
1125,1.0,0.9999999999999998,0.010826869419546727
1126,1.0,0.9999999999999998,0.01290978036504671
1127,1.0,0.9999999999999998,0.015744922430318845
1128,1.0,0.9999999999999998,0.021580260545592964
1129,1.0,0.9999999999999998,0.018081023795431382
1130,1.0,0.9999999999999998,0.016252463562840352
1131,1.0,0.9999999999999998,0.025160559716428513
1132,1.0,0.9999999999999998,0.03328419167789363
1133,1.0,0.9999999999999998,0.02192149917256024
1134,1.0,0.9999999999999998,0.016267732595218055
1135,1.0,0.9999999999999998,0.009154562452242894
1136,1.0,0.9999999999999998,0.035549314929400035
1137,1.0,0.9999999999999998,0.025489079991125076
1138,1.0,0.9999999999999998,0.019501360595757064
1139,1.0,0.9999999999999998,0.015201848023747307
1140,1.0,0.9999999999999998,0.016105881485070674
1141,1.0,0.9999999999999998,0.03359199225627606
1142,1.0,0.9999999999999998,0.0200848515120107
1143,1.0,0.9999999999999998,0.015366617644296705
1144,1.0,0.9999999999999998,0.02775166304806531
1145,1.0,0.9999999999999998,0.02810907468921329
1146,1.0,0.9999999999999998,0.014173430374542155
1147,1.0,0.9999999999999998,0.025145453482298838
1148,1.0,0.9999999999999998,0.018115958071926827
1149,1.0,0.9999999999999998,0.0037869992513604386
1150,1.0,0.9999999999999998,0.023013911099797342
1151,1.0,0.9999999999999998,0.019133109982024395
1152,1.0,0.9999999999999998,0.027942992481229993
1153,1.0,0.9999999999999998,0.03909324723681145
1154,1.0,0.9999999999999998,0.005489952444912911
1155,1.0,0.9999999999999998,0.010614197988583929
1156,1.0,0.9999999999999998,0.03131438093996109
1157,1.0,0.9999999999999998,0.011142538195043843
1158,1.0,0.9999999999999998,0.004018796884593147
1159,1.0,0.9999999999999998,0.012428493809055391
1160,1.0,0.9999999999999998,0.007893336464682064
1161,1.0,0.9999999999999998,0.008908451352635044
1162,1.0,0.9999999999999998,0.014293298486145842
1163,1.0,0.9999999999999998,0.017839224264361644
1164,1.0,0.9999999999999998,0.026125448602365396
1165,1.0,0.9999999999999998,0.011138037491604628
1166,1.0,0.9999999999999998,0.029884211711584736
1167,1.0,0.9999999999999998,0.01659338270965706
1168,1.0,0.9999999999999998,0.035070997260347195
1169,1.0,0.9999999999999998,0.005315730126314908
1170,1.0,0.9999999999999998,0.01161928636879736
1171,1.0,0.9999999999999998,0.023433652716234835
1172,1.0,0.9999999999999998,0.015770546764630577
1173,1.0,0.9999999999999998,0.022657938722746795
1174,1.0,0.9999999999999998,0.019010398199923097
1175,1.0,0.9999999999999998,0.022087837977176256
1176,1.0,0.9999999999999998,0.011461601253776932
1177,1.0,0.9999999999999998,0.00912584161944189
1178,1.0,0.9999999999999998,0.019441432740268244
1179,1.0,0.9999999999999998,0.023903144860634523
1180,1.0,0.9999999999999998,0.03570542371119912
1181,0.9761904761904763,0.9285714285714285,0.03782789678950073
1182,1.0,0.9999999999999998,0.018981215017776158
1183,1.0,0.9999999999999998,0.04534244868830266
1184,1.0,0.9999999999999998,0.006160202290553349
1185,1.0,0.9999999999999998,0.019579720490938958
1186,1.0,0.9999999999999998,0.02717426380706573
1187,1.0,0.9999999999999998,0.040946391569413584
1188,1.0,0.9999999999999998,0.010784581778622356
1189,1.0,0.9999999999999998,0.012263570975459506
1190,1.0,0.9999999999999998,0.010497153381967696
1191,1.0,0.9999999999999998,0.007412328025605916
1192,1.0,0.9999999999999998,0.012817212969062498
1193,1.0,0.9999999999999998,0.016491634668343108
1194,1.0,0.9999999999999998,0.02861123682552434
1195,1.0,0.9999999999999998,0.013313377988959797
1196,1.0,0.9999999999999998,0.0270361130090706
1197,1.0,0.9999999999999998,0.008069008633353393
1198,1.0,0.9999999999999998,0.01327586491811679
1199,1.0,0.9999999999999998,0.029397962858426385
1200,1.0,0.9999999999999998,0.014605437459636168
1201,1.0,0.9999999999999998,0.020709381810805123
1202,1.0,0.9999999999999998,0.010634023764709337
1203,1.0,0.9999999999999998,0.015452802755662916
1204,1.0,0.9999999999999998,0.020834751816360346
1205,1.0,0.9999999999999998,0.017063759990730835
1206,0.9761904761904763,0.9285714285714285,0.036953021549928196
1207,1.0,0.9999999999999998,0.014045256891526373
1208,1.0,0.9999999999999998,0.011292136766783388
1209,1.0,0.9999999999999998,0.017367267840406868
1210,1.0,0.9999999999999998,0.006776276061071458
1211,1.0,0.9999999999999998,0.012619655176204746
1212,1.0,0.9999999999999998,0.020318065284882773
1213,1.0,0.9999999999999998,0.013618503899248749
1214,1.0,0.9999999999999998,0.025186779698231368
1215,1.0,0.9999999999999998,0.04070597591944381
1216,1.0,0.9999999999999998,0.010578085088075256
1217,1.0,0.9999999999999998,0.013591129973972771
1218,1.0,0.9999999999999998,0.014489301583457709
1219,1.0,0.9999999999999998,0.018061518800623545
1220,1.0,0.9999999999999998,0.0154693211272205
1221,1.0,0.9999999999999998,0.015390173535354261
1222,1.0,0.9999999999999998,0.014339828521149588
1223,1.0,0.9999999999999998,0.021011503112804093
1224,1.0,0.9999999999999998,0.022923930914063112
1225,1.0,0.9999999999999998,0.015562721441601833
1226,1.0,0.9999999999999998,0.00935950909333301
1227,1.0,0.9999999999999998,0.015002856506377567
1228,1.0,0.9999999999999998,0.032185838396490675
1229,1.0,0.9999999999999998,0.011701942369304143
1230,1.0,0.9999999999999998,0.011517969333011323
1231,1.0,0.9999999999999998,0.011945274236497841
1232,1.0,0.9999999999999998,0.024844359243768495
1233,1.0,0.9999999999999998,0.00796739749124982
1234,1.0,0.9999999999999998,0.004936336159594608
1235,1.0,0.9999999999999998,0.029361467716410454
1236,1.0,0.9999999999999998,0.019750584728721564
1237,1.0,0.9999999999999998,0.024200202165072203
1238,1.0,0.9999999999999998,0.00948132323215043
1239,1.0,0.9999999999999998,0.040061321143338
1240,1.0,0.9999999999999998,0.021105250265435242
1241,1.0,0.9999999999999998,0.008060337662843517
1242,1.0,0.9999999999999998,0.012396443242946531
1243,1.0,0.9999999999999998,0.03502462694546791
1244,1.0,0.9999999999999998,0.018969702204379026
1245,1.0,0.9999999999999998,0.012764824460451657
1246,1.0,0.9999999999999998,0.02092341800684218
1247,1.0,0.9999999999999998,0.024108569002026257
1248,1.0,0.9999999999999998,0.022697530941014822
1249,1.0,0.9999999999999998,0.024419478949833803
1250,1.0,0.9999999999999998,0.03768150771243902
1251,1.0,0.9999999999999998,0.026274605728511556
1252,1.0,0.9999999999999998,0.020782577891885125
1253,1.0,0.9999999999999998,0.03620221026925483
1254,1.0,0.9999999999999998,0.04419718452418464
1255,1.0,0.9999999999999998,0.018216180594061347
1256,1.0,0.9999999999999998,0.02813199829883449
1257,1.0,0.9999999999999998,0.022375125304859203
1258,1.0,0.9999999999999998,0.011123150383975246
1259,1.0,0.9999999999999998,0.0080764435386292
1260,1.0,0.9999999999999998,0.008596979143851442
1261,1.0,0.9999999999999998,0.017653329135125982
1262,1.0,0.9999999999999998,0.03129857219007605
1263,1.0,0.9999999999999998,0.03251059278760345
1264,1.0,0.9999999999999998,0.004420149451896428
1265,1.0,0.9999999999999998,0.015154569467597183
1266,1.0,0.9999999999999998,0.028976599494275813
1267,1.0,0.9999999999999998,0.023532027243067778
1268,1.0,0.9999999999999998,0.007062350111551319
1269,1.0,0.9999999999999998,0.009390255102857813
1270,1.0,0.9999999999999998,0.012080380670101948
1271,1.0,0.9999999999999998,0.007800206385515471
1272,1.0,0.9999999999999998,0.011705470262606668
1273,1.0,0.9999999999999998,0.016418907737627636
1274,1.0,0.9999999999999998,0.008479265440702835
1275,1.0,0.9999999999999998,0.03985026904895252
1276,1.0,0.9999999999999998,0.015132540558906747
1277,1.0,0.9999999999999998,0.0061418859036482115
1278,1.0,0.9999999999999998,0.03097858944140744
1279,1.0,0.9999999999999998,0.02623360097319386
1280,1.0,0.9999999999999998,0.0121708095264206
1281,1.0,0.9999999999999998,0.010912691310360219
1282,1.0,0.9999999999999998,0.012507278298826426
1283,1.0,0.9999999999999998,0.03863567488416861
1284,1.0,0.9999999999999998,0.02135702080027551
1285,1.0,0.9999999999999998,0.007497962076736427
1286,1.0,0.9999999999999998,0.009914016185301203
1287,1.0,0.9999999999999998,0.014111825526191356
1288,1.0,0.9999999999999998,0.011928618483407337
1289,1.0,0.9999999999999998,0.014443289548604923
1290,1.0,0.9999999999999998,0.029622518942287825
1291,1.0,0.9999999999999998,0.005371184267565554
1292,1.0,0.9999999999999998,0.011893593606266961
1293,1.0,0.9999999999999998,0.024373837357548625
1294,1.0,0.9999999999999998,0.02288895112867384
1295,1.0,0.9999999999999998,0.01375588310790865
1296,1.0,0.9999999999999998,0.03606790492431968
1297,1.0,0.9999999999999998,0.009288816571802312
1298,1.0,0.9999999999999998,0.027304743683136942
1299,1.0,0.9999999999999998,0.021407465614244073
1300,1.0,0.9999999999999998,0.025961192095647408
1301,1.0,0.9999999999999998,0.02407377578173721
1302,1.0,0.9999999999999998,0.045905579799991034
1303,1.0,0.9999999999999998,0.03381231421279767
1304,1.0,0.9999999999999998,0.01125240756713021
1305,1.0,0.9999999999999998,0.03033001696437397
1306,1.0,0.9999999999999998,0.04024853001696144
1307,1.0,0.9999999999999998,0.030182318749304556
1308,1.0,0.9999999999999998,0.010475249305828473
1309,1.0,0.9999999999999998,0.0332365881716036
1310,1.0,0.9999999999999998,0.03979148012344868
1311,1.0,0.9999999999999998,0.035744043576190064
1312,1.0,0.9999999999999998,0.022785019040725392
1313,1.0,0.9999999999999998,0.013662581166547783
1314,1.0,0.9999999999999998,0.0051158962260950125
1315,1.0,0.9999999999999998,0.009487973570245493
1316,1.0,0.9999999999999998,0.006547718588534687
1317,1.0,0.9999999999999998,0.015290686019690879
1318,1.0,0.9999999999999998,0.01441648213416196
1319,1.0,0.9999999999999998,0.02631707149167456
1320,1.0,0.9999999999999998,0.006068212899704752
1321,1.0,0.9999999999999998,0.013547270638679228
1322,1.0,0.9999999999999998,0.033213029983164305
1323,1.0,0.9999999999999998,0.018187052203101156
1324,1.0,0.9999999999999998,0.01755275116162181
1325,1.0,0.9999999999999998,0.03297152792090913
1326,1.0,0.9999999999999998,0.015014740385756335
1327,1.0,0.9999999999999998,0.02434194596542047
1328,1.0,0.9999999999999998,0.010028314538422102
1329,1.0,0.9999999999999998,0.041665210976852766
1330,1.0,0.9999999999999998,0.02025064430813555
1331,1.0,0.9999999999999998,0.010946435812407507
1332,1.0,0.9999999999999998,0.011575514805941288
1333,1.0,0.9999999999999998,0.025117535201929518
1334,1.0,0.9999999999999998,0.008882161860342568
1335,1.0,0.9999999999999998,0.0042631646610854085
1336,1.0,0.9999999999999998,0.01986490974978023
1337,1.0,0.9999999999999998,0.00811531888431255
1338,1.0,0.9999999999999998,0.024505678969212456
1339,1.0,0.9999999999999998,0.01676085331115698
1340,1.0,0.9999999999999998,0.01219616011161069
1341,1.0,0.9999999999999998,0.02109323148013178
1342,1.0,0.9999999999999998,0.017400012887905728
1343,1.0,0.9999999999999998,0.03526422430156593
1344,1.0,0.9999999999999998,0.007973915928615752
1345,1.0,0.9999999999999998,0.006237322686688626
1346,1.0,0.9999999999999998,0.013829599806561066
1347,1.0,0.9999999999999998,0.017055986046279073
1348,0.9761904761904763,0.9285714285714285,0.04609048155243588
1349,1.0,0.9999999999999998,0.020095638446911958
1350,1.0,0.9999999999999998,0.028584846428949102
1351,1.0,0.9999999999999998,0.021912010375850673
1352,1.0,0.9999999999999998,0.03202898087810406
1353,1.0,0.9999999999999998,0.027054794516528723
1354,1.0,0.9999999999999998,0.009113847261714166
1355,1.0,0.9999999999999998,0.014422263168678354
1356,1.0,0.9999999999999998,0.004840446935620926
1357,1.0,0.9999999999999998,0.0087978149149157
1358,1.0,0.9999999999999998,0.0054744565669705425
1359,1.0,0.9999999999999998,0.006461411403859363
1360,1.0,0.9999999999999998,0.010703213889603817
1361,1.0,0.9999999999999998,0.014917714746583259
1362,1.0,0.9999999999999998,0.013244004632920366
1363,1.0,0.9999999999999998,0.008669612323405157
1364,1.0,0.9999999999999998,0.02682136509945105
1365,1.0,0.9999999999999998,0.0114077426016065
1366,1.0,0.9999999999999998,0.02060644021224685
1367,1.0,0.9999999999999998,0.014214340695250023
1368,1.0,0.9999999999999998,0.015146064233186186
1369,1.0,0.9999999999999998,0.009124815271990938
1370,1.0,0.9999999999999998,0.016112155286338685
1371,1.0,0.9999999999999998,0.03526310550955618
1372,1.0,0.9999999999999998,0.007668344140926001
1373,1.0,0.9999999999999998,0.033142300861486
1374,1.0,0.9999999999999998,0.01413360121211496
1375,1.0,0.9999999999999998,0.011261023972022631
1376,1.0,0.9999999999999998,0.024710464141675118
1377,1.0,0.9999999999999998,0.03509205434711699
1378,1.0,0.9999999999999998,0.02517822398270969
1379,1.0,0.9999999999999998,0.019748649935941776
1380,1.0,0.9999999999999998,0.04321594518911111
1381,1.0,0.9999999999999998,0.00928783428972469
1382,1.0,0.9999999999999998,0.0067352473282513425
1383,1.0,0.9999999999999998,0.005516669066135377
1384,1.0,0.9999999999999998,0.026285765908089995
1385,1.0,0.9999999999999998,0.007092351582499733
1386,1.0,0.9999999999999998,0.015422403934090528
1387,1.0,0.9999999999999998,0.024719178435841704
1388,1.0,0.9999999999999998,0.01255731210632803
1389,1.0,0.9999999999999998,0.012107070457274556
1390,1.0,0.9999999999999998,0.0017972663724804966
1391,1.0,0.9999999999999998,0.01695183926319005
1392,1.0,0.9999999999999998,0.00699421244647494
1393,1.0,0.9999999999999998,0.011139902013337824
1394,1.0,0.9999999999999998,0.00925656646573339
1395,1.0,0.9999999999999998,0.018008046228922693
1396,1.0,0.9999999999999998,0.04252652334346276
1397,1.0,0.9999999999999998,0.01291245830899735
1398,1.0,0.9999999999999998,0.01535521485253287
1399,1.0,0.9999999999999998,0.017141120877666553
1400,1.0,0.9999999999999998,0.00964734926417636
1401,1.0,0.9999999999999998,0.0074294446071600795
1402,1.0,0.9999999999999998,0.01700469976509887
1403,1.0,0.9999999999999998,0.043001798146311276
1404,1.0,0.9999999999999998,0.03181004682927784
1405,1.0,0.9999999999999998,0.015595685254260722
1406,1.0,0.9999999999999998,0.00902581619307944
1407,1.0,0.9999999999999998,0.013271737737876418
1408,1.0,0.9999999999999998,0.017309643037342767
1409,1.0,0.9999999999999998,0.017920871315237688
1410,1.0,0.9999999999999998,0.03155172844074358
1411,1.0,0.9999999999999998,0.04210910170623902
1412,1.0,0.9999999999999998,0.020897839413156996
1413,1.0,0.9999999999999998,0.007921102495711263
1414,1.0,0.9999999999999998,0.009778964846291434
1415,1.0,0.9999999999999998,0.017686277782501383
1416,1.0,0.9999999999999998,0.018456789852038108
1417,1.0,0.9999999999999998,0.011728562269371433
1418,1.0,0.9999999999999998,0.011483661656811327
1419,1.0,0.9999999999999998,0.007891348240095346
1420,1.0,0.9999999999999998,0.007149377818180161
1421,1.0,0.9999999999999998,0.010962220376442879
1422,1.0,0.9999999999999998,0.028028794743328506
1423,1.0,0.9999999999999998,0.016758994717463678
1424,1.0,0.9999999999999998,0.024942241631236685
1425,1.0,0.9999999999999998,0.019382065257217557
1426,1.0,0.9999999999999998,0.03399815581506645
1427,1.0,0.9999999999999998,0.009938239011393582
1428,1.0,0.9999999999999998,0.0285946625627476
1429,1.0,0.9999999999999998,0.014573048964851627
1430,1.0,0.9999999999999998,0.01645842369827688
1431,1.0,0.9999999999999998,0.009388600584730913
1432,1.0,0.9999999999999998,0.013517362219466922
1433,1.0,0.9999999999999998,0.005653514996613304
1434,1.0,0.9999999999999998,0.01236353162979479
1435,1.0,0.9999999999999998,0.004935895779629794
1436,1.0,0.9999999999999998,0.01858105686805237
1437,1.0,0.9999999999999998,0.011093857882707343
1438,1.0,0.9999999999999998,0.006343972339075035
1439,1.0,0.9999999999999998,0.008098810282546852
1440,1.0,0.9999999999999998,0.03547610419817508
1441,1.0,0.9999999999999998,0.01684691693692411
1442,1.0,0.9999999999999998,0.011078915984984561
1443,1.0,0.9999999999999998,0.013589978767846997
1444,1.0,0.9999999999999998,0.028491614393170148
1445,1.0,0.9999999999999998,0.008034742694089922
1446,1.0,0.9999999999999998,0.011910776801894327
1447,1.0,0.9999999999999998,0.005291140615459773
1448,1.0,0.9999999999999998,0.016856781323295107
1449,1.0,0.9999999999999998,0.011679637781291871
1450,1.0,0.9999999999999998,0.015218028924932375
1451,1.0,0.9999999999999998,0.006675731906221664
1452,1.0,0.9999999999999998,0.02001669949618886
1453,1.0,0.9999999999999998,0.015298096743897115
1454,1.0,0.9999999999999998,0.019878368674727212
1455,1.0,0.9999999999999998,0.014971099508262871
1456,1.0,0.9999999999999998,0.015008464623283362
1457,1.0,0.9999999999999998,0.026908931473094963
1458,1.0,0.9999999999999998,0.01648272031068028
1459,1.0,0.9999999999999998,0.013944934032390145
1460,1.0,0.9999999999999998,0.019246187221939062
1461,1.0,0.9999999999999998,0.010507223426570969
1462,1.0,0.9999999999999998,0.020564801619212522
1463,1.0,0.9999999999999998,0.005301895236538602
1464,1.0,0.9999999999999998,0.030033153381420985
1465,1.0,0.9999999999999998,0.018140832428891106
1466,1.0,0.9999999999999998,0.025998229017008517
1467,1.0,0.9999999999999998,0.0311225646322337
1468,1.0,0.9999999999999998,0.013920606940482375
1469,1.0,0.9999999999999998,0.02009637807741383
1470,1.0,0.9999999999999998,0.013769127563391867
1471,1.0,0.9999999999999998,0.01835503221978462
1472,1.0,0.9999999999999998,0.016366967301423743
1473,1.0,0.9999999999999998,0.010039038074838677
1474,1.0,0.9999999999999998,0.020243166287236353
1475,1.0,0.9999999999999998,0.025591480490216992
1476,1.0,0.9999999999999998,0.017989864442135683
1477,1.0,0.9999999999999998,0.01645763626693081
1478,1.0,0.9999999999999998,0.02171889695270534
1479,1.0,0.9999999999999998,0.013036024613031515
1480,1.0,0.9999999999999998,0.020445270587410837
1481,1.0,0.9999999999999998,0.012011278188353666
1482,1.0,0.9999999999999998,0.043176918551563456
1483,1.0,0.9999999999999998,0.013836069497916346
1484,1.0,0.9999999999999998,0.0344861542738841
1485,1.0,0.9999999999999998,0.013689641008835574
1486,1.0,0.9999999999999998,0.04131303320774589
1487,1.0,0.9999999999999998,0.01883123565544645
1488,1.0,0.9999999999999998,0.011050210641183715
1489,1.0,0.9999999999999998,0.01675892756678942
1490,1.0,0.9999999999999998,0.005163568970952298
1491,1.0,0.9999999999999998,0.013017872844850086
1492,1.0,0.9999999999999998,0.011720420979886466
1493,1.0,0.9999999999999998,0.016211209118250122
1494,1.0,0.9999999999999998,0.020582957727261604
1495,1.0,0.9999999999999998,0.030025766841149118
1496,1.0,0.9999999999999998,0.007133911598501359
1497,1.0,0.9999999999999998,0.01522186226316219
1498,1.0,0.9999999999999998,0.03379406493828414
1499,1.0,0.9999999999999998,0.014204659419411285
1500,1.0,0.9999999999999998,0.024609491825526568
1501,1.0,0.9999999999999998,0.01046756878054926
1502,1.0,0.9999999999999998,0.007250082584618102
1503,1.0,0.9999999999999998,0.013292350608146111
1504,1.0,0.9999999999999998,0.012517831394796217
1505,1.0,0.9999999999999998,0.015047889380507384
1506,1.0,0.9999999999999998,0.022536188352991968
1507,1.0,0.9999999999999998,0.007960158808497715
1508,1.0,0.9999999999999998,0.027388911830369463
1509,1.0,0.9999999999999998,0.025108441014602134
1510,1.0,0.9999999999999998,0.007417491200841522
1511,1.0,0.9999999999999998,0.014883765228501752
1512,1.0,0.9999999999999998,0.024577549294679202
1513,1.0,0.9999999999999998,0.033812188750046136
1514,1.0,0.9999999999999998,0.03228434927160367
1515,1.0,0.9999999999999998,0.013078343604260148
1516,1.0,0.9999999999999998,0.020147982052889972
1517,1.0,0.9999999999999998,0.029108798401632996
1518,1.0,0.9999999999999998,0.014379822964345958
1519,1.0,0.9999999999999998,0.023910289189690424
1520,1.0,0.9999999999999998,0.027821321654248776
1521,1.0,0.9999999999999998,0.007799371073453541
1522,1.0,0.9999999999999998,0.01730649924436877
1523,1.0,0.9999999999999998,0.007663584743117596
1524,1.0,0.9999999999999998,0.02007621349849751
1525,1.0,0.9999999999999998,0.01906203763733085
1526,0.9761904761904763,0.9285714285714285,0.04315017001225937
1527,1.0,0.9999999999999998,0.010406571521080779
1528,1.0,0.9999999999999998,0.02589369477901833
1529,1.0,0.9999999999999998,0.045139201581827375
1530,1.0,0.9999999999999998,0.005344184471286276
1531,1.0,0.9999999999999998,0.03452116853701972
1532,1.0,0.9999999999999998,0.012590261039397671
1533,1.0,0.9999999999999998,0.02120754677484487
1534,1.0,0.9999999999999998,0.01431145340881241
1535,1.0,0.9999999999999998,0.03940330228455792
1536,1.0,0.9999999999999998,0.008529423468012998
1537,1.0,0.9999999999999998,0.02210635850338722
1538,1.0,0.9999999999999998,0.019420807694329675
1539,1.0,0.9999999999999998,0.02075569161798181
1540,1.0,0.9999999999999998,0.01792563901648126
1541,1.0,0.9999999999999998,0.019725748852715566
1542,1.0,0.9999999999999998,0.012945715696283402
1543,1.0,0.9999999999999998,0.012262326356002495
1544,1.0,0.9999999999999998,0.0263627790682368
1545,1.0,0.9999999999999998,0.03556476158274882
1546,1.0,0.9999999999999998,0.014241560614228592
1547,1.0,0.9999999999999998,0.008495157109690107
1548,1.0,0.9999999999999998,0.01388730106166993
1549,1.0,0.9999999999999998,0.006057439834493868
1550,1.0,0.9999999999999998,0.006593960783738313
1551,1.0,0.9999999999999998,0.027204358345130374
1552,1.0,0.9999999999999998,0.038997246672140544
1553,1.0,0.9999999999999998,0.027083665000523623
1554,1.0,0.9999999999999998,0.03971508470895809
1555,1.0,0.9999999999999998,0.021609777118803894
1556,1.0,0.9999999999999998,0.01566269671237671
1557,1.0,0.9999999999999998,0.025346983752865176
1558,1.0,0.9999999999999998,0.018336601279889203
1559,1.0,0.9999999999999998,0.011338478109124278
1560,1.0,0.9999999999999998,0.026151524521619465
1561,1.0,0.9999999999999998,0.027252693701351104
1562,1.0,0.9999999999999998,0.010774906830604426
1563,1.0,0.9999999999999998,0.023672636414956316
1564,1.0,0.9999999999999998,0.013630613978999014
1565,1.0,0.9999999999999998,0.008874963972382945
1566,1.0,0.9999999999999998,0.027002060289526786
1567,1.0,0.9999999999999998,0.01790665062373028
1568,1.0,0.9999999999999998,0.008189652247494503
1569,1.0,0.9999999999999998,0.034513595522514574
1570,1.0,0.9999999999999998,0.014216929862485857
1571,1.0,0.9999999999999998,0.008858239070715722
1572,1.0,0.9999999999999998,0.02439490123759079
1573,1.0,0.9999999999999998,0.023778000853596874
1574,1.0,0.9999999999999998,0.016741173929817103
1575,1.0,0.9999999999999998,0.00869364392713666
1576,1.0,0.9999999999999998,0.03063765641612541
1577,1.0,0.9999999999999998,0.01282108969703484
1578,1.0,0.9999999999999998,0.00915785589829271
1579,1.0,0.9999999999999998,0.014861741259093043
1580,1.0,0.9999999999999998,0.014729273245498227
1581,1.0,0.9999999999999998,0.016726747491656396
1582,1.0,0.9999999999999998,0.020292625709640202
1583,1.0,0.9999999999999998,0.03413290049388065
1584,1.0,0.9999999999999998,0.018659520319776156
1585,1.0,0.9999999999999998,0.009035207909722828
1586,1.0,0.9999999999999998,0.007625263713715337
1587,1.0,0.9999999999999998,0.014810956973358963
1588,1.0,0.9999999999999998,0.004837568642296189
1589,1.0,0.9999999999999998,0.014867539867647668
1590,1.0,0.9999999999999998,0.03404887239951537
1591,1.0,0.9999999999999998,0.014050523627189178
1592,1.0,0.9999999999999998,0.012377297709844207
1593,1.0,0.9999999999999998,0.010830242371653781
1594,1.0,0.9999999999999998,0.023325503318598853
1595,1.0,0.9999999999999998,0.021628058026377947
1596,1.0,0.9999999999999998,0.006253301752298268
1597,1.0,0.9999999999999998,0.023367233082163624
1598,1.0,0.9999999999999998,0.035490665387308905
1599,1.0,0.9999999999999998,0.020235893884091714
1600,1.0,0.9999999999999998,0.008392488110793316
1601,1.0,0.9999999999999998,0.016420072137479196
1602,1.0,0.9999999999999998,0.006916429640473759
1603,1.0,0.9999999999999998,0.02103190848138898
1604,1.0,0.9999999999999998,0.025159914520296277
1605,1.0,0.9999999999999998,0.016867426410710963
1606,1.0,0.9999999999999998,0.007283013964900852
1607,1.0,0.9999999999999998,0.016797477092564864
1608,1.0,0.9999999999999998,0.0202809873648458
1609,1.0,0.9999999999999998,0.01912139539355346
1610,1.0,0.9999999999999998,0.025262952836751125
1611,1.0,0.9999999999999998,0.019275372200447463
1612,1.0,0.9999999999999998,0.0075333073517044255
1613,1.0,0.9999999999999998,0.013419877255450803
1614,1.0,0.9999999999999998,0.01121781823089274
1615,1.0,0.9999999999999998,0.010690756249107772
1616,1.0,0.9999999999999998,0.020104914772035666
1617,1.0,0.9999999999999998,0.01933689441112392
1618,1.0,0.9999999999999998,0.012319381296126725
1619,1.0,0.9999999999999998,0.014439423132844735
1620,1.0,0.9999999999999998,0.032294664627426
1621,1.0,0.9999999999999998,0.011634483535948183
1622,1.0,0.9999999999999998,0.020860195599796405
1623,1.0,0.9999999999999998,0.013234160749417793
1624,1.0,0.9999999999999998,0.01743800677372776
1625,1.0,0.9999999999999998,0.012939503858734755
1626,1.0,0.9999999999999998,0.006615430927071113
1627,1.0,0.9999999999999998,0.006618294692434162
1628,1.0,0.9999999999999998,0.015022180735483136
1629,1.0,0.9999999999999998,0.003991767846901383
1630,1.0,0.9999999999999998,0.018237760825380193
1631,1.0,0.9999999999999998,0.007268288553878677
1632,1.0,0.9999999999999998,0.01774742933097477
1633,1.0,0.9999999999999998,0.007037297763508192
1634,1.0,0.9999999999999998,0.012330233733117292
1635,1.0,0.9999999999999998,0.0203441496921428
1636,1.0,0.9999999999999998,0.01617677067364831
1637,1.0,0.9999999999999998,0.02206331878328665
1638,1.0,0.9999999999999998,0.0238133842922306
1639,1.0,0.9999999999999998,0.016745459646982354
1640,1.0,0.9999999999999998,0.007323870124338466
1641,1.0,0.9999999999999998,0.045518649522328106
1642,1.0,0.9999999999999998,0.008780712032387658
1643,1.0,0.9999999999999998,0.02029145701269775
1644,1.0,0.9999999999999998,0.0405857137537781
1645,1.0,0.9999999999999998,0.021709093054432006
1646,1.0,0.9999999999999998,0.03132241014389652
1647,1.0,0.9999999999999998,0.013001937870244541
1648,1.0,0.9999999999999998,0.03777548516540859
1649,0.9761904761904763,0.9285714285714285,0.04386984237595071
1650,1.0,0.9999999999999998,0.006191641508921909
1651,1.0,0.9999999999999998,0.009495514577086035
1652,1.0,0.9999999999999998,0.02910557196013351
1653,1.0,0.9999999999999998,0.012024249542779114
1654,1.0,0.9999999999999998,0.014279140364961793
1655,1.0,0.9999999999999998,0.017033142255849967
1656,1.0,0.9999999999999998,0.008547077885170874
1657,1.0,0.9999999999999998,0.004499475586726642
1658,1.0,0.9999999999999998,0.01738317176279139
1659,1.0,0.9999999999999998,0.011868020867819247
1660,1.0,0.9999999999999998,0.010287793600665653
1661,1.0,0.9999999999999998,0.012946935356232453
1662,1.0,0.9999999999999998,0.03218483102705945
1663,1.0,0.9999999999999998,0.03375920901380886
1664,1.0,0.9999999999999998,0.014748967787455942
1665,1.0,0.9999999999999998,0.03322994594152503
1666,1.0,0.9999999999999998,0.024134124604722917
1667,1.0,0.9999999999999998,0.0215959550638965
1668,1.0,0.9999999999999998,0.012011861180017874
1669,1.0,0.9999999999999998,0.02368680588380727
1670,1.0,0.9999999999999998,0.009225594441634503
1671,1.0,0.9999999999999998,0.013541043856448831
1672,1.0,0.9999999999999998,0.014676213076996347
1673,1.0,0.9999999999999998,0.03450072067992757
1674,1.0,0.9999999999999998,0.04647818052234204
1675,1.0,0.9999999999999998,0.008157194167700332
1676,1.0,0.9999999999999998,0.008953526948019333
1677,1.0,0.9999999999999998,0.008341399195703036
1678,1.0,0.9999999999999998,0.025165441532747405
1679,1.0,0.9999999999999998,0.015616609978461614
1680,1.0,0.9999999999999998,0.007441106399494017
1681,1.0,0.9999999999999998,0.009393498426412697
1682,1.0,0.9999999999999998,0.026272959020757
1683,1.0,0.9999999999999998,0.014989451493740792
1684,1.0,0.9999999999999998,0.011296603699394003
1685,1.0,0.9999999999999998,0.024948215684680267
1686,1.0,0.9999999999999998,0.016545894638308467
1687,1.0,0.9999999999999998,0.018198575036890235
1688,1.0,0.9999999999999998,0.019676031789613843
1689,1.0,0.9999999999999998,0.01867274104488778
1690,1.0,0.9999999999999998,0.02575998558233302
1691,0.9761904761904763,0.9285714285714285,0.042705422757823026
1692,1.0,0.9999999999999998,0.04043486055735752
1693,1.0,0.9999999999999998,0.012425209577495051
1694,1.0,0.9999999999999998,0.0061986850506041274
1695,1.0,0.9999999999999998,0.011993547537461936
1696,1.0,0.9999999999999998,0.02899187583774719
1697,1.0,0.9999999999999998,0.02040359511368204
1698,1.0,0.9999999999999998,0.017057339604864656
1699,1.0,0.9999999999999998,0.03494047208589786
1700,1.0,0.9999999999999998,0.021114335519649363
1701,1.0,0.9999999999999998,0.04122085967756043
1702,1.0,0.9999999999999998,0.020886940757157718
1703,1.0,0.9999999999999998,0.014211701491643532
1704,1.0,0.9999999999999998,0.013842583298820627
1705,1.0,0.9999999999999998,0.01675671242918965
1706,1.0,0.9999999999999998,0.007377680945537604
1707,1.0,0.9999999999999998,0.02332176030922966
1708,1.0,0.9999999999999998,0.01972124204045205
1709,1.0,0.9999999999999998,0.01622074373904433
1710,1.0,0.9999999999999998,0.011737135335765064
1711,1.0,0.9999999999999998,0.004285444143856856
1712,1.0,0.9999999999999998,0.029095026784347687
1713,1.0,0.9999999999999998,0.014317413487454703
1714,1.0,0.9999999999999998,0.025926715695027545
1715,1.0,0.9999999999999998,0.014021522063210709
1716,1.0,0.9999999999999998,0.026040618419502316
1717,1.0,0.9999999999999998,0.014208583376063254
1718,1.0,0.9999999999999998,0.006453095010060604
1719,1.0,0.9999999999999998,0.02598249980720472
1720,1.0,0.9999999999999998,0.009317338609442102
1721,1.0,0.9999999999999998,0.018837152156637324
1722,1.0,0.9999999999999998,0.013546773964330218
1723,1.0,0.9999999999999998,0.02408399975066749
1724,1.0,0.9999999999999998,0.01013781803072223
1725,1.0,0.9999999999999998,0.019527741487144472
1726,1.0,0.9999999999999998,0.022028980341632136
1727,1.0,0.9999999999999998,0.012979826722560109
1728,1.0,0.9999999999999998,0.01430574163347495
1729,1.0,0.9999999999999998,0.03088343374137277
1730,1.0,0.9999999999999998,0.01580686820555746
1731,1.0,0.9999999999999998,0.024973635529293298
1732,1.0,0.9999999999999998,0.00624433340982096
1733,1.0,0.9999999999999998,0.014453118380319561
1734,1.0,0.9999999999999998,0.005898354036596887
1735,1.0,0.9999999999999998,0.02263342216590991
1736,1.0,0.9999999999999998,0.0025068266396021527
1737,1.0,0.9999999999999998,0.02263077533556363
1738,1.0,0.9999999999999998,0.03498923993993912
1739,1.0,0.9999999999999998,0.010996586814370476
1740,1.0,0.9999999999999998,0.020726742562458392
1741,1.0,0.9999999999999998,0.014365308281041198
1742,1.0,0.9999999999999998,0.015678811218687333
1743,1.0,0.9999999999999998,0.0318513669989687
1744,1.0,0.9999999999999998,0.013995413259714033
1745,1.0,0.9999999999999998,0.014980588285425797
1746,1.0,0.9999999999999998,0.012750623354157942
1747,1.0,0.9999999999999998,0.0192534510519859
1748,1.0,0.9999999999999998,0.016337838106830822
1749,1.0,0.9999999999999998,0.03640808615071772
1750,1.0,0.9999999999999998,0.013730083107748273
1751,1.0,0.9999999999999998,0.01771340590871883
1752,1.0,0.9999999999999998,0.004863444823954628
1753,1.0,0.9999999999999998,0.023073144731511473
1754,1.0,0.9999999999999998,0.01617843144180981
1755,1.0,0.9999999999999998,0.041457444225751955
1756,1.0,0.9999999999999998,0.01577264929979645
1757,1.0,0.9999999999999998,0.02112730516090241
1758,1.0,0.9999999999999998,0.021709061941274817
1759,1.0,0.9999999999999998,0.010476872935890814
1760,1.0,0.9999999999999998,0.010908945959524886
1761,1.0,0.9999999999999998,0.011340557675764758
1762,1.0,0.9999999999999998,0.017130238467990992
1763,1.0,0.9999999999999998,0.00880291079125637
1764,1.0,0.9999999999999998,0.027596823045509103
1765,1.0,0.9999999999999998,0.009189267372230983
1766,1.0,0.9999999999999998,0.014955725014047683
1767,1.0,0.9999999999999998,0.027312423224354287
1768,1.0,0.9999999999999998,0.02996919021968037
1769,1.0,0.9999999999999998,0.011181570531442156
1770,1.0,0.9999999999999998,0.01211302206199965
1771,1.0,0.9999999999999998,0.01242159814903479
1772,1.0,0.9999999999999998,0.028636571655216964
1773,1.0,0.9999999999999998,0.014109287888521373
1774,1.0,0.9999999999999998,0.01509441018683097
1775,1.0,0.9999999999999998,0.01893923867615785
1776,1.0,0.9999999999999998,0.02474414416688616
1777,1.0,0.9999999999999998,0.013312513309004917
1778,1.0,0.9999999999999998,0.01319731337077839
1779,1.0,0.9999999999999998,0.011622868175449497
1780,1.0,0.9999999999999998,0.006780825470768442
1781,1.0,0.9999999999999998,0.03550385018805704
1782,1.0,0.9999999999999998,0.01310057877463204
1783,1.0,0.9999999999999998,0.0065651127511537
1784,1.0,0.9999999999999998,0.01933772707499199
1785,1.0,0.9999999999999998,0.015166561565617846
1786,1.0,0.9999999999999998,0.014601548847811431
1787,1.0,0.9999999999999998,0.018363390281474948
1788,1.0,0.9999999999999998,0.032078735796630016
1789,1.0,0.9999999999999998,0.0158200430865394
1790,1.0,0.9999999999999998,0.03390672642729042
1791,1.0,0.9999999999999998,0.016019833115930762
1792,1.0,0.9999999999999998,0.013770468654982784
1793,1.0,0.9999999999999998,0.009536927321969653
1794,1.0,0.9999999999999998,0.02088189712480116
1795,1.0,0.9999999999999998,0.027724336414726235
1796,1.0,0.9999999999999998,0.015107321259690006
1797,1.0,0.9999999999999998,0.005369618372071595
1798,1.0,0.9999999999999998,0.02757825580470799
1799,1.0,0.9999999999999998,0.036114662057418256
1800,1.0,0.9999999999999998,0.00951299094345516
1801,1.0,0.9999999999999998,0.03898811083319481
1802,1.0,0.9999999999999998,0.031966509722479206
1803,1.0,0.9999999999999998,0.013372588349647913
1804,1.0,0.9999999999999998,0.009641046223507484
1805,1.0,0.9999999999999998,0.030714020391126716
1806,1.0,0.9999999999999998,0.015795304930959438
1807,1.0,0.9999999999999998,0.026194493421223035
1808,1.0,0.9999999999999998,0.023361534781288884
1809,1.0,0.9999999999999998,0.009573841599795824
1810,1.0,0.9999999999999998,0.019630497966101453
1811,1.0,0.9999999999999998,0.028485624338525556
1812,1.0,0.9999999999999998,0.021173457369767924
1813,1.0,0.9999999999999998,0.008656086274877822
1814,1.0,0.9999999999999998,0.012394540304120613
1815,1.0,0.9999999999999998,0.013862673886738536
1816,1.0,0.9999999999999998,0.031030383843426657
1817,1.0,0.9999999999999998,0.01200955966093862
1818,1.0,0.9999999999999998,0.015321450487467615
1819,1.0,0.9999999999999998,0.01412370577191508
1820,1.0,0.9999999999999998,0.006798296466676172
1821,1.0,0.9999999999999998,0.0137740188110781
1822,1.0,0.9999999999999998,0.024903869417402594
1823,1.0,0.9999999999999998,0.03163074113905966
1824,1.0,0.9999999999999998,0.02826848429562502
1825,1.0,0.9999999999999998,0.014584496329024331
1826,1.0,0.9999999999999998,0.033341014271055014
1827,1.0,0.9999999999999998,0.02872429491700193
1828,1.0,0.9999999999999998,0.014980502490435886
1829,1.0,0.9999999999999998,0.018705714334269007
1830,1.0,0.9999999999999998,0.028010446376977888
1831,1.0,0.9999999999999998,0.011935295540268953
1832,1.0,0.9999999999999998,0.02611854861768026
1833,1.0,0.9999999999999998,0.023816626131054
1834,1.0,0.9999999999999998,0.009116872444422684
1835,1.0,0.9999999999999998,0.02981850766697642
1836,1.0,0.9999999999999998,0.030004411187724463
1837,1.0,0.9999999999999998,0.013441209240539813
1838,1.0,0.9999999999999998,0.012346522327652383
1839,1.0,0.9999999999999998,0.008640485663344813
1840,1.0,0.9999999999999998,0.022751213827999744
1841,1.0,0.9999999999999998,0.03334929263299652
1842,1.0,0.9999999999999998,0.012635858088574849
1843,1.0,0.9999999999999998,0.036790596107586344
1844,1.0,0.9999999999999998,0.009215126780785336
1845,1.0,0.9999999999999998,0.036671988299535135
1846,1.0,0.9999999999999998,0.004562912611614907
1847,1.0,0.9999999999999998,0.03330041320032799
1848,1.0,0.9999999999999998,0.01330720560247417
1849,1.0,0.9999999999999998,0.010240671351643582
1850,1.0,0.9999999999999998,0.007139310981705706
1851,1.0,0.9999999999999998,0.01473691485609821
1852,1.0,0.9999999999999998,0.016271887396433676
1853,1.0,0.9999999999999998,0.04361561827961036
1854,1.0,0.9999999999999998,0.007389832932362131
1855,1.0,0.9999999999999998,0.03434639423684411
1856,0.9761904761904763,0.9285714285714285,0.044758204506384666
1857,1.0,0.9999999999999998,0.012037341965326104
1858,1.0,0.9999999999999998,0.03345311836786422
1859,1.0,0.9999999999999998,0.018165868573075943
1860,1.0,0.9999999999999998,0.01745139471718011
1861,1.0,0.9999999999999998,0.02623610871515461
1862,1.0,0.9999999999999998,0.015752448746198543
1863,1.0,0.9999999999999998,0.015305780475262085
1864,1.0,0.9999999999999998,0.013806131524200828
1865,1.0,0.9999999999999998,0.021900678324367734
1866,1.0,0.9999999999999998,0.009438960557059749
1867,1.0,0.9999999999999998,0.02417288344089711
1868,1.0,0.9999999999999998,0.02219287724074523
1869,1.0,0.9999999999999998,0.01829469021182134
1870,1.0,0.9999999999999998,0.013418938434803844
1871,1.0,0.9999999999999998,0.0116394601435846
1872,1.0,0.9999999999999998,0.025772678107289025
1873,1.0,0.9999999999999998,0.012641446233575812
1874,1.0,0.9999999999999998,0.023322929485544895
1875,1.0,0.9999999999999998,0.03460120796044033
1876,1.0,0.9999999999999998,0.03362646488803296
1877,1.0,0.9999999999999998,0.009197093012902391
1878,1.0,0.9999999999999998,0.016279239391396368
1879,1.0,0.9999999999999998,0.009466474840623046
1880,1.0,0.9999999999999998,0.004794801072638244
1881,1.0,0.9999999999999998,0.003266795747949497
1882,1.0,0.9999999999999998,0.011992438739498498
1883,1.0,0.9999999999999998,0.01478803016480093
1884,1.0,0.9999999999999998,0.006199365046911057
1885,1.0,0.9999999999999998,0.011576651424270668
1886,1.0,0.9999999999999998,0.025834703936830225
1887,1.0,0.9999999999999998,0.009639797671437217
1888,1.0,0.9999999999999998,0.015716865104362807
1889,1.0,0.9999999999999998,0.015464523608891105
1890,1.0,0.9999999999999998,0.011640354070715037
1891,1.0,0.9999999999999998,0.031864671127207894
1892,1.0,0.9999999999999998,0.01463168042554408
1893,1.0,0.9999999999999998,0.037163237759226184
1894,1.0,0.9999999999999998,0.007568855048736854
1895,1.0,0.9999999999999998,0.03132853374727791
1896,1.0,0.9999999999999998,0.020765773592026075
1897,1.0,0.9999999999999998,0.026076414694519864
1898,1.0,0.9999999999999998,0.023850468377320806
1899,1.0,0.9999999999999998,0.019204956281207802
1900,1.0,0.9999999999999998,0.019138777766650877
1901,1.0,0.9999999999999998,0.009944485255643933
1902,1.0,0.9999999999999998,0.01014063834410598
1903,1.0,0.9999999999999998,0.010079443188598061
1904,1.0,0.9999999999999998,0.016392264262708844
1905,1.0,0.9999999999999998,0.023365079416380483
1906,1.0,0.9999999999999998,0.012611866296655547
1907,1.0,0.9999999999999998,0.008618023746788848
1908,1.0,0.9999999999999998,0.01996744335944342
1909,1.0,0.9999999999999998,0.010080341770046679
1910,1.0,0.9999999999999998,0.016028782107521733
1911,1.0,0.9999999999999998,0.04499259819122023
1912,1.0,0.9999999999999998,0.023005838130503616
1913,1.0,0.9999999999999998,0.023056104577597325
1914,1.0,0.9999999999999998,0.019350156098393564
1915,1.0,0.9999999999999998,0.024350275920349156
1916,1.0,0.9999999999999998,0.024940646110641188
1917,1.0,0.9999999999999998,0.02552294675480974
1918,1.0,0.9999999999999998,0.028668287951299054
1919,1.0,0.9999999999999998,0.02813666043890979
1920,1.0,0.9999999999999998,0.011511116737732537
1921,1.0,0.9999999999999998,0.018592819216970494
1922,1.0,0.9999999999999998,0.021974919681214726
1923,1.0,0.9999999999999998,0.021505743629200658
1924,1.0,0.9999999999999998,0.01848294723437735
1925,1.0,0.9999999999999998,0.029245605439633462
1926,1.0,0.9999999999999998,0.01879722792975782
1927,1.0,0.9999999999999998,0.010602909457832044
1928,1.0,0.9999999999999998,0.027399911764734358
1929,1.0,0.9999999999999998,0.026072111367897423
1930,1.0,0.9999999999999998,0.0070516341132856875
1931,1.0,0.9999999999999998,0.014008563897850289
1932,1.0,0.9999999999999998,0.02093989616785158
1933,1.0,0.9999999999999998,0.01873942773758458
1934,1.0,0.9999999999999998,0.009563790714234466
1935,1.0,0.9999999999999998,0.028645403527145494
1936,1.0,0.9999999999999998,0.024130019759155442
1937,1.0,0.9999999999999998,0.029269726496040614
1938,1.0,0.9999999999999998,0.03769406846996101
1939,1.0,0.9999999999999998,0.017626216235464107
1940,1.0,0.9999999999999998,0.005856813801758509
1941,1.0,0.9999999999999998,0.020811899709138187
1942,1.0,0.9999999999999998,0.031114578938351622
1943,1.0,0.9999999999999998,0.02418720573126589
1944,1.0,0.9999999999999998,0.014439117208633598
1945,1.0,0.9999999999999998,0.009285228491632276
1946,1.0,0.9999999999999998,0.022028062276786158
1947,1.0,0.9999999999999998,0.017937665057575436
1948,1.0,0.9999999999999998,0.023557578013702583
1949,1.0,0.9999999999999998,0.003457237902360265
1950,1.0,0.9999999999999998,0.010945307307042886
1951,1.0,0.9999999999999998,0.015166902950471399
1952,1.0,0.9999999999999998,0.011933141845880742
1953,1.0,0.9999999999999998,0.04142422476984798
1954,1.0,0.9999999999999998,0.01601398023972047
1955,1.0,0.9999999999999998,0.018803050541591967
1956,1.0,0.9999999999999998,0.015252612737516547
1957,1.0,0.9999999999999998,0.017674727842679074
1958,1.0,0.9999999999999998,0.016522504551583925
1959,1.0,0.9999999999999998,0.006835046999234949
1960,1.0,0.9999999999999998,0.030857338545158854
1961,1.0,0.9999999999999998,0.027397394810317305
1962,1.0,0.9999999999999998,0.016273887835782944
1963,1.0,0.9999999999999998,0.009422573277415497
1964,1.0,0.9999999999999998,0.011294091634760799
1965,1.0,0.9999999999999998,0.006833361265674749
1966,1.0,0.9999999999999998,0.04184684467006835
1967,1.0,0.9999999999999998,0.022209280585842303
1968,1.0,0.9999999999999998,0.023338912370257994
1969,1.0,0.9999999999999998,0.02038488767144283
1970,1.0,0.9999999999999998,0.006383208578381636
1971,1.0,0.9999999999999998,0.017683913069902073
1972,1.0,0.9999999999999998,0.02892550384899717
1973,1.0,0.9999999999999998,0.024202182898487697
1974,1.0,0.9999999999999998,0.019714824931258826
1975,1.0,0.9999999999999998,0.035331055788925855
1976,1.0,0.9999999999999998,0.01952275843474758
1977,1.0,0.9999999999999998,0.010366397006734078
1978,1.0,0.9999999999999998,0.01614045700207143
1979,1.0,0.9999999999999998,0.014910340119781505
1980,1.0,0.9999999999999998,0.0058873250556685935
1981,1.0,0.9999999999999998,0.009386781311085474
1982,1.0,0.9999999999999998,0.010739481951840685
1983,1.0,0.9999999999999998,0.02448009228527371
1984,1.0,0.9999999999999998,0.01615685619358717
1985,1.0,0.9999999999999998,0.016319291087122476
1986,1.0,0.9999999999999998,0.019663564147288537
1987,1.0,0.9999999999999998,0.033918325134064134
1988,1.0,0.9999999999999998,0.011119731756829933
1989,1.0,0.9999999999999998,0.03393009842710128
1990,1.0,0.9999999999999998,0.04048296225829142
1991,0.9761904761904763,0.9285714285714285,0.047232361667982455
1992,1.0,0.9999999999999998,0.011119611247917327
1993,1.0,0.9999999999999998,0.013684994640352652
1994,1.0,0.9999999999999998,0.021939430507454567
1995,1.0,0.9999999999999998,0.027873201091544536
1996,1.0,0.9999999999999998,0.025602767081443142
1997,1.0,0.9999999999999998,0.016083772111517854
1998,1.0,0.9999999999999998,0.014258419837731552
1999,1.0,0.9999999999999998,0.004099366246365546
2000,1.0,0.9999999999999998,0.007442637365655494
2001,1.0,0.9999999999999998,0.012608388690858223
2002,1.0,0.9999999999999998,0.019835866673533854
2003,1.0,0.9999999999999998,0.01412241317584547
2004,1.0,0.9999999999999998,0.02842578745589621
2005,1.0,0.9999999999999998,0.018125316479092983
2006,1.0,0.9999999999999998,0.04032707219063885
2007,1.0,0.9999999999999998,0.009605851641688305
2008,1.0,0.9999999999999998,0.00918623897675605
2009,1.0,0.9999999999999998,0.026009546962275996
2010,1.0,0.9999999999999998,0.012479460882856945
2011,1.0,0.9999999999999998,0.017028890727215362
2012,1.0,0.9999999999999998,0.013276340614797835
2013,1.0,0.9999999999999998,0.02265172336469804
2014,1.0,0.9999999999999998,0.03150368990813181
2015,1.0,0.9999999999999998,0.01601650052506598
2016,1.0,0.9999999999999998,0.013085705702188616
2017,1.0,0.9999999999999998,0.01723479778243235
2018,1.0,0.9999999999999998,0.014255818026706182
2019,1.0,0.9999999999999998,0.0216592580360586
2020,1.0,0.9999999999999998,0.033140532591298476
2021,1.0,0.9999999999999998,0.010736494211240094
2022,1.0,0.9999999999999998,0.01212702722506178
2023,1.0,0.9999999999999998,0.010352208004376133
2024,1.0,0.9999999999999998,0.019312656835965974
2025,1.0,0.9999999999999998,0.008558060598403465
2026,1.0,0.9999999999999998,0.02162482120072675
2027,1.0,0.9999999999999998,0.034447643278505156
2028,1.0,0.9999999999999998,0.020951906192564346
2029,0.9761904761904763,0.9285714285714285,0.041405196715966194
2030,0.9761904761904763,0.9285714285714285,0.04302571028530408
2031,1.0,0.9999999999999998,0.01650589067479557
2032,1.0,0.9999999999999998,0.00987008518449456
2033,1.0,0.9999999999999998,0.019144480593264283
2034,1.0,0.9999999999999998,0.009872172926541231
2035,1.0,0.9999999999999998,0.01600030947081337
2036,1.0,0.9999999999999998,0.026755694023263353
2037,1.0,0.9999999999999998,0.025342637824490977
2038,1.0,0.9999999999999998,0.023898183711591726
2039,1.0,0.9999999999999998,0.04691893214085548
2040,1.0,0.9999999999999998,0.03461121708513713
2041,1.0,0.9999999999999998,0.006322618072811384
2042,1.0,0.9999999999999998,0.00808199972410805
2043,1.0,0.9999999999999998,0.027944272057268654
2044,1.0,0.9999999999999998,0.013267766523243817
2045,1.0,0.9999999999999998,0.004017986497271253
2046,1.0,0.9999999999999998,0.01200864311010194
2047,1.0,0.9999999999999998,0.0119564058993335
2048,1.0,0.9999999999999998,0.0265728538265282
2049,1.0,0.9999999999999998,0.013523452251347434
2050,1.0,0.9999999999999998,0.032356004016033495
2051,1.0,0.9999999999999998,0.010058058874279859
2052,1.0,0.9999999999999998,0.029483893308358267
2053,1.0,0.9999999999999998,0.013699996340815528
2054,1.0,0.9999999999999998,0.009316061365209488
2055,1.0,0.9999999999999998,0.00749846669374845
2056,1.0,0.9999999999999998,0.033675585270322786
2057,1.0,0.9999999999999998,0.01118822080983558
2058,1.0,0.9999999999999998,0.028821172122743627
2059,1.0,0.9999999999999998,0.018638159467928406
2060,1.0,0.9999999999999998,0.007222499979490711
2061,1.0,0.9999999999999998,0.020241580080319503
2062,1.0,0.9999999999999998,0.011038919075788335
2063,1.0,0.9999999999999998,0.02882141925021159
2064,1.0,0.9999999999999998,0.023478135735965466
2065,1.0,0.9999999999999998,0.017882004380643787
2066,1.0,0.9999999999999998,0.021336646476577605
2067,1.0,0.9999999999999998,0.016592686571371078
2068,1.0,0.9999999999999998,0.017464899659642527
2069,1.0,0.9999999999999998,0.019584534854864992
2070,1.0,0.9999999999999998,0.012972323300236364
2071,1.0,0.9999999999999998,0.013019044405508863
2072,1.0,0.9999999999999998,0.007440679263405768
2073,1.0,0.9999999999999998,0.019216827153848703
2074,1.0,0.9999999999999998,0.031425375611516024
2075,1.0,0.9999999999999998,0.008817690360618365
2076,1.0,0.9999999999999998,0.017762818625359056
2077,1.0,0.9999999999999998,0.01574871519912656
2078,1.0,0.9999999999999998,0.01402849341532901
2079,1.0,0.9999999999999998,0.009021768026910196
2080,1.0,0.9999999999999998,0.014102341681806976
2081,1.0,0.9999999999999998,0.0403074443390358
2082,1.0,0.9999999999999998,0.02579081856860052
2083,1.0,0.9999999999999998,0.023844060255966817
2084,1.0,0.9999999999999998,0.02657109098449923
2085,1.0,0.9999999999999998,0.007835651812162552
2086,1.0,0.9999999999999998,0.015071967508347182
2087,1.0,0.9999999999999998,0.03238628496055225
2088,1.0,0.9999999999999998,0.03506381063710043
2089,1.0,0.9999999999999998,0.01355580064380986
2090,0.9761904761904763,0.9285714285714285,0.039529384208274315
2091,1.0,0.9999999999999998,0.01621353568748376
2092,1.0,0.9999999999999998,0.013787271984062613
2093,1.0,0.9999999999999998,0.021502760655208765
2094,1.0,0.9999999999999998,0.027168841240371444
2095,1.0,0.9999999999999998,0.017021533252901053
2096,1.0,0.9999999999999998,0.02692790630131968
2097,1.0,0.9999999999999998,0.04543956808298099
2098,1.0,0.9999999999999998,0.023787915446153184
2099,1.0,0.9999999999999998,0.01599051968762829
2100,1.0,0.9999999999999998,0.021976777488899396
2101,1.0,0.9999999999999998,0.01396990368824249
2102,1.0,0.9999999999999998,0.013245397364781336
2103,1.0,0.9999999999999998,0.014099349213807406
2104,1.0,0.9999999999999998,0.01280555879907875
2105,1.0,0.9999999999999998,0.017791802146707225
2106,1.0,0.9999999999999998,0.020909666949004972
2107,1.0,0.9999999999999998,0.03266158460288462
2108,1.0,0.9999999999999998,0.019430731679365487
2109,1.0,0.9999999999999998,0.025166731927664034
2110,1.0,0.9999999999999998,0.01378195669214697
2111,1.0,0.9999999999999998,0.033137023304950886
2112,1.0,0.9999999999999998,0.02303025891045893
2113,1.0,0.9999999999999998,0.012358529247171804
2114,1.0,0.9999999999999998,0.013185673747571784
2115,1.0,0.9999999999999998,0.004646889661301543
2116,1.0,0.9999999999999998,0.009190836640396514
2117,1.0,0.9999999999999998,0.019010715617605554
2118,1.0,0.9999999999999998,0.0146043799149524
2119,1.0,0.9999999999999998,0.038706164317393064
2120,1.0,0.9999999999999998,0.012054788181784841
2121,1.0,0.9999999999999998,0.004330651492572474
2122,1.0,0.9999999999999998,0.022804124121539024
2123,1.0,0.9999999999999998,0.016578637168990717
2124,1.0,0.9999999999999998,0.009522478558661694
2125,1.0,0.9999999999999998,0.009130742422844416
2126,1.0,0.9999999999999998,0.021361936474088558
2127,1.0,0.9999999999999998,0.01586477823619662
2128,1.0,0.9999999999999998,0.039583015841064016
2129,1.0,0.9999999999999998,0.005863042951385046
2130,1.0,0.9999999999999998,0.01308021375560852
2131,1.0,0.9999999999999998,0.018848951258708987
2132,1.0,0.9999999999999998,0.019963697863618637
2133,1.0,0.9999999999999998,0.025549610111163003
2134,1.0,0.9999999999999998,0.021778909549835433
2135,1.0,0.9999999999999998,0.03334195885458944
2136,1.0,0.9999999999999998,0.012921002741960182
2137,1.0,0.9999999999999998,0.015327506931987138
2138,1.0,0.9999999999999998,0.015053464530390748
2139,1.0,0.9999999999999998,0.019037519363728397
2140,1.0,0.9999999999999998,0.02449039758293394
2141,1.0,0.9999999999999998,0.02090007359690723
2142,1.0,0.9999999999999998,0.017522448630283807
2143,1.0,0.9999999999999998,0.02022824018832007
2144,1.0,0.9999999999999998,0.014567351364984577
2145,1.0,0.9999999999999998,0.013920743537586294
2146,1.0,0.9999999999999998,0.01164957855335904
2147,1.0,0.9999999999999998,0.021605786683599658
2148,1.0,0.9999999999999998,0.005863949428744714
2149,1.0,0.9999999999999998,0.01903591570932238
2150,1.0,0.9999999999999998,0.008497316347509665
2151,1.0,0.9999999999999998,0.01003976957103797
2152,1.0,0.9999999999999998,0.019790880189725357
2153,1.0,0.9999999999999998,0.027598572702021942
2154,1.0,0.9999999999999998,0.010314702644379559
2155,1.0,0.9999999999999998,0.01541765558813167
2156,1.0,0.9999999999999998,0.024781117539790773
2157,1.0,0.9999999999999998,0.01228302409079006
2158,1.0,0.9999999999999998,0.02078221839358367
2159,1.0,0.9999999999999998,0.011905620681574622
2160,1.0,0.9999999999999998,0.016208774815672476
2161,1.0,0.9999999999999998,0.011875930441269035
2162,1.0,0.9999999999999998,0.00989750194951236
2163,1.0,0.9999999999999998,0.011245289827933061
2164,1.0,0.9999999999999998,0.03169659628320974
2165,0.9761904761904763,0.9285714285714285,0.04499606313024092
2166,1.0,0.9999999999999998,0.002705431041333327
2167,1.0,0.9999999999999998,0.03527419139333576
2168,1.0,0.9999999999999998,0.01807542778809381
2169,1.0,0.9999999999999998,0.011395708671034697
2170,1.0,0.9999999999999998,0.01788168194856226
2171,1.0,0.9999999999999998,0.00674301261726902
2172,1.0,0.9999999999999998,0.017824142132229444
2173,1.0,0.9999999999999998,0.016698996614875006
2174,1.0,0.9999999999999998,0.015274930942633408
2175,1.0,0.9999999999999998,0.015294394170137761
2176,1.0,0.9999999999999998,0.012495930482595258
2177,1.0,0.9999999999999998,0.03864421329258785
2178,1.0,0.9999999999999998,0.016049662694345164
2179,1.0,0.9999999999999998,0.012237326633506712
2180,1.0,0.9999999999999998,0.0392278772096695
2181,1.0,0.9999999999999998,0.008904337727574617
2182,1.0,0.9999999999999998,0.03716440742468967
2183,1.0,0.9999999999999998,0.0032327148212255227
2184,1.0,0.9999999999999998,0.03103811246804749
2185,1.0,0.9999999999999998,0.0077599641101441935
2186,1.0,0.9999999999999998,0.019882214818234156
2187,1.0,0.9999999999999998,0.023491487111053415
2188,1.0,0.9999999999999998,0.035226494618353976
2189,1.0,0.9999999999999998,0.012501763145731537
2190,1.0,0.9999999999999998,0.01131553823808374
2191,1.0,0.9999999999999998,0.027929738958760053
2192,1.0,0.9999999999999998,0.006769190934794854
2193,1.0,0.9999999999999998,0.013940403070308423
2194,1.0,0.9999999999999998,0.019946364823249796
2195,1.0,0.9999999999999998,0.01323114177944338
2196,1.0,0.9999999999999998,0.011488175770765142
2197,1.0,0.9999999999999998,0.007105088359817165
2198,1.0,0.9999999999999998,0.018209546481266194
2199,1.0,0.9999999999999998,0.007993011318816981
2200,1.0,0.9999999999999998,0.018754432905709273
2201,1.0,0.9999999999999998,0.030077831590517752
2202,1.0,0.9999999999999998,0.035864970652139845
2203,1.0,0.9999999999999998,0.014017597546665213
2204,1.0,0.9999999999999998,0.008012518676513161
2205,1.0,0.9999999999999998,0.018463169217231755
2206,1.0,0.9999999999999998,0.02687985951233709
2207,1.0,0.9999999999999998,0.013246890938626583
2208,1.0,0.9999999999999998,0.0167579374540522
2209,1.0,0.9999999999999998,0.030754941351358
2210,1.0,0.9999999999999998,0.009113164787066565
2211,1.0,0.9999999999999998,0.01643131602826485
2212,1.0,0.9999999999999998,0.0279369251368504
2213,1.0,0.9999999999999998,0.005261759769636727
2214,1.0,0.9999999999999998,0.023441418736512884
2215,1.0,0.9999999999999998,0.03539833817023143
2216,1.0,0.9999999999999998,0.010120664612907983
2217,1.0,0.9999999999999998,0.010904610750045264
2218,1.0,0.9999999999999998,0.013811621566957685
2219,1.0,0.9999999999999998,0.019655638864148305
2220,1.0,0.9999999999999998,0.03858600761561439
2221,1.0,0.9999999999999998,0.03123672177743378
2222,1.0,0.9999999999999998,0.02916996338175911
2223,1.0,0.9999999999999998,0.01007754911572676
2224,1.0,0.9999999999999998,0.01270940194476284
2225,1.0,0.9999999999999998,0.01768277918927058
2226,1.0,0.9999999999999998,0.009247968357175472
2227,1.0,0.9999999999999998,0.017582549650525893
2228,1.0,0.9999999999999998,0.012160595934669699
2229,1.0,0.9999999999999998,0.013590396204591064
2230,1.0,0.9999999999999998,0.026429335290223364
2231,1.0,0.9999999999999998,0.013592256240393834
2232,1.0,0.9999999999999998,0.038732960446100924
2233,1.0,0.9999999999999998,0.030318032801016227
2234,1.0,0.9999999999999998,0.02142665395089225
2235,1.0,0.9999999999999998,0.03278667038305863
2236,1.0,0.9999999999999998,0.006446340868094327
2237,1.0,0.9999999999999998,0.015538444068991783
2238,1.0,0.9999999999999998,0.021301986525198838
2239,1.0,0.9999999999999998,0.009632961558179748
2240,1.0,0.9999999999999998,0.034676668297242356
2241,1.0,0.9999999999999998,0.035002133438400744
2242,1.0,0.9999999999999998,0.0162603344006474
2243,1.0,0.9999999999999998,0.009660976463528682
2244,1.0,0.9999999999999998,0.04079411254776335
2245,1.0,0.9999999999999998,0.013210032893876622
2246,1.0,0.9999999999999998,0.011872979153002658
2247,1.0,0.9999999999999998,0.047827162998621116
2248,1.0,0.9999999999999998,0.010920458240405377
2249,1.0,0.9999999999999998,0.02926016477374084
2250,1.0,0.9999999999999998,0.010049733996111428
2251,1.0,0.9999999999999998,0.013001524684503926
2252,1.0,0.9999999999999998,0.01280210014753367
2253,1.0,0.9999999999999998,0.0099658980417789
2254,1.0,0.9999999999999998,0.01987734015416783
2255,1.0,0.9999999999999998,0.016556310576533957
2256,1.0,0.9999999999999998,0.010221385797851146
2257,1.0,0.9999999999999998,0.02961466608854526
2258,1.0,0.9999999999999998,0.026602740613796194
2259,1.0,0.9999999999999998,0.023695502385103047
2260,1.0,0.9999999999999998,0.006731342562066631
2261,1.0,0.9999999999999998,0.021216111527175674
2262,1.0,0.9999999999999998,0.022529998250860016
2263,1.0,0.9999999999999998,0.009676749728755193
2264,1.0,0.9999999999999998,0.015313702873700263
2265,1.0,0.9999999999999998,0.009253818418129188
2266,1.0,0.9999999999999998,0.023460683197167785
2267,1.0,0.9999999999999998,0.008876585944892539
2268,1.0,0.9999999999999998,0.014181017356391802
2269,1.0,0.9999999999999998,0.019083632957076047
2270,1.0,0.9999999999999998,0.015029772608770912
2271,1.0,0.9999999999999998,0.02202261845524521
2272,1.0,0.9999999999999998,0.02096060436695929
2273,1.0,0.9999999999999998,0.018561214162235266
2274,1.0,0.9999999999999998,0.03135011618708189
2275,1.0,0.9999999999999998,0.021472982196080154
2276,1.0,0.9999999999999998,0.03947130640653753
2277,1.0,0.9999999999999998,0.022969113227899386
2278,1.0,0.9999999999999998,0.013233570076789415
2279,1.0,0.9999999999999998,0.010746529404742723
2280,1.0,0.9999999999999998,0.009473394932210118
2281,1.0,0.9999999999999998,0.01497481130872371
2282,1.0,0.9999999999999998,0.0090684905079454
2283,1.0,0.9999999999999998,0.014106067379531136
2284,1.0,0.9999999999999998,0.005793223974390742
2285,1.0,0.9999999999999998,0.035849950661876004
2286,1.0,0.9999999999999998,0.01389508183966897
2287,1.0,0.9999999999999998,0.010787813383727987
2288,1.0,0.9999999999999998,0.012044492619385283
2289,1.0,0.9999999999999998,0.006253750046344146
2290,1.0,0.9999999999999998,0.03984012506314843
2291,1.0,0.9999999999999998,0.010722334463438336
2292,1.0,0.9999999999999998,0.022254477264431735
2293,1.0,0.9999999999999998,0.006912149534664382
2294,1.0,0.9999999999999998,0.01287583308775949
2295,1.0,0.9999999999999998,0.010389661577402676
2296,1.0,0.9999999999999998,0.0220241079026035
2297,1.0,0.9999999999999998,0.011886572485822755
2298,1.0,0.9999999999999998,0.017742895662341683
2299,1.0,0.9999999999999998,0.007932976024516439
2300,1.0,0.9999999999999998,0.01736017038642619
2301,1.0,0.9999999999999998,0.0043651064689275015
2302,1.0,0.9999999999999998,0.019156574291343688
2303,1.0,0.9999999999999998,0.02954078165747126
2304,1.0,0.9999999999999998,0.02755837077448854
2305,1.0,0.9999999999999998,0.0216821089527301
2306,1.0,0.9999999999999998,0.030851220907401562
2307,1.0,0.9999999999999998,0.028096257459102804
2308,1.0,0.9999999999999998,0.01932911588675034
2309,1.0,0.9999999999999998,0.03755329766695349
2310,1.0,0.9999999999999998,0.007974956880059662
2311,1.0,0.9999999999999998,0.035676441290112354
2312,1.0,0.9999999999999998,0.011530400738976827
2313,1.0,0.9999999999999998,0.021836434038751643
2314,1.0,0.9999999999999998,0.0064945997640119685
2315,1.0,0.9999999999999998,0.01261639360609916
2316,1.0,0.9999999999999998,0.01906682026350013
2317,1.0,0.9999999999999998,0.014199415264914549
2318,1.0,0.9999999999999998,0.02276706917099478
2319,1.0,0.9999999999999998,0.011096817780550904
2320,1.0,0.9999999999999998,0.008405636823376361
2321,1.0,0.9999999999999998,0.03600329462497371
2322,1.0,0.9999999999999998,0.0232183844879253
2323,1.0,0.9999999999999998,0.029018292278805417
2324,1.0,0.9999999999999998,0.010539022585717296
2325,1.0,0.9999999999999998,0.01743877915911554
2326,1.0,0.9999999999999998,0.016088710781470117
2327,1.0,0.9999999999999998,0.012711889334169849
2328,1.0,0.9999999999999998,0.01515911504886551
2329,1.0,0.9999999999999998,0.029068557315493612
2330,1.0,0.9999999999999998,0.024165217411019985
2331,1.0,0.9999999999999998,0.0040301453028018935
2332,1.0,0.9999999999999998,0.014095397491331402
2333,1.0,0.9999999999999998,0.016046718763318757
2334,1.0,0.9999999999999998,0.006363595443357135
2335,1.0,0.9999999999999998,0.009398395787917041
2336,1.0,0.9999999999999998,0.015472544130766534
2337,1.0,0.9999999999999998,0.01154941947282035
2338,1.0,0.9999999999999998,0.02895921722114843
2339,1.0,0.9999999999999998,0.025230947745807905
2340,1.0,0.9999999999999998,0.0067321560041411835
2341,1.0,0.9999999999999998,0.014533506578761304
2342,1.0,0.9999999999999998,0.009752654311301831
2343,1.0,0.9999999999999998,0.02275734417844725
2344,1.0,0.9999999999999998,0.02155040457978738
2345,1.0,0.9999999999999998,0.020086194249815663
2346,1.0,0.9999999999999998,0.020510465210418237
2347,1.0,0.9999999999999998,0.024002760079651485
2348,1.0,0.9999999999999998,0.010471499473524853
2349,1.0,0.9999999999999998,0.014576607130997378
2350,1.0,0.9999999999999998,0.02851358056773784
2351,1.0,0.9999999999999998,0.032995207333249454
2352,1.0,0.9999999999999998,0.0113191185601575
2353,1.0,0.9999999999999998,0.012351151858846235
2354,1.0,0.9999999999999998,0.024005421891985845
2355,1.0,0.9999999999999998,0.008269350571053762
2356,1.0,0.9999999999999998,0.015269613192301183
2357,1.0,0.9999999999999998,0.028298063090006487
2358,1.0,0.9999999999999998,0.03169703117653135
2359,1.0,0.9999999999999998,0.01114618584649378
2360,1.0,0.9999999999999998,0.017451899866951823
2361,1.0,0.9999999999999998,0.01480335237469866
2362,1.0,0.9999999999999998,0.00862537582448726
2363,1.0,0.9999999999999998,0.02286162959268729
2364,1.0,0.9999999999999998,0.012601036374586053
2365,1.0,0.9999999999999998,0.01949289272443252
2366,1.0,0.9999999999999998,0.006235040817288408
2367,1.0,0.9999999999999998,0.00949754901112209
2368,1.0,0.9999999999999998,0.02198935514089092
2369,1.0,0.9999999999999998,0.009547007270149885
2370,1.0,0.9999999999999998,0.010550662665805913
2371,1.0,0.9999999999999998,0.016126390208725055
2372,1.0,0.9999999999999998,0.004823808842387783
2373,1.0,0.9999999999999998,0.006719386461367313
2374,1.0,0.9999999999999998,0.01661249958176301
2375,1.0,0.9999999999999998,0.029262781125770437
2376,1.0,0.9999999999999998,0.020118962025499683
2377,1.0,0.9999999999999998,0.010672743903461658
2378,1.0,0.9999999999999998,0.024387677724903113
2379,1.0,0.9999999999999998,0.018084391527955983
2380,1.0,0.9999999999999998,0.016704253090174002
2381,1.0,0.9999999999999998,0.016794507956015607
2382,1.0,0.9999999999999998,0.008560697068431655
2383,1.0,0.9999999999999998,0.012154764112586008
2384,1.0,0.9999999999999998,0.004424549360902537
2385,1.0,0.9999999999999998,0.007116476970434285
2386,1.0,0.9999999999999998,0.010549179701444152
2387,1.0,0.9999999999999998,0.014370359910133149
2388,1.0,0.9999999999999998,0.012417241888931688
2389,1.0,0.9999999999999998,0.010046644423517631
2390,1.0,0.9999999999999998,0.023195543673395512
2391,1.0,0.9999999999999998,0.021773968216350796
2392,1.0,0.9999999999999998,0.01330167645084248
2393,1.0,0.9999999999999998,0.017646456674054838
2394,1.0,0.9999999999999998,0.030134065543416237
2395,1.0,0.9999999999999998,0.031022579657995535
2396,1.0,0.9999999999999998,0.007595821270394258
2397,1.0,0.9999999999999998,0.017312031594714755
2398,1.0,0.9999999999999998,0.01559978885537082
2399,1.0,0.9999999999999998,0.036501668315594656
2400,1.0,0.9999999999999998,0.032361539305970376
2401,1.0,0.9999999999999998,0.014953377140547001
2402,1.0,0.9999999999999998,0.01189603734646675
2403,1.0,0.9999999999999998,0.046066266670423676
2404,1.0,0.9999999999999998,0.040991200491794576
2405,1.0,0.9999999999999998,0.010717303400560124
2406,1.0,0.9999999999999998,0.009896401013905792
2407,1.0,0.9999999999999998,0.019208972763702203
2408,1.0,0.9999999999999998,0.017186703787773115
2409,1.0,0.9999999999999998,0.03130090791700712
2410,1.0,0.9999999999999998,0.0065994264884973244
2411,1.0,0.9999999999999998,0.015706759433864424
2412,1.0,0.9999999999999998,0.01256307831649045
2413,1.0,0.9999999999999998,0.02946762453980236
2414,1.0,0.9999999999999998,0.02016355457463622
2415,1.0,0.9999999999999998,0.02752819338452054
2416,1.0,0.9999999999999998,0.030702943462495504
2417,1.0,0.9999999999999998,0.011066322817405876
2418,1.0,0.9999999999999998,0.013522572526762061
2419,1.0,0.9999999999999998,0.011750334191480145
2420,1.0,0.9999999999999998,0.013132391317430991
2421,1.0,0.9999999999999998,0.018111280983739868
2422,1.0,0.9999999999999998,0.011732468014395245
2423,1.0,0.9999999999999998,0.009609314172872127
2424,1.0,0.9999999999999998,0.011312157918231557
2425,1.0,0.9999999999999998,0.0216713946693494
2426,1.0,0.9999999999999998,0.022964304184648537
2427,1.0,0.9999999999999998,0.013773235188459652
2428,1.0,0.9999999999999998,0.0049098629268713515
2429,1.0,0.9999999999999998,0.015401264080918214
2430,1.0,0.9999999999999998,0.020378403026980664
2431,1.0,0.9999999999999998,0.0421157045062977
2432,0.9761904761904763,0.9285714285714285,0.03843438798303632
2433,1.0,0.9999999999999998,0.030097606599787448
2434,1.0,0.9999999999999998,0.021550525539248848
2435,1.0,0.9999999999999998,0.01716206261143651
2436,1.0,0.9999999999999998,0.013077259278643324
2437,1.0,0.9999999999999998,0.023396023000418965
2438,1.0,0.9999999999999998,0.021914174188555728
2439,1.0,0.9999999999999998,0.028187260062206197
2440,1.0,0.9999999999999998,0.010726260060771126
2441,1.0,0.9999999999999998,0.006540861412015361
2442,1.0,0.9999999999999998,0.015424391339273091
2443,1.0,0.9999999999999998,0.03280225479159226
2444,1.0,0.9999999999999998,0.02440681259249477
2445,1.0,0.9999999999999998,0.014607006586498585
2446,1.0,0.9999999999999998,0.012402376105839642
2447,1.0,0.9999999999999998,0.021129504655094895
2448,1.0,0.9999999999999998,0.014711244339308031
2449,1.0,0.9999999999999998,0.01581727952135826
2450,1.0,0.9999999999999998,0.004144217075094055
2451,1.0,0.9999999999999998,0.01795926016264751
2452,1.0,0.9999999999999998,0.017549294605882802
2453,1.0,0.9999999999999998,0.005744378093159919
2454,1.0,0.9999999999999998,0.019168593166564975
2455,1.0,0.9999999999999998,0.032840794200835806
2456,1.0,0.9999999999999998,0.021577959214652602
2457,0.9761904761904763,0.9285714285714285,0.042545052674031525
2458,1.0,0.9999999999999998,0.018260921751252032
2459,1.0,0.9999999999999998,0.010214355147303698
2460,1.0,0.9999999999999998,0.013872758106421038
2461,1.0,0.9999999999999998,0.018621693335482782
2462,1.0,0.9999999999999998,0.009002200847375151
2463,1.0,0.9999999999999998,0.020054460318988013
2464,1.0,0.9999999999999998,0.023872374439854654
2465,1.0,0.9999999999999998,0.008197280064420512
2466,1.0,0.9999999999999998,0.02231063404790607
2467,1.0,0.9999999999999998,0.01538038630553739
2468,1.0,0.9999999999999998,0.014733985150781899
2469,1.0,0.9999999999999998,0.025403269071034747
2470,1.0,0.9999999999999998,0.015046552286592768
2471,1.0,0.9999999999999998,0.021949625075921513
2472,1.0,0.9999999999999998,0.026688541363569275
2473,1.0,0.9999999999999998,0.03201091869856092
2474,1.0,0.9999999999999998,0.012292607359568983
2475,1.0,0.9999999999999998,0.04175871482012791
2476,1.0,0.9999999999999998,0.01284912365899498
2477,1.0,0.9999999999999998,0.018048787472866153
2478,1.0,0.9999999999999998,0.007148938779899534
2479,1.0,0.9999999999999998,0.01442516828367138
2480,1.0,0.9999999999999998,0.008710853165199678
2481,1.0,0.9999999999999998,0.007000635522360542
2482,1.0,0.9999999999999998,0.011672238493069503
2483,1.0,0.9999999999999998,0.004578645243200598
2484,1.0,0.9999999999999998,0.018041945293459746
2485,1.0,0.9999999999999998,0.008522792998151688
2486,1.0,0.9999999999999998,0.0317684907552637
2487,1.0,0.9999999999999998,0.03112594078726527
2488,1.0,0.9999999999999998,0.01889150192619571
2489,1.0,0.9999999999999998,0.015071526673532551
2490,1.0,0.9999999999999998,0.025445641090844316
2491,1.0,0.9999999999999998,0.02574074354901442
2492,1.0,0.9999999999999998,0.034302890671821386
2493,1.0,0.9999999999999998,0.020919303759332923
2494,1.0,0.9999999999999998,0.028920284092847685
2495,1.0,0.9999999999999998,0.02613363817897861
2496,1.0,0.9999999999999998,0.006040859115419246
2497,1.0,0.9999999999999998,0.016883361952639765
2498,1.0,0.9999999999999998,0.02349517773389665
2499,1.0,0.9999999999999998,0.022749209454333015
2500,1.0,0.9999999999999998,0.028230804919000513
2501,1.0,0.9999999999999998,0.028333450923525988
2502,1.0,0.9999999999999998,0.035708191039204744
2503,1.0,0.9999999999999998,0.018308045749104003
2504,1.0,0.9999999999999998,0.018964881298080632
2505,1.0,0.9999999999999998,0.012718611486392598
2506,1.0,0.9999999999999998,0.027102821435656815
2507,1.0,0.9999999999999998,0.018768298729438644
2508,1.0,0.9999999999999998,0.028779675823062824
2509,1.0,0.9999999999999998,0.013519973095376177
2510,1.0,0.9999999999999998,0.009759278772248359
2511,1.0,0.9999999999999998,0.005021547584537704
2512,1.0,0.9999999999999998,0.015559824379207499
2513,1.0,0.9999999999999998,0.01056520696326016
2514,1.0,0.9999999999999998,0.01772153527284725
2515,1.0,0.9999999999999998,0.008424364470027548
2516,1.0,0.9999999999999998,0.013953591597637267
2517,1.0,0.9999999999999998,0.012526982954681042
2518,1.0,0.9999999999999998,0.006693607291125676
2519,1.0,0.9999999999999998,0.00905353023471172
2520,1.0,0.9999999999999998,0.007932550985295161
2521,1.0,0.9999999999999998,0.013936769241661304
2522,1.0,0.9999999999999998,0.011545047720968614
2523,1.0,0.9999999999999998,0.02638302253010326
2524,1.0,0.9999999999999998,0.00913700252391901
2525,1.0,0.9999999999999998,0.0036763401341791332
2526,1.0,0.9999999999999998,0.006443865493982334
2527,1.0,0.9999999999999998,0.017931823209967
2528,1.0,0.9999999999999998,0.029886626330661914
2529,1.0,0.9999999999999998,0.006491837257174081
2530,1.0,0.9999999999999998,0.03947616731088928
2531,1.0,0.9999999999999998,0.0306173445830297
2532,1.0,0.9999999999999998,0.014798246407530816
2533,1.0,0.9999999999999998,0.03324535420005459
2534,1.0,0.9999999999999998,0.012802693116896871
2535,1.0,0.9999999999999998,0.028959709354191045
2536,1.0,0.9999999999999998,0.01176178633524997
2537,1.0,0.9999999999999998,0.04029328964204006
2538,1.0,0.9999999999999998,0.013010908241150615
2539,1.0,0.9999999999999998,0.015728671213256273
2540,1.0,0.9999999999999998,0.0068894819321657225
2541,1.0,0.9999999999999998,0.006140714094163578
2542,1.0,0.9999999999999998,0.03293322491672136
2543,1.0,0.9999999999999998,0.023952287820338536
2544,1.0,0.9999999999999998,0.012533622981468096
2545,1.0,0.9999999999999998,0.017111561798888723
2546,1.0,0.9999999999999998,0.03622616520695281
2547,1.0,0.9999999999999998,0.03529838508466249
2548,1.0,0.9999999999999998,0.031006749091702028
2549,1.0,0.9999999999999998,0.030305542976283607
2550,1.0,0.9999999999999998,0.03687240367277886
2551,1.0,0.9999999999999998,0.034087882533080247
2552,1.0,0.9999999999999998,0.0291229554915896
2553,1.0,0.9999999999999998,0.0135383389016469
2554,1.0,0.9999999999999998,0.00913898879821494
2555,1.0,0.9999999999999998,0.018231624716417177
2556,1.0,0.9999999999999998,0.021933950815456883
2557,1.0,0.9999999999999998,0.032461042775055356
2558,1.0,0.9999999999999998,0.01560325495428
2559,1.0,0.9999999999999998,0.029658417938053246
2560,1.0,0.9999999999999998,0.014730001041089152
2561,1.0,0.9999999999999998,0.019852662018614284
2562,1.0,0.9999999999999998,0.030434583559978315
2563,1.0,0.9999999999999998,0.013879834922886448
2564,1.0,0.9999999999999998,0.024023049386919758
2565,1.0,0.9999999999999998,0.012888567259876867
2566,1.0,0.9999999999999998,0.01410182408352234
2567,1.0,0.9999999999999998,0.007671351542158991
2568,1.0,0.9999999999999998,0.04245478920023505
2569,1.0,0.9999999999999998,0.01528583428185714
2570,1.0,0.9999999999999998,0.01464764765423198
2571,1.0,0.9999999999999998,0.01605629798719608
2572,1.0,0.9999999999999998,0.025550461502723956
2573,1.0,0.9999999999999998,0.01389093094256394
2574,1.0,0.9999999999999998,0.03536457658221227
2575,0.9761904761904763,0.9285714285714285,0.03881132557208187
2576,1.0,0.9999999999999998,0.017606417075563777
2577,1.0,0.9999999999999998,0.03427651920379853
2578,1.0,0.9999999999999998,0.024838041299075506
2579,1.0,0.9999999999999998,0.009589819730401156
2580,1.0,0.9999999999999998,0.015005375209099343
2581,1.0,0.9999999999999998,0.020582427346411435
2582,1.0,0.9999999999999998,0.016543442014725608
2583,1.0,0.9999999999999998,0.01159761328308763
2584,1.0,0.9999999999999998,0.02153420629961038
2585,1.0,0.9999999999999998,0.01886992477130702
2586,1.0,0.9999999999999998,0.029635186321067916
2587,1.0,0.9999999999999998,0.006262533323722966
2588,1.0,0.9999999999999998,0.010849324669765952
2589,1.0,0.9999999999999998,0.010237848863306413
2590,1.0,0.9999999999999998,0.008868698154255991
2591,1.0,0.9999999999999998,0.011026698416811288
2592,1.0,0.9999999999999998,0.013703493808280981
2593,1.0,0.9999999999999998,0.023888325233233754
2594,1.0,0.9999999999999998,0.015651907493935142
2595,1.0,0.9999999999999998,0.018530515803686608
2596,1.0,0.9999999999999998,0.03316757338073623
2597,1.0,0.9999999999999998,0.010893347787270559
2598,1.0,0.9999999999999998,0.015823457864700352
2599,1.0,0.9999999999999998,0.006247676667636176
2600,1.0,0.9999999999999998,0.023395381676576968
2601,1.0,0.9999999999999998,0.013328152072528993
2602,1.0,0.9999999999999998,0.0051915598743794075
2603,1.0,0.9999999999999998,0.014345331174565823
2604,1.0,0.9999999999999998,0.023067202496372896
2605,1.0,0.9999999999999998,0.02888291092793944
2606,1.0,0.9999999999999998,0.016982135525566773
2607,1.0,0.9999999999999998,0.01717315251906159
2608,1.0,0.9999999999999998,0.012337416177958513
2609,1.0,0.9999999999999998,0.021545213264768923
2610,1.0,0.9999999999999998,0.012001219112240023
2611,1.0,0.9999999999999998,0.032038567767732645
2612,1.0,0.9999999999999998,0.00847482440760955
2613,1.0,0.9999999999999998,0.027521921909591816
2614,0.9761904761904763,0.9285714285714285,0.03873451448812186
2615,1.0,0.9999999999999998,0.030953954224502173
2616,1.0,0.9999999999999998,0.013412813996527634
2617,1.0,0.9999999999999998,0.005692615575037967
2618,1.0,0.9999999999999998,0.018886271357902565
2619,1.0,0.9999999999999998,0.01556186228687071
2620,1.0,0.9999999999999998,0.0215653712798686
2621,1.0,0.9999999999999998,0.014993558164025332
2622,1.0,0.9999999999999998,0.00969637399533689
2623,1.0,0.9999999999999998,0.01985834321392426
2624,1.0,0.9999999999999998,0.014125675211111542
2625,1.0,0.9999999999999998,0.024175687231248355
2626,1.0,0.9999999999999998,0.01817101844021985
2627,1.0,0.9999999999999998,0.006710190249152356
2628,1.0,0.9999999999999998,0.03722001862827792
2629,1.0,0.9999999999999998,0.032751798300254806
2630,1.0,0.9999999999999998,0.04465371540461623
2631,1.0,0.9999999999999998,0.007175555683577785
2632,1.0,0.9999999999999998,0.023534332952247286
2633,1.0,0.9999999999999998,0.019398349685928885
2634,1.0,0.9999999999999998,0.024044093525175773
2635,1.0,0.9999999999999998,0.043788970031938365
2636,1.0,0.9999999999999998,0.025381019957604202
2637,1.0,0.9999999999999998,0.019980702301391526
2638,1.0,0.9999999999999998,0.008165436172876156
2639,1.0,0.9999999999999998,0.030668816445593737
2640,1.0,0.9999999999999998,0.01754840475278919
2641,1.0,0.9999999999999998,0.04163175966238971
2642,1.0,0.9999999999999998,0.009471551595700158
2643,1.0,0.9999999999999998,0.015257491478488927
2644,1.0,0.9999999999999998,0.03461265436063781
2645,1.0,0.9999999999999998,0.007544929634966335
2646,1.0,0.9999999999999998,0.014826503538134694
2647,1.0,0.9999999999999998,0.007604144043676472
2648,1.0,0.9999999999999998,0.01247168993983016
2649,1.0,0.9999999999999998,0.020779052055602362
2650,1.0,0.9999999999999998,0.014368678825958166
2651,1.0,0.9999999999999998,0.03428690966883125
2652,1.0,0.9999999999999998,0.02812145093499961
2653,1.0,0.9999999999999998,0.010786790916133472
2654,1.0,0.9999999999999998,0.007389863066265101
2655,1.0,0.9999999999999998,0.016315105410448894
2656,1.0,0.9999999999999998,0.02193543197501978
2657,1.0,0.9999999999999998,0.01957871259617163
2658,1.0,0.9999999999999998,0.011857113190900957
2659,1.0,0.9999999999999998,0.019537615021508546
2660,1.0,0.9999999999999998,0.012786840820834769
2661,1.0,0.9999999999999998,0.008999336846219959
2662,1.0,0.9999999999999998,0.033059507247960786
2663,1.0,0.9999999999999998,0.015662337114508006
2664,1.0,0.9999999999999998,0.009994614383916724
2665,1.0,0.9999999999999998,0.012030311587470956
2666,1.0,0.9999999999999998,0.013638506155819914
2667,1.0,0.9999999999999998,0.010695718037130389
2668,1.0,0.9999999999999998,0.017202906458814456
2669,1.0,0.9999999999999998,0.0014175234464897934
2670,1.0,0.9999999999999998,0.004196672313493646
2671,1.0,0.9999999999999998,0.006214307276214387
2672,1.0,0.9999999999999998,0.02077904119074154
2673,1.0,0.9999999999999998,0.01639029983375887
2674,1.0,0.9999999999999998,0.012652703559606425
2675,1.0,0.9999999999999998,0.03277425275776392
2676,1.0,0.9999999999999998,0.027925878633899594
2677,1.0,0.9999999999999998,0.011998381358735023
2678,1.0,0.9999999999999998,0.00983733739113276
2679,1.0,0.9999999999999998,0.014542514904656696
2680,1.0,0.9999999999999998,0.04048124758405936
2681,1.0,0.9999999999999998,0.011792523072173863
2682,1.0,0.9999999999999998,0.018735286108518517
2683,1.0,0.9999999999999998,0.031194763919971183
2684,1.0,0.9999999999999998,0.026390907803613223
2685,1.0,0.9999999999999998,0.016604147251736
2686,1.0,0.9999999999999998,0.030574846029336952
2687,1.0,0.9999999999999998,0.02235075849225651
2688,1.0,0.9999999999999998,0.011960250793095331
2689,1.0,0.9999999999999998,0.031448694639613
2690,1.0,0.9999999999999998,0.02821154508518496
2691,1.0,0.9999999999999998,0.007772829388423337
2692,1.0,0.9999999999999998,0.01908638678288023
2693,1.0,0.9999999999999998,0.02613557853793047
2694,1.0,0.9999999999999998,0.016248669451692947
2695,1.0,0.9999999999999998,0.010644574606659643
2696,1.0,0.9999999999999998,0.004180816590222819
2697,1.0,0.9999999999999998,0.008770589489285253
2698,1.0,0.9999999999999998,0.020815323243946422
2699,1.0,0.9999999999999998,0.028382432549973247
2700,1.0,0.9999999999999998,0.009780207276358477
2701,1.0,0.9999999999999998,0.03103281036280664
2702,1.0,0.9999999999999998,0.021705876683461932
2703,1.0,0.9999999999999998,0.00861444137787959
2704,1.0,0.9999999999999998,0.025205739809365496
2705,1.0,0.9999999999999998,0.00854229982856465
2706,1.0,0.9999999999999998,0.03420806848203893
2707,1.0,0.9999999999999998,0.031142781807339807
2708,1.0,0.9999999999999998,0.014585125701057355
2709,1.0,0.9999999999999998,0.03869779502979738
2710,1.0,0.9999999999999998,0.008788488066064026
2711,1.0,0.9999999999999998,0.036237643559683015
2712,1.0,0.9999999999999998,0.02534695601159878
2713,1.0,0.9999999999999998,0.01550921606938608
2714,1.0,0.9999999999999998,0.013623822721464604
2715,1.0,0.9999999999999998,0.013997800749744799
2716,1.0,0.9999999999999998,0.021310876813557506
2717,1.0,0.9999999999999998,0.005386707302114366
2718,1.0,0.9999999999999998,0.023996705140590907
2719,1.0,0.9999999999999998,0.033695187625414534
2720,1.0,0.9999999999999998,0.011030914032836896
2721,1.0,0.9999999999999998,0.031106805287237776
2722,1.0,0.9999999999999998,0.0318227179208928
2723,1.0,0.9999999999999998,0.017560005488757628
2724,1.0,0.9999999999999998,0.021969690006004496
2725,1.0,0.9999999999999998,0.011489763711443245
2726,1.0,0.9999999999999998,0.011069223816804634
2727,1.0,0.9999999999999998,0.03281769513537199
2728,1.0,0.9999999999999998,0.013718987812805512
2729,1.0,0.9999999999999998,0.02776444365049094
2730,1.0,0.9999999999999998,0.01550962079303344
2731,1.0,0.9999999999999998,0.028687169970366425
2732,1.0,0.9999999999999998,0.03264028808431282
2733,1.0,0.9999999999999998,0.009225788748878833
2734,1.0,0.9999999999999998,0.01589038674795295
2735,1.0,0.9999999999999998,0.010498660441885396
2736,1.0,0.9999999999999998,0.03092963931062783
2737,1.0,0.9999999999999998,0.014376322350516314
2738,1.0,0.9999999999999998,0.017496009028099238
2739,1.0,0.9999999999999998,0.03428639147922898
2740,1.0,0.9999999999999998,0.011275003225037272
2741,1.0,0.9999999999999998,0.03267891818393965
2742,1.0,0.9999999999999998,0.035360976356612575
2743,1.0,0.9999999999999998,0.020661750049063725
2744,1.0,0.9999999999999998,0.022478730200741773
2745,1.0,0.9999999999999998,0.007935299667691471
2746,1.0,0.9999999999999998,0.024686215995143673
2747,1.0,0.9999999999999998,0.008651934563335538
2748,1.0,0.9999999999999998,0.013565758770190499
2749,1.0,0.9999999999999998,0.003149255852509046
2750,1.0,0.9999999999999998,0.011218705517842861
2751,1.0,0.9999999999999998,0.015395425321340132
2752,1.0,0.9999999999999998,0.010339298345519464
2753,1.0,0.9999999999999998,0.0062381418463067564
2754,1.0,0.9999999999999998,0.005405649883105393
2755,1.0,0.9999999999999998,0.02346664196351772
2756,1.0,0.9999999999999998,0.011859429219040166
2757,1.0,0.9999999999999998,0.025983805713909916
2758,1.0,0.9999999999999998,0.010998709096416787
2759,1.0,0.9999999999999998,0.016360179326304222
2760,1.0,0.9999999999999998,0.027595757526873974
2761,1.0,0.9999999999999998,0.02288864087936445
2762,1.0,0.9999999999999998,0.017126893310873303
2763,1.0,0.9999999999999998,0.030984047422625005
2764,1.0,0.9999999999999998,0.021489222144753448
2765,1.0,0.9999999999999998,0.015061783170392133
2766,1.0,0.9999999999999998,0.021870556476648588
2767,1.0,0.9999999999999998,0.012569578237140618
2768,1.0,0.9999999999999998,0.007079694752606107
2769,1.0,0.9999999999999998,0.027367398449346617
2770,1.0,0.9999999999999998,0.03129018178236098
2771,1.0,0.9999999999999998,0.005778935107251228
2772,1.0,0.9999999999999998,0.016219227890887575
2773,1.0,0.9999999999999998,0.012804866601523975
2774,1.0,0.9999999999999998,0.02747404162293004
2775,1.0,0.9999999999999998,0.009837161064185605
2776,1.0,0.9999999999999998,0.010850494284781624
2777,1.0,0.9999999999999998,0.024157889015445883
2778,1.0,0.9999999999999998,0.013084334641737465
2779,1.0,0.9999999999999998,0.0112851543153513
2780,1.0,0.9999999999999998,0.01808584999598671
2781,1.0,0.9999999999999998,0.012574717739408138
2782,1.0,0.9999999999999998,0.02816349274385735
2783,1.0,0.9999999999999998,0.02767577212766667
2784,1.0,0.9999999999999998,0.021276736274039552
2785,1.0,0.9999999999999998,0.011903145815268294
2786,1.0,0.9999999999999998,0.007603073134882711
2787,1.0,0.9999999999999998,0.013324739594836543
2788,1.0,0.9999999999999998,0.022786990690871325
2789,1.0,0.9999999999999998,0.027022384395577415
2790,1.0,0.9999999999999998,0.017928143405666987
2791,1.0,0.9999999999999998,0.0038495453081733924
2792,1.0,0.9999999999999998,0.021427393141196356
2793,1.0,0.9999999999999998,0.030535123406939972
2794,1.0,0.9999999999999998,0.02472132411584086
2795,1.0,0.9999999999999998,0.030517825383005688
2796,1.0,0.9999999999999998,0.019961135955801818
2797,1.0,0.9999999999999998,0.009408963949826779
2798,1.0,0.9999999999999998,0.018438115134806136
2799,1.0,0.9999999999999998,0.036014615846700355
2800,1.0,0.9999999999999998,0.004721423480801755
2801,1.0,0.9999999999999998,0.009496784400577808
2802,1.0,0.9999999999999998,0.0035138845993439513
2803,1.0,0.9999999999999998,0.017471903029793873
2804,1.0,0.9999999999999998,0.0056272275208662445
2805,1.0,0.9999999999999998,0.021104278406989592
2806,1.0,0.9999999999999998,0.011793451709265476
2807,1.0,0.9999999999999998,0.01488469465405226
2808,1.0,0.9999999999999998,0.012565516055942055
2809,1.0,0.9999999999999998,0.013675343237759471
2810,1.0,0.9999999999999998,0.0267759014622328
2811,1.0,0.9999999999999998,0.02291008540489168
2812,1.0,0.9999999999999998,0.021819038878109077
2813,1.0,0.9999999999999998,0.012800842411375794
2814,1.0,0.9999999999999998,0.015034293070163955
2815,1.0,0.9999999999999998,0.005411282303250775
2816,1.0,0.9999999999999998,0.004191045192600801
2817,1.0,0.9999999999999998,0.015273739377448976
2818,1.0,0.9999999999999998,0.016136118082693454
2819,1.0,0.9999999999999998,0.01059688148398489
2820,1.0,0.9999999999999998,0.0211164818968147
2821,1.0,0.9999999999999998,0.02217495206943177
2822,1.0,0.9999999999999998,0.022837156553268782
2823,1.0,0.9999999999999998,0.02924332786601766
2824,1.0,0.9999999999999998,0.039152191731617575
2825,1.0,0.9999999999999998,0.00648947950888272
2826,1.0,0.9999999999999998,0.03022624034679333
2827,1.0,0.9999999999999998,0.005515456885487692
2828,1.0,0.9999999999999998,0.01153512656449654
2829,1.0,0.9999999999999998,0.012220288237884618
2830,1.0,0.9999999999999998,0.019097508845283107
2831,1.0,0.9999999999999998,0.016551022285675482
2832,1.0,0.9999999999999998,0.0021655189256991475
2833,1.0,0.9999999999999998,0.008316821918850074
2834,1.0,0.9999999999999998,0.011719722067024319
2835,1.0,0.9999999999999998,0.030418436134510132
2836,1.0,0.9999999999999998,0.008767559786358556
2837,1.0,0.9999999999999998,0.01734903240929906
2838,1.0,0.9999999999999998,0.017420358845742757
2839,1.0,0.9999999999999998,0.03915616746919161
2840,1.0,0.9999999999999998,0.025011546320028513
2841,1.0,0.9999999999999998,0.017505349629356515
2842,1.0,0.9999999999999998,0.02850252765995711
2843,1.0,0.9999999999999998,0.01970489615327544
2844,1.0,0.9999999999999998,0.020873432952299507
2845,1.0,0.9999999999999998,0.009698063372593067
2846,0.9761904761904763,0.9285714285714285,0.046475434928166616
2847,1.0,0.9999999999999998,0.03860657042004236
2848,1.0,0.9999999999999998,0.016577729905423458
2849,1.0,0.9999999999999998,0.017514245896494723
2850,1.0,0.9999999999999998,0.01168693120402587
2851,1.0,0.9999999999999998,0.023216919462562165
2852,1.0,0.9999999999999998,0.041615639573982385
2853,1.0,0.9999999999999998,0.009889304005271764
2854,1.0,0.9999999999999998,0.007617190466256703
2855,1.0,0.9999999999999998,0.008387418472685343
2856,1.0,0.9999999999999998,0.011257831549517108
2857,1.0,0.9999999999999998,0.010719177519917238
2858,1.0,0.9999999999999998,0.021062733412169896
2859,1.0,0.9999999999999998,0.022559304439329672
2860,1.0,0.9999999999999998,0.03762496964529263
2861,1.0,0.9999999999999998,0.013615748768138772
2862,1.0,0.9999999999999998,0.014743381894918077
2863,1.0,0.9999999999999998,0.020840668526967178
2864,1.0,0.9999999999999998,0.027963889576280487
2865,1.0,0.9999999999999998,0.00927320599998939
2866,1.0,0.9999999999999998,0.01668724208744176
2867,1.0,0.9999999999999998,0.01543014448246971
2868,1.0,0.9999999999999998,0.016494026446089605
2869,1.0,0.9999999999999998,0.016049300228485622
2870,1.0,0.9999999999999998,0.013013867056577616
2871,0.9761904761904763,0.9285714285714285,0.04074730823363122
2872,1.0,0.9999999999999998,0.03168770179594305
2873,1.0,0.9999999999999998,0.016852465195640313
2874,1.0,0.9999999999999998,0.005054053119731304
2875,1.0,0.9999999999999998,0.02137464202304156
2876,1.0,0.9999999999999998,0.008093747193413346
2877,1.0,0.9999999999999998,0.014576411297653767
2878,1.0,0.9999999999999998,0.012494028396266496
2879,1.0,0.9999999999999998,0.01094522358462443
2880,1.0,0.9999999999999998,0.02422398248318622
2881,1.0,0.9999999999999998,0.0203522214403418
2882,1.0,0.9999999999999998,0.026091327210339188
2883,1.0,0.9999999999999998,0.017326042940338487
2884,1.0,0.9999999999999998,0.010009394898965372
2885,1.0,0.9999999999999998,0.020351186180384236
2886,1.0,0.9999999999999998,0.013398681711538497
2887,1.0,0.9999999999999998,0.012841995243259977
2888,1.0,0.9999999999999998,0.027642175626993705
2889,1.0,0.9999999999999998,0.023134830842275758
2890,1.0,0.9999999999999998,0.0190927624966596
2891,1.0,0.9999999999999998,0.014879643885226425
2892,1.0,0.9999999999999998,0.008208931201775752
2893,1.0,0.9999999999999998,0.008586357525837328
2894,1.0,0.9999999999999998,0.02101147433177393
2895,1.0,0.9999999999999998,0.01471812659014804
2896,1.0,0.9999999999999998,0.021723257824416323
2897,1.0,0.9999999999999998,0.011880119136422743
2898,1.0,0.9999999999999998,0.028972400454938353
2899,1.0,0.9999999999999998,0.007761962790002484
2900,1.0,0.9999999999999998,0.016701411269096127
2901,1.0,0.9999999999999998,0.04045151537034749
2902,1.0,0.9999999999999998,0.014048671847449519
2903,1.0,0.9999999999999998,0.00706377506667577
2904,1.0,0.9999999999999998,0.010687088367234782
2905,1.0,0.9999999999999998,0.012383073696853264
2906,1.0,0.9999999999999998,0.015129490054222754
2907,1.0,0.9999999999999998,0.009469945490579265
2908,1.0,0.9999999999999998,0.009641090270550996
2909,1.0,0.9999999999999998,0.007923534130339659
2910,1.0,0.9999999999999998,0.014086474345478502
2911,1.0,0.9999999999999998,0.011147458073018104
2912,1.0,0.9999999999999998,0.03342865269275372
2913,1.0,0.9999999999999998,0.01778171505439511
2914,1.0,0.9999999999999998,0.012971469534465166
2915,1.0,0.9999999999999998,0.03442646751423103
2916,1.0,0.9999999999999998,0.019546171640190242
2917,1.0,0.9999999999999998,0.018337348963123577
2918,1.0,0.9999999999999998,0.020336931183301953
2919,1.0,0.9999999999999998,0.008355671171380842
2920,1.0,0.9999999999999998,0.018590349380632684
2921,1.0,0.9999999999999998,0.00870666128670658
2922,1.0,0.9999999999999998,0.023425574429818165
2923,1.0,0.9999999999999998,0.023469299644061394
2924,1.0,0.9999999999999998,0.016081429426641224
2925,1.0,0.9999999999999998,0.007226584758288891
2926,1.0,0.9999999999999998,0.027919317475917894
2927,1.0,0.9999999999999998,0.014868024078238049
2928,1.0,0.9999999999999998,0.007173226898868006
2929,1.0,0.9999999999999998,0.005992746314938874
2930,1.0,0.9999999999999998,0.027037175489804895
2931,1.0,0.9999999999999998,0.026711919803520202
2932,1.0,0.9999999999999998,0.03978018687596857
2933,1.0,0.9999999999999998,0.01387515568412867
2934,1.0,0.9999999999999998,0.024493045779452376
2935,1.0,0.9999999999999998,0.007014093962784712
2936,1.0,0.9999999999999998,0.02620909383073458
2937,1.0,0.9999999999999998,0.007554406413907831
2938,1.0,0.9999999999999998,0.02800256350452015
2939,1.0,0.9999999999999998,0.03752422593980945
2940,1.0,0.9999999999999998,0.023678307611482166
2941,1.0,0.9999999999999998,0.024330461567362453
2942,1.0,0.9999999999999998,0.02215656443837559
2943,1.0,0.9999999999999998,0.021768441466646783
2944,1.0,0.9999999999999998,0.023985441948440815
2945,1.0,0.9999999999999998,0.03446621894519596
2946,1.0,0.9999999999999998,0.015908926830910275
2947,1.0,0.9999999999999998,0.022408527847121662
2948,1.0,0.9999999999999998,0.024538108702854437
2949,1.0,0.9999999999999998,0.005423642662713474
2950,1.0,0.9999999999999998,0.01657091012751656
2951,1.0,0.9999999999999998,0.01677715219108259
2952,1.0,0.9999999999999998,0.028962647146569036
2953,1.0,0.9999999999999998,0.008522123894791518
2954,1.0,0.9999999999999998,0.0384569346522285
2955,1.0,0.9999999999999998,0.023297932618043193
2956,1.0,0.9999999999999998,0.03139136215855197
2957,1.0,0.9999999999999998,0.006301185008282209
2958,1.0,0.9999999999999998,0.01882123993327764
2959,1.0,0.9999999999999998,0.004953887357031013
2960,1.0,0.9999999999999998,0.013805701578869983
2961,1.0,0.9999999999999998,0.03314871261604096
2962,1.0,0.9999999999999998,0.018305126451233826
2963,1.0,0.9999999999999998,0.03876302950727204
2964,1.0,0.9999999999999998,0.013561637837838612
2965,1.0,0.9999999999999998,0.030054812550581282
2966,1.0,0.9999999999999998,0.013118321835281187
2967,1.0,0.9999999999999998,0.010678111380952468
2968,1.0,0.9999999999999998,0.007778858098175891
2969,1.0,0.9999999999999998,0.01739003319623879
2970,1.0,0.9999999999999998,0.006756289904686866
2971,1.0,0.9999999999999998,0.0071793513652768925
2972,1.0,0.9999999999999998,0.0070679591900749544
2973,1.0,0.9999999999999998,0.01875862031241643
2974,1.0,0.9999999999999998,0.018870912514134773
2975,1.0,0.9999999999999998,0.013415169694592825
2976,1.0,0.9999999999999998,0.011437690999734532
2977,0.9761904761904763,0.9285714285714285,0.0418780142521005
2978,1.0,0.9999999999999998,0.007266747672071687
2979,1.0,0.9999999999999998,0.0314519179084118
2980,1.0,0.9999999999999998,0.04117712231580952
2981,1.0,0.9999999999999998,0.024261824503556385
2982,1.0,0.9999999999999998,0.011178125795292905
2983,1.0,0.9999999999999998,0.008970128411734314
2984,1.0,0.9999999999999998,0.027472249772780025
2985,1.0,0.9999999999999998,0.008236240098851447
2986,1.0,0.9999999999999998,0.011620278431873292
2987,1.0,0.9999999999999998,0.0147598880744585
2988,1.0,0.9999999999999998,0.027821461798275042
2989,1.0,0.9999999999999998,0.014668069781405169
2990,1.0,0.9999999999999998,0.01745930416046864
2991,1.0,0.9999999999999998,0.006622984668593283
2992,1.0,0.9999999999999998,0.011216909707882632
2993,1.0,0.9999999999999998,0.018306446780087
2994,1.0,0.9999999999999998,0.009012221052960276
2995,1.0,0.9999999999999998,0.008823667942154473
2996,1.0,0.9999999999999998,0.016208222474204906
2997,1.0,0.9999999999999998,0.03719688001224443
2998,1.0,0.9999999999999998,0.008525933138441417
2999,1.0,0.9999999999999998,0.03494452277161804
3000,1.0,0.9999999999999998,0.015376038749368166
3001,1.0,0.9999999999999998,0.011233388740356683
3002,1.0,0.9999999999999998,0.016811594194532868
3003,1.0,0.9999999999999998,0.01508551546815274
3004,1.0,0.9999999999999998,0.029275934984759847
3005,1.0,0.9999999999999998,0.0026175212543688084
3006,1.0,0.9999999999999998,0.01986381814324971
3007,1.0,0.9999999999999998,0.019062501081036375
3008,0.9761904761904763,0.9285714285714285,0.04653744535231089
3009,1.0,0.9999999999999998,0.019606863143679674
3010,1.0,0.9999999999999998,0.031903480395345296
3011,1.0,0.9999999999999998,0.0056392606589518515
3012,1.0,0.9999999999999998,0.009698224803915634
3013,1.0,0.9999999999999998,0.02962400776713072
3014,1.0,0.9999999999999998,0.013458288819253962
3015,1.0,0.9999999999999998,0.044461799127094456
3016,1.0,0.9999999999999998,0.008039604442938601
3017,1.0,0.9999999999999998,0.011642611721098713
3018,1.0,0.9999999999999998,0.03337037971494606
3019,1.0,0.9999999999999998,0.01842042883155494
3020,1.0,0.9999999999999998,0.01639609547891345
3021,1.0,0.9999999999999998,0.018017471288236414
3022,1.0,0.9999999999999998,0.009618901035205712
3023,1.0,0.9999999999999998,0.01546631073537627
3024,1.0,0.9999999999999998,0.021335813190715015
3025,1.0,0.9999999999999998,0.018624431729216635
3026,1.0,0.9999999999999998,0.011642893261979176
3027,1.0,0.9999999999999998,0.03304508435253065
3028,1.0,0.9999999999999998,0.022895604626195068
3029,1.0,0.9999999999999998,0.015362453212135474
3030,0.9761904761904763,0.9285714285714285,0.04112117876078407
3031,0.9761904761904763,0.9285714285714285,0.04419013924099422
3032,1.0,0.9999999999999998,0.02697323016843718
3033,1.0,0.9999999999999998,0.013226627141063506
3034,1.0,0.9999999999999998,0.011474863381610599
3035,1.0,0.9999999999999998,0.01391373640344487
3036,1.0,0.9999999999999998,0.034231240786623734
3037,1.0,0.9999999999999998,0.018110150356301022
3038,1.0,0.9999999999999998,0.023192548445733888
3039,1.0,0.9999999999999998,0.017929433986317557
3040,1.0,0.9999999999999998,0.01261696113587401
3041,1.0,0.9999999999999998,0.01659536681638854
3042,1.0,0.9999999999999998,0.008717251482351293
3043,1.0,0.9999999999999998,0.026066757138766064
3044,1.0,0.9999999999999998,0.012933079471826668
3045,1.0,0.9999999999999998,0.02347147598781607
3046,1.0,0.9999999999999998,0.01117398799953915
3047,1.0,0.9999999999999998,0.009226526759629212
3048,1.0,0.9999999999999998,0.015392220213363082
3049,1.0,0.9999999999999998,0.017594630930576623
3050,1.0,0.9999999999999998,0.017947141688661628
3051,1.0,0.9999999999999998,0.03315011881998791
3052,1.0,0.9999999999999998,0.030552154101939448
3053,1.0,0.9999999999999998,0.025087032891805604
3054,1.0,0.9999999999999998,0.017770020803329935
3055,1.0,0.9999999999999998,0.022738982814846424
3056,1.0,0.9999999999999998,0.026005279415719833
3057,1.0,0.9999999999999998,0.033435364220994974
3058,1.0,0.9999999999999998,0.03671968885863428
3059,1.0,0.9999999999999998,0.024647638259435806
3060,1.0,0.9999999999999998,0.01065319898170216
3061,1.0,0.9999999999999998,0.016324751602294373
3062,1.0,0.9999999999999998,0.014962107228902156
3063,1.0,0.9999999999999998,0.011412024200864755
3064,1.0,0.9999999999999998,0.012023711706960073
3065,1.0,0.9999999999999998,0.010516154316803243
3066,1.0,0.9999999999999998,0.008227492464918107
3067,1.0,0.9999999999999998,0.016899215373221636
3068,1.0,0.9999999999999998,0.03452314460277106
3069,1.0,0.9999999999999998,0.034577156661090985
3070,1.0,0.9999999999999998,0.029745144917706426
3071,1.0,0.9999999999999998,0.01816699184334048
3072,1.0,0.9999999999999998,0.017988728910522604
3073,1.0,0.9999999999999998,0.015200662741295043
3074,1.0,0.9999999999999998,0.013854274644695748
3075,1.0,0.9999999999999998,0.036213138705033746
3076,1.0,0.9999999999999998,0.031384995208983024
3077,1.0,0.9999999999999998,0.01268610630461997
3078,1.0,0.9999999999999998,0.02015315105698816
3079,1.0,0.9999999999999998,0.012721209705990937
3080,1.0,0.9999999999999998,0.013219263391557816
3081,1.0,0.9999999999999998,0.011523018502506442
3082,1.0,0.9999999999999998,0.037442162608849444
3083,1.0,0.9999999999999998,0.015617335483794258
3084,1.0,0.9999999999999998,0.01713874220425418
3085,1.0,0.9999999999999998,0.02360103347885094
3086,1.0,0.9999999999999998,0.021995818873506906
3087,1.0,0.9999999999999998,0.010261221781355516
3088,1.0,0.9999999999999998,0.011043183985158536
3089,1.0,0.9999999999999998,0.03003705509268731
3090,1.0,0.9999999999999998,0.012185840711558711
3091,1.0,0.9999999999999998,0.018628490757638443
3092,1.0,0.9999999999999998,0.015886499959985374
3093,1.0,0.9999999999999998,0.014095573449572296
3094,0.9761904761904763,0.9285714285714285,0.03896488556347282
3095,1.0,0.9999999999999998,0.014820285574926532
3096,1.0,0.9999999999999998,0.016779926715345957
3097,1.0,0.9999999999999998,0.012828327715241311
3098,1.0,0.9999999999999998,0.029621223318175113
3099,1.0,0.9999999999999998,0.03240032692958298
3100,1.0,0.9999999999999998,0.009117311253015334
3101,1.0,0.9999999999999998,0.01655692066448025
3102,1.0,0.9999999999999998,0.013165177527128369
3103,1.0,0.9999999999999998,0.023616241215633105
3104,1.0,0.9999999999999998,0.017199513651651878
3105,1.0,0.9999999999999998,0.028977265504131378
3106,1.0,0.9999999999999998,0.013834502659677228
3107,1.0,0.9999999999999998,0.017744631804357328
3108,1.0,0.9999999999999998,0.028199776392361292
3109,1.0,0.9999999999999998,0.010951158117161339
3110,1.0,0.9999999999999998,0.020702064190963217
3111,1.0,0.9999999999999998,0.013152893781937229
3112,1.0,0.9999999999999998,0.01701905291062762
3113,1.0,0.9999999999999998,0.04105522504338963
3114,1.0,0.9999999999999998,0.015498285124233159
3115,1.0,0.9999999999999998,0.032752621002436526
3116,1.0,0.9999999999999998,0.031110340894953403
3117,1.0,0.9999999999999998,0.015069137286406
3118,1.0,0.9999999999999998,0.022567063164866452
3119,1.0,0.9999999999999998,0.021916859618803144
3120,1.0,0.9999999999999998,0.014706360248440263
3121,1.0,0.9999999999999998,0.012966059015206706
3122,1.0,0.9999999999999998,0.009553636628487489
3123,1.0,0.9999999999999998,0.015623137877322224
3124,1.0,0.9999999999999998,0.00971010879873152
3125,1.0,0.9999999999999998,0.02862391124106943
3126,1.0,0.9999999999999998,0.006447322544507035
3127,1.0,0.9999999999999998,0.013094582850131167
3128,1.0,0.9999999999999998,0.017066066451678616
3129,1.0,0.9999999999999998,0.025221035807134355
3130,1.0,0.9999999999999998,0.016614562018531336
3131,1.0,0.9999999999999998,0.010893936927198089
3132,1.0,0.9999999999999998,0.013699191926959203
3133,1.0,0.9999999999999998,0.02296271635424156
3134,1.0,0.9999999999999998,0.01410947741350449
3135,1.0,0.9999999999999998,0.03956174490156592
3136,1.0,0.9999999999999998,0.03490566567961131
3137,1.0,0.9999999999999998,0.016107987258251584
3138,1.0,0.9999999999999998,0.033759554960770856
3139,1.0,0.9999999999999998,0.01783486963984828
3140,1.0,0.9999999999999998,0.01692640317480182
3141,1.0,0.9999999999999998,0.012195484887099095
3142,1.0,0.9999999999999998,0.024273463442877813
3143,1.0,0.9999999999999998,0.026207438721777825
3144,1.0,0.9999999999999998,0.012363152012535211
3145,1.0,0.9999999999999998,0.03265857577636153
3146,1.0,0.9999999999999998,0.016983850909647012
3147,1.0,0.9999999999999998,0.012084529080858532
3148,1.0,0.9999999999999998,0.025179235124502118
3149,1.0,0.9999999999999998,0.007765416603170608
3150,1.0,0.9999999999999998,0.017507258171394847
3151,1.0,0.9999999999999998,0.036581603603360796
3152,1.0,0.9999999999999998,0.012282042388603996
3153,1.0,0.9999999999999998,0.0300032458517642
3154,1.0,0.9999999999999998,0.013983388433951242
3155,1.0,0.9999999999999998,0.04801888616939098
3156,1.0,0.9999999999999998,0.03661655823921093
3157,1.0,0.9999999999999998,0.030311342176043914
3158,0.9761904761904763,0.9285714285714285,0.04981508950984855
3159,1.0,0.9999999999999998,0.013024484446251719
3160,1.0,0.9999999999999998,0.0277921465791839
3161,1.0,0.9999999999999998,0.009938998719112073
3162,1.0,0.9999999999999998,0.015825586262539527
3163,1.0,0.9999999999999998,0.00941011785169931
3164,1.0,0.9999999999999998,0.015452071852362304
3165,1.0,0.9999999999999998,0.022986329912264923
3166,1.0,0.9999999999999998,0.012861274825591337
3167,1.0,0.9999999999999998,0.026888572030379962
3168,1.0,0.9999999999999998,0.023591063452682824
3169,1.0,0.9999999999999998,0.010121612137545283
3170,1.0,0.9999999999999998,0.01606670372540063
3171,1.0,0.9999999999999998,0.01007197879238158
3172,1.0,0.9999999999999998,0.016969064100219818
3173,1.0,0.9999999999999998,0.024501231597218828
3174,1.0,0.9999999999999998,0.026619836409092774
3175,1.0,0.9999999999999998,0.03774676677947673
3176,1.0,0.9999999999999998,0.009978926549143188
3177,1.0,0.9999999999999998,0.026337672131351297
3178,1.0,0.9999999999999998,0.019925806868972613
3179,1.0,0.9999999999999998,0.016917298776545762
3180,1.0,0.9999999999999998,0.034233723120128436
3181,1.0,0.9999999999999998,0.02083239323387516
3182,1.0,0.9999999999999998,0.03152069615847968
3183,1.0,0.9999999999999998,0.014000850460241215
3184,0.9761904761904763,0.9285714285714285,0.041309910798368966
3185,1.0,0.9999999999999998,0.04065079433951218
3186,1.0,0.9999999999999998,0.01198270282487953
3187,1.0,0.9999999999999998,0.01452161423543058
3188,1.0,0.9999999999999998,0.04134658739511648
3189,1.0,0.9999999999999998,0.013006752923375837
3190,1.0,0.9999999999999998,0.007121852556864358
3191,1.0,0.9999999999999998,0.019664684116858185
3192,1.0,0.9999999999999998,0.01714335794340624
3193,1.0,0.9999999999999998,0.010247257043262244
3194,1.0,0.9999999999999998,0.016561930128505903
3195,1.0,0.9999999999999998,0.018870513888758163
3196,1.0,0.9999999999999998,0.01566437396144442
3197,1.0,0.9999999999999998,0.01689224617197254
3198,1.0,0.9999999999999998,0.02706427226728495
3199,1.0,0.9999999999999998,0.03596494865391815
3200,1.0,0.9999999999999998,0.014816532888629871
3201,1.0,0.9999999999999998,0.021038975056867623
3202,1.0,0.9999999999999998,0.013293464034212055
3203,1.0,0.9999999999999998,0.009033720518569127
3204,1.0,0.9999999999999998,0.01180047310205009
3205,1.0,0.9999999999999998,0.030028076868520694
3206,1.0,0.9999999999999998,0.012562397044746265
3207,1.0,0.9999999999999998,0.01734591167830067
3208,1.0,0.9999999999999998,0.03540563791409663
3209,1.0,0.9999999999999998,0.022359589803048918
3210,1.0,0.9999999999999998,0.011037611748429085
3211,1.0,0.9999999999999998,0.013587936574239928
3212,1.0,0.9999999999999998,0.008651979882209788
3213,1.0,0.9999999999999998,0.015859918123917564
3214,1.0,0.9999999999999998,0.043962073855976995
3215,1.0,0.9999999999999998,0.024415151669080676
3216,1.0,0.9999999999999998,0.025123240029037652
3217,1.0,0.9999999999999998,0.026551010839539868
3218,1.0,0.9999999999999998,0.014827015801791465
3219,0.9761904761904763,0.9285714285714285,0.03657078725559923
3220,1.0,0.9999999999999998,0.011587365034411573
3221,1.0,0.9999999999999998,0.010789607406970686
3222,1.0,0.9999999999999998,0.011701956278243289
3223,1.0,0.9999999999999998,0.01957922612121809
3224,1.0,0.9999999999999998,0.010495341181069762
3225,1.0,0.9999999999999998,0.031070020209640933
3226,1.0,0.9999999999999998,0.008456721690193562
3227,0.9761904761904763,0.9285714285714285,0.040888255467620066
3228,1.0,0.9999999999999998,0.013610990721157422
3229,1.0,0.9999999999999998,0.014183699648510469
3230,1.0,0.9999999999999998,0.007154128748537172
3231,1.0,0.9999999999999998,0.0050884023089867655
3232,1.0,0.9999999999999998,0.02054480239330863
3233,1.0,0.9999999999999998,0.011871796188017016
3234,1.0,0.9999999999999998,0.030630533151577675
3235,1.0,0.9999999999999998,0.03129664047277261
3236,1.0,0.9999999999999998,0.008686498795071815
3237,1.0,0.9999999999999998,0.02244647877811845
3238,1.0,0.9999999999999998,0.021515856766245615
3239,1.0,0.9999999999999998,0.014478171207219385
3240,1.0,0.9999999999999998,0.008087655544068907
3241,1.0,0.9999999999999998,0.01793521169376546
3242,1.0,0.9999999999999998,0.013982588842574077
3243,1.0,0.9999999999999998,0.014689357293339499
3244,1.0,0.9999999999999998,0.004778204353131615
3245,1.0,0.9999999999999998,0.015419506602124017
3246,1.0,0.9999999999999998,0.024511875425360624
3247,1.0,0.9999999999999998,0.03910719148370106
3248,0.9761904761904763,0.9285714285714285,0.0392398165611332
3249,1.0,0.9999999999999998,0.01741412788673475
3250,1.0,0.9999999999999998,0.013796673744197241
3251,1.0,0.9999999999999998,0.022864865384839395
3252,1.0,0.9999999999999998,0.02934288323466428
3253,0.9761904761904763,0.9285714285714285,0.04015581218337129
3254,1.0,0.9999999999999998,0.02325120441769587
3255,1.0,0.9999999999999998,0.01697112377249805
3256,1.0,0.9999999999999998,0.016909439757018724
3257,1.0,0.9999999999999998,0.013352575033386674
3258,1.0,0.9999999999999998,0.014016286922043743
3259,1.0,0.9999999999999998,0.007303558783693383
3260,1.0,0.9999999999999998,0.01847517066419989
3261,1.0,0.9999999999999998,0.028630535977525677
3262,1.0,0.9999999999999998,0.01130838174402786
3263,1.0,0.9999999999999998,0.009333454135239082
3264,1.0,0.9999999999999998,0.019319670173981646
3265,1.0,0.9999999999999998,0.014899498186526763
3266,1.0,0.9999999999999998,0.009580721619993321
3267,1.0,0.9999999999999998,0.01993557374832418
3268,1.0,0.9999999999999998,0.015467965302752323
3269,1.0,0.9999999999999998,0.009801432012304143
3270,1.0,0.9999999999999998,0.0245351699069069
3271,1.0,0.9999999999999998,0.03011414914991274
3272,1.0,0.9999999999999998,0.019831519381144254
3273,1.0,0.9999999999999998,0.014937069368609446
3274,1.0,0.9999999999999998,0.020658727110919393
3275,1.0,0.9999999999999998,0.01396720310601867
3276,1.0,0.9999999999999998,0.03582170263937907
3277,1.0,0.9999999999999998,0.03489810546377868
3278,1.0,0.9999999999999998,0.006855114717643024
3279,1.0,0.9999999999999998,0.008768284275300312
3280,1.0,0.9999999999999998,0.010238473197175656
3281,1.0,0.9999999999999998,0.029465830664103194
3282,1.0,0.9999999999999998,0.009640640545800529
3283,1.0,0.9999999999999998,0.03019001316816771
3284,1.0,0.9999999999999998,0.01309884271189133
3285,1.0,0.9999999999999998,0.013933951022961424
3286,1.0,0.9999999999999998,0.008390749144238895
3287,1.0,0.9999999999999998,0.026583332977056305
3288,1.0,0.9999999999999998,0.014177100455483614
3289,1.0,0.9999999999999998,0.026173296020940436
3290,1.0,0.9999999999999998,0.016076489180680394
3291,1.0,0.9999999999999998,0.012816169826552155
3292,1.0,0.9999999999999998,0.0055856123994928175
3293,1.0,0.9999999999999998,0.028166665420550983
3294,1.0,0.9999999999999998,0.011455057051379162
3295,1.0,0.9999999999999998,0.021482614285907642
3296,1.0,0.9999999999999998,0.0062931812602187165
3297,1.0,0.9999999999999998,0.009343528932004463
3298,1.0,0.9999999999999998,0.01907043366713422
3299,1.0,0.9999999999999998,0.0213605884092549
3300,1.0,0.9999999999999998,0.02064435720419594
3301,1.0,0.9999999999999998,0.0321991386691221
3302,1.0,0.9999999999999998,0.029427203575642345
3303,1.0,0.9999999999999998,0.009748182429230041
3304,1.0,0.9999999999999998,0.0020949044547038873
3305,1.0,0.9999999999999998,0.03496132898028949
3306,1.0,0.9999999999999998,0.021349155743996755
3307,1.0,0.9999999999999998,0.019094322499429807
3308,1.0,0.9999999999999998,0.01690769684802674
3309,1.0,0.9999999999999998,0.018979624470880883
3310,1.0,0.9999999999999998,0.009694252589736663
3311,1.0,0.9999999999999998,0.023200721801025316
3312,1.0,0.9999999999999998,0.011179552709249786
3313,1.0,0.9999999999999998,0.018003801584595823
3314,1.0,0.9999999999999998,0.02743296636431925
3315,1.0,0.9999999999999998,0.00950435330803627
3316,1.0,0.9999999999999998,0.015370360554115683
3317,1.0,0.9999999999999998,0.017497155503558515
3318,1.0,0.9999999999999998,0.034290049236969475
3319,1.0,0.9999999999999998,0.015816747739719764
3320,1.0,0.9999999999999998,0.012184034761402243
3321,1.0,0.9999999999999998,0.006136366152698199
3322,0.9761904761904763,0.9285714285714285,0.043181543344375434
3323,1.0,0.9999999999999998,0.009170802311997052
3324,1.0,0.9999999999999998,0.008503027714685502
3325,1.0,0.9999999999999998,0.01647014714525813
3326,1.0,0.9999999999999998,0.028141523598177814
3327,1.0,0.9999999999999998,0.013613737379636379
3328,1.0,0.9999999999999998,0.022373538249781007
3329,1.0,0.9999999999999998,0.00484076774142856
3330,1.0,0.9999999999999998,0.021306875072868055
3331,1.0,0.9999999999999998,0.01847868475931857
3332,1.0,0.9999999999999998,0.019332334323766506
3333,1.0,0.9999999999999998,0.044414128303693796
3334,1.0,0.9999999999999998,0.030976474195348012
3335,1.0,0.9999999999999998,0.014747152457598119
3336,1.0,0.9999999999999998,0.010278470722583283
3337,1.0,0.9999999999999998,0.016922616884803975
3338,1.0,0.9999999999999998,0.010465975852838531
3339,1.0,0.9999999999999998,0.03310301669323086
3340,1.0,0.9999999999999998,0.013993738562592006
3341,1.0,0.9999999999999998,0.014624985025560679
3342,1.0,0.9999999999999998,0.004547253002178515
3343,1.0,0.9999999999999998,0.015000407686664989
3344,1.0,0.9999999999999998,0.02032803914123931
3345,1.0,0.9999999999999998,0.02415982879383856
3346,1.0,0.9999999999999998,0.02431086333429404
3347,1.0,0.9999999999999998,0.022222052593208974
3348,1.0,0.9999999999999998,0.010249894200798963
3349,1.0,0.9999999999999998,0.009759694734986273
3350,1.0,0.9999999999999998,0.01993965702735819
3351,1.0,0.9999999999999998,0.01918894754518332
3352,1.0,0.9999999999999998,0.006994632608958287
3353,1.0,0.9999999999999998,0.013237980232257376
3354,1.0,0.9999999999999998,0.04592560034036662
3355,1.0,0.9999999999999998,0.017189669155924146
3356,1.0,0.9999999999999998,0.01893346367238854
3357,1.0,0.9999999999999998,0.013956841212276881
3358,1.0,0.9999999999999998,0.015109376601937528
3359,1.0,0.9999999999999998,0.004875638901678414
3360,1.0,0.9999999999999998,0.0029653661496269884
3361,1.0,0.9999999999999998,0.008136195187950335
3362,1.0,0.9999999999999998,0.01853974987889947
3363,1.0,0.9999999999999998,0.0060341548500692024
3364,1.0,0.9999999999999998,0.016042961937349984
3365,1.0,0.9999999999999998,0.026617931234579388
3366,1.0,0.9999999999999998,0.016305903336392973
3367,1.0,0.9999999999999998,0.024786112594199924
3368,1.0,0.9999999999999998,0.006555884877366615
3369,1.0,0.9999999999999998,0.010761395446289262
3370,1.0,0.9999999999999998,0.006997187512796217
3371,1.0,0.9999999999999998,0.016277752718213266
3372,1.0,0.9999999999999998,0.015133494417689942
3373,1.0,0.9999999999999998,0.013740255804084348
3374,1.0,0.9999999999999998,0.010514376523517006
3375,1.0,0.9999999999999998,0.0121600654045156
3376,1.0,0.9999999999999998,0.034146216503025406
3377,1.0,0.9999999999999998,0.010767009328850136
3378,1.0,0.9999999999999998,0.021461991555597207
3379,1.0,0.9999999999999998,0.007499769969847227
3380,1.0,0.9999999999999998,0.006076980733196409
3381,1.0,0.9999999999999998,0.01213094862234454
3382,1.0,0.9999999999999998,0.01664240574767719
3383,1.0,0.9999999999999998,0.007087781063387873
3384,1.0,0.9999999999999998,0.013608621286667823
3385,1.0,0.9999999999999998,0.027736392708638015
3386,1.0,0.9999999999999998,0.018867674575272497
3387,1.0,0.9999999999999998,0.0367681520520181
3388,1.0,0.9999999999999998,0.008283547035116613
3389,1.0,0.9999999999999998,0.016350911809711266
3390,1.0,0.9999999999999998,0.012158342351386402
3391,1.0,0.9999999999999998,0.00416569819458474
3392,1.0,0.9999999999999998,0.011344651471878402
3393,1.0,0.9999999999999998,0.012932299151350093
3394,1.0,0.9999999999999998,0.018982204621773767
3395,1.0,0.9999999999999998,0.012767220270458957
3396,1.0,0.9999999999999998,0.015166172708993557
3397,1.0,0.9999999999999998,0.03172152379081673
3398,1.0,0.9999999999999998,0.013461151443317096
3399,1.0,0.9999999999999998,0.007933551852189906
3400,0.9761904761904763,0.9285714285714285,0.043868014262773675
3401,1.0,0.9999999999999998,0.020075489961597408
3402,1.0,0.9999999999999998,0.02774689117541832
3403,1.0,0.9999999999999998,0.0197527134128693
3404,1.0,0.9999999999999998,0.03685466839544542
3405,1.0,0.9999999999999998,0.030568665525810813
3406,1.0,0.9999999999999998,0.04727198417849517
3407,1.0,0.9999999999999998,0.034316793078073775
3408,1.0,0.9999999999999998,0.013969412701731368
3409,1.0,0.9999999999999998,0.017021565107625113
3410,1.0,0.9999999999999998,0.048915972469863726
3411,1.0,0.9999999999999998,0.01216915001183095
3412,1.0,0.9999999999999998,0.027940618152344672
3413,1.0,0.9999999999999998,0.03498631622406622
3414,1.0,0.9999999999999998,0.007014389130391013
3415,1.0,0.9999999999999998,0.039800922222477435
3416,1.0,0.9999999999999998,0.022792541212234146
3417,1.0,0.9999999999999998,0.01588990802293235
3418,1.0,0.9999999999999998,0.008417662897059551
3419,0.9761904761904763,0.9285714285714285,0.04097863891818209
3420,1.0,0.9999999999999998,0.014337072277403329
3421,1.0,0.9999999999999998,0.015006242099533204
3422,1.0,0.9999999999999998,0.01710095820967031
3423,1.0,0.9999999999999998,0.01589700566843915
3424,1.0,0.9999999999999998,0.02202307721700454
3425,1.0,0.9999999999999998,0.010971672486447516
3426,1.0,0.9999999999999998,0.035502727842430366
3427,1.0,0.9999999999999998,0.041175116393609205
3428,1.0,0.9999999999999998,0.019873248243325488
3429,1.0,0.9999999999999998,0.03928650469283447
3430,1.0,0.9999999999999998,0.01857319436615252
3431,1.0,0.9999999999999998,0.032370788676741036
3432,1.0,0.9999999999999998,0.006874304785607174
3433,1.0,0.9999999999999998,0.01324082250677143
3434,1.0,0.9999999999999998,0.030730726519400044
3435,1.0,0.9999999999999998,0.007544379119374625
3436,1.0,0.9999999999999998,0.008768436559283777
3437,1.0,0.9999999999999998,0.02271091589333267
3438,1.0,0.9999999999999998,0.019744464283964508
3439,1.0,0.9999999999999998,0.013167199017212292
3440,1.0,0.9999999999999998,0.013257968359707127
3441,1.0,0.9999999999999998,0.044299224912464824
3442,1.0,0.9999999999999998,0.01691821039089436
3443,1.0,0.9999999999999998,0.006782254282970364
3444,1.0,0.9999999999999998,0.01662349686536261
3445,1.0,0.9999999999999998,0.021379330980276216
3446,1.0,0.9999999999999998,0.014406908566494438
3447,1.0,0.9999999999999998,0.032084883120587965
3448,1.0,0.9999999999999998,0.028316151503560177
3449,1.0,0.9999999999999998,0.023326521659802042
3450,1.0,0.9999999999999998,0.010326185364291592
3451,1.0,0.9999999999999998,0.013618534981196563
3452,1.0,0.9999999999999998,0.00512158533658761
3453,1.0,0.9999999999999998,0.014886358849465424
3454,1.0,0.9999999999999998,0.0209811649191323
3455,1.0,0.9999999999999998,0.02375267864799263
3456,1.0,0.9999999999999998,0.0071632277284976245
3457,0.9761904761904763,0.9285714285714285,0.04255937807366663
3458,1.0,0.9999999999999998,0.02026773557842862
3459,1.0,0.9999999999999998,0.027099227607701844
3460,1.0,0.9999999999999998,0.032748226683685676
3461,1.0,0.9999999999999998,0.012353827668079874
3462,1.0,0.9999999999999998,0.02235123425547364
3463,1.0,0.9999999999999998,0.022283112728152005
3464,1.0,0.9999999999999998,0.012987136649648602
3465,1.0,0.9999999999999998,0.03183612619446818
3466,1.0,0.9999999999999998,0.011470829648690652
3467,1.0,0.9999999999999998,0.01111182261485509
3468,1.0,0.9999999999999998,0.008219965060803969
3469,1.0,0.9999999999999998,0.014090655664886341
3470,1.0,0.9999999999999998,0.013559195263921242
3471,1.0,0.9999999999999998,0.014793342362432557
3472,1.0,0.9999999999999998,0.017709129905605123
3473,1.0,0.9999999999999998,0.04294258894933889
3474,1.0,0.9999999999999998,0.0419171872444657
3475,1.0,0.9999999999999998,0.0064633970063069715
3476,1.0,0.9999999999999998,0.005182608194673914
3477,1.0,0.9999999999999998,0.023335473692242863
3478,1.0,0.9999999999999998,0.038348259691105384
3479,1.0,0.9999999999999998,0.014027737122760627
3480,1.0,0.9999999999999998,0.044953750899282885
3481,1.0,0.9999999999999998,0.013710924020790938
3482,1.0,0.9999999999999998,0.015447028299307393
3483,1.0,0.9999999999999998,0.014786204421187221
3484,1.0,0.9999999999999998,0.02016778075300059
3485,1.0,0.9999999999999998,0.011515410242752128
3486,1.0,0.9999999999999998,0.025266439195133307
3487,1.0,0.9999999999999998,0.003626740202362422
3488,1.0,0.9999999999999998,0.015351249969530974
3489,1.0,0.9999999999999998,0.02062722880451097
3490,1.0,0.9999999999999998,0.004903578763439886
3491,1.0,0.9999999999999998,0.02291207240122816
3492,1.0,0.9999999999999998,0.015804683826894317
3493,1.0,0.9999999999999998,0.02643879444047289
3494,1.0,0.9999999999999998,0.019966422493058876
3495,1.0,0.9999999999999998,0.03219720828108151
3496,1.0,0.9999999999999998,0.002737155548444385
3497,1.0,0.9999999999999998,0.014864466096831147
3498,1.0,0.9999999999999998,0.031728956880096415
3499,1.0,0.9999999999999998,0.014204048019960842
3500,1.0,0.9999999999999998,0.026329781102625162
3501,1.0,0.9999999999999998,0.020504798848339938
3502,1.0,0.9999999999999998,0.009932627703374247
3503,1.0,0.9999999999999998,0.028454952755128465
3504,1.0,0.9999999999999998,0.019454731906316615
3505,1.0,0.9999999999999998,0.0057447656441877715
3506,1.0,0.9999999999999998,0.02071449104399852
3507,1.0,0.9999999999999998,0.010217155720009745
3508,1.0,0.9999999999999998,0.011637405745730953
3509,1.0,0.9999999999999998,0.03685349501054718
3510,1.0,0.9999999999999998,0.013692396960799873
3511,1.0,0.9999999999999998,0.014516485338456904
3512,0.9761904761904763,0.9285714285714285,0.03902037066419594
3513,1.0,0.9999999999999998,0.03491084966367306
3514,1.0,0.9999999999999998,0.0088973079724015
3515,1.0,0.9999999999999998,0.010058024226366653
3516,1.0,0.9999999999999998,0.016853307293170236
3517,1.0,0.9999999999999998,0.0334526778997439
3518,1.0,0.9999999999999998,0.01952523934111252
3519,1.0,0.9999999999999998,0.0140740911697314
3520,1.0,0.9999999999999998,0.02054057791602744
3521,1.0,0.9999999999999998,0.020650469829995036
3522,1.0,0.9999999999999998,0.016452462889884667
3523,1.0,0.9999999999999998,0.027462706064588498
3524,1.0,0.9999999999999998,0.015571521026704581
3525,1.0,0.9999999999999998,0.020800219508875104
3526,1.0,0.9999999999999998,0.00998118970834206
3527,1.0,0.9999999999999998,0.017805369688737645
3528,1.0,0.9999999999999998,0.021552467172226614
3529,1.0,0.9999999999999998,0.009391956791527975
3530,1.0,0.9999999999999998,0.02114648889606243
3531,1.0,0.9999999999999998,0.03359513269756735
3532,1.0,0.9999999999999998,0.01604694435868561
3533,1.0,0.9999999999999998,0.010967368480678419
3534,1.0,0.9999999999999998,0.011231440702917303
3535,1.0,0.9999999999999998,0.00567838602855842
3536,1.0,0.9999999999999998,0.024107558639456024
3537,1.0,0.9999999999999998,0.022715851261500428
3538,1.0,0.9999999999999998,0.010600423216631745
3539,1.0,0.9999999999999998,0.019467875008671025
3540,1.0,0.9999999999999998,0.02679886127873741
3541,1.0,0.9999999999999998,0.01464333156511153
3542,1.0,0.9999999999999998,0.013626707802252717
3543,1.0,0.9999999999999998,0.022635180144618412
3544,1.0,0.9999999999999998,0.012201689817289842
3545,1.0,0.9999999999999998,0.03436192706047791
3546,1.0,0.9999999999999998,0.02033284910408697
3547,1.0,0.9999999999999998,0.017039916171077238
3548,1.0,0.9999999999999998,0.04099621378256647
3549,1.0,0.9999999999999998,0.02812868243681268
3550,1.0,0.9999999999999998,0.008644052041650939
3551,1.0,0.9999999999999998,0.014723650991826057
3552,1.0,0.9999999999999998,0.026398329154067805
3553,1.0,0.9999999999999998,0.012124559834952676
3554,1.0,0.9999999999999998,0.005952064431911
3555,1.0,0.9999999999999998,0.022216945168394037
3556,1.0,0.9999999999999998,0.013633812830484655
3557,1.0,0.9999999999999998,0.032913385573527236
3558,1.0,0.9999999999999998,0.015847182844318297
3559,1.0,0.9999999999999998,0.03968205705893368
3560,1.0,0.9999999999999998,0.018363925428438933
3561,1.0,0.9999999999999998,0.010060288737323009
3562,1.0,0.9999999999999998,0.03736012403910636
3563,1.0,0.9999999999999998,0.0064452755809465065
3564,1.0,0.9999999999999998,0.007178554550153378
3565,1.0,0.9999999999999998,0.01984830120843211
3566,1.0,0.9999999999999998,0.033417336476179026
3567,1.0,0.9999999999999998,0.025254282880503923
3568,1.0,0.9999999999999998,0.035851459867513806
3569,1.0,0.9999999999999998,0.022454040723080708
3570,1.0,0.9999999999999998,0.02476216772597957
3571,1.0,0.9999999999999998,0.010861379324541669
3572,1.0,0.9999999999999998,0.021316350714296023
3573,1.0,0.9999999999999998,0.017485438422319324
3574,1.0,0.9999999999999998,0.014541131493311807
3575,1.0,0.9999999999999998,0.013517570077373128
3576,1.0,0.9999999999999998,0.0200778661792285
3577,1.0,0.9999999999999998,0.012111360875054732
3578,1.0,0.9999999999999998,0.012785252179578231
3579,1.0,0.9999999999999998,0.020160536164926288
3580,1.0,0.9999999999999998,0.015529314959014356
3581,1.0,0.9999999999999998,0.012802103403613554
3582,1.0,0.9999999999999998,0.03642787520292818
3583,1.0,0.9999999999999998,0.012213872977098972
3584,1.0,0.9999999999999998,0.005340045489091609
3585,1.0,0.9999999999999998,0.0334976379298755
3586,1.0,0.9999999999999998,0.009533282438287882
3587,1.0,0.9999999999999998,0.015024988316764035
3588,1.0,0.9999999999999998,0.013787284057552383
3589,1.0,0.9999999999999998,0.01662023527759885
3590,1.0,0.9999999999999998,0.02092394438482243
3591,1.0,0.9999999999999998,0.01709720875564509
3592,1.0,0.9999999999999998,0.02232645827184774
3593,1.0,0.9999999999999998,0.017768174495357912
3594,1.0,0.9999999999999998,0.010058281333683222
3595,1.0,0.9999999999999998,0.013090578422954927
3596,1.0,0.9999999999999998,0.018168670422297382
3597,1.0,0.9999999999999998,0.019771693000149644
3598,1.0,0.9999999999999998,0.012317672322621626
3599,1.0,0.9999999999999998,0.015904391960826846
3600,1.0,0.9999999999999998,0.027912595190264122
3601,1.0,0.9999999999999998,0.03336280991251339
3602,1.0,0.9999999999999998,0.012110396522599716
3603,1.0,0.9999999999999998,0.013505443341078761
3604,1.0,0.9999999999999998,0.012382217147299153
3605,1.0,0.9999999999999998,0.013717945679601884
3606,1.0,0.9999999999999998,0.01713272445289849
3607,1.0,0.9999999999999998,0.0320503596168014
3608,1.0,0.9999999999999998,0.030672014668104673
3609,0.9761904761904763,0.9285714285714285,0.04211413147414151
3610,1.0,0.9999999999999998,0.010029488174116252
3611,1.0,0.9999999999999998,0.03851120291612452
3612,1.0,0.9999999999999998,0.01338056130231427
3613,1.0,0.9999999999999998,0.03165502804193192
3614,1.0,0.9999999999999998,0.02655768649222169
3615,1.0,0.9999999999999998,0.00856303119161618
3616,1.0,0.9999999999999998,0.014781490090993755
3617,1.0,0.9999999999999998,0.010861505004287703
3618,1.0,0.9999999999999998,0.0156453606388902
3619,1.0,0.9999999999999998,0.011243892181800857
3620,1.0,0.9999999999999998,0.013304140631935864
3621,1.0,0.9999999999999998,0.010122155174092519
3622,1.0,0.9999999999999998,0.02071899433996681
3623,1.0,0.9999999999999998,0.008578233363482526
3624,1.0,0.9999999999999998,0.018218270681851376
3625,1.0,0.9999999999999998,0.019150902728280614
3626,1.0,0.9999999999999998,0.01309246861066421
3627,1.0,0.9999999999999998,0.020485741729717066
3628,1.0,0.9999999999999998,0.017644512157342036
3629,1.0,0.9999999999999998,0.016461400434902837
3630,1.0,0.9999999999999998,0.02708967582170556
3631,1.0,0.9999999999999998,0.028643473691598788
3632,1.0,0.9999999999999998,0.020264820316073698
3633,1.0,0.9999999999999998,0.007380023651641053
3634,1.0,0.9999999999999998,0.04702779534915788
3635,1.0,0.9999999999999998,0.006348374844275098
3636,1.0,0.9999999999999998,0.017891815223818143
3637,1.0,0.9999999999999998,0.008279704902341235
3638,1.0,0.9999999999999998,0.018104756281176353
3639,1.0,0.9999999999999998,0.043813576127917156
3640,1.0,0.9999999999999998,0.018372734322798366
3641,1.0,0.9999999999999998,0.03342138644818109
3642,1.0,0.9999999999999998,0.023025103712766913
3643,1.0,0.9999999999999998,0.03349806719354562
3644,1.0,0.9999999999999998,0.018871338680797718
3645,1.0,0.9999999999999998,0.014723973672313269
3646,1.0,0.9999999999999998,0.03545850648436787
3647,1.0,0.9999999999999998,0.021071600386559572
3648,1.0,0.9999999999999998,0.010625363501696551
3649,1.0,0.9999999999999998,0.020585147534065748
3650,1.0,0.9999999999999998,0.007363835619929038
3651,1.0,0.9999999999999998,0.007628838661544846
3652,1.0,0.9999999999999998,0.012094247652143335
3653,1.0,0.9999999999999998,0.004390531159935804
3654,1.0,0.9999999999999998,0.01619834892134652
3655,1.0,0.9999999999999998,0.04245180398995837
3656,1.0,0.9999999999999998,0.011107030671007559
3657,1.0,0.9999999999999998,0.019216379740253774
3658,1.0,0.9999999999999998,0.012477229595704381
3659,1.0,0.9999999999999998,0.011693455266201976
3660,1.0,0.9999999999999998,0.03484055791649385
3661,1.0,0.9999999999999998,0.025923610094861563
3662,1.0,0.9999999999999998,0.013151091454854033
3663,1.0,0.9999999999999998,0.009102676736448753
3664,1.0,0.9999999999999998,0.03709923190795783
3665,1.0,0.9999999999999998,0.017457632241136813
3666,1.0,0.9999999999999998,0.01492047659966727
3667,1.0,0.9999999999999998,0.03399676939685191
3668,1.0,0.9999999999999998,0.008207075973872116
3669,1.0,0.9999999999999998,0.0201034106804888
3670,1.0,0.9999999999999998,0.017476468009852524
3671,1.0,0.9999999999999998,0.014403884004331374
3672,1.0,0.9999999999999998,0.0055322545491425235
3673,1.0,0.9999999999999998,0.012850781142210069
3674,1.0,0.9999999999999998,0.023924835103845167
3675,1.0,0.9999999999999998,0.026177110573312443
3676,1.0,0.9999999999999998,0.01114681944593348
3677,1.0,0.9999999999999998,0.00997510005676365
3678,1.0,0.9999999999999998,0.03400661268029182
3679,1.0,0.9999999999999998,0.019000620545967052
3680,1.0,0.9999999999999998,0.017485929858878965
3681,1.0,0.9999999999999998,0.0233402612214509
3682,1.0,0.9999999999999998,0.01752764492272365
3683,1.0,0.9999999999999998,0.020925411226349375
3684,1.0,0.9999999999999998,0.013794010266413727
3685,1.0,0.9999999999999998,0.04046467822947607
3686,1.0,0.9999999999999998,0.03826089274209811
3687,1.0,0.9999999999999998,0.0031560989600768335
3688,1.0,0.9999999999999998,0.024327712521993436
3689,1.0,0.9999999999999998,0.034658280734945035
3690,1.0,0.9999999999999998,0.024114539295730576
3691,1.0,0.9999999999999998,0.04009936322146802
3692,1.0,0.9999999999999998,0.012492403716825473
3693,1.0,0.9999999999999998,0.010787221254262867
3694,1.0,0.9999999999999998,0.015092077644790772
3695,1.0,0.9999999999999998,0.01439100716746678
3696,1.0,0.9999999999999998,0.028702129583838117
3697,1.0,0.9999999999999998,0.009252594325278016
3698,1.0,0.9999999999999998,0.020997773074101535
3699,1.0,0.9999999999999998,0.029780267269089694
3700,1.0,0.9999999999999998,0.025326099855661387
3701,1.0,0.9999999999999998,0.01951806199165495
3702,1.0,0.9999999999999998,0.009426678626071446
3703,1.0,0.9999999999999998,0.01378381289588243
3704,1.0,0.9999999999999998,0.007461720779789967
3705,1.0,0.9999999999999998,0.020154155170929514
3706,1.0,0.9999999999999998,0.01519625535582312
3707,1.0,0.9999999999999998,0.017479881066888678
3708,1.0,0.9999999999999998,0.016746735966581584
3709,1.0,0.9999999999999998,0.003641782259541107
3710,1.0,0.9999999999999998,0.021931929777561338
3711,1.0,0.9999999999999998,0.016186924851134217
3712,1.0,0.9999999999999998,0.01283984665970251
3713,1.0,0.9999999999999998,0.014450500104240892
3714,1.0,0.9999999999999998,0.009588890498318924
3715,1.0,0.9999999999999998,0.00781831587698719
3716,1.0,0.9999999999999998,0.016116630026902314
3717,1.0,0.9999999999999998,0.027694795766683822
3718,1.0,0.9999999999999998,0.015530432926492227
3719,1.0,0.9999999999999998,0.004817131340821984
3720,1.0,0.9999999999999998,0.008627159891690675
3721,1.0,0.9999999999999998,0.032030990961439666
3722,1.0,0.9999999999999998,0.0399895783419328
3723,1.0,0.9999999999999998,0.009629780018726448
3724,1.0,0.9999999999999998,0.008337186306336578
3725,1.0,0.9999999999999998,0.03087794750743448
3726,1.0,0.9999999999999998,0.009599409906559227
3727,1.0,0.9999999999999998,0.02644614112165892
3728,1.0,0.9999999999999998,0.0038072584405062573
3729,1.0,0.9999999999999998,0.012556054883210405
3730,1.0,0.9999999999999998,0.015255964826782327
3731,1.0,0.9999999999999998,0.008987973455167629
3732,1.0,0.9999999999999998,0.01221392046989022
3733,1.0,0.9999999999999998,0.02231035722633591
3734,1.0,0.9999999999999998,0.009671952093384256
3735,1.0,0.9999999999999998,0.013620521428466842
3736,1.0,0.9999999999999998,0.034932253448323
3737,1.0,0.9999999999999998,0.01886890543658056
3738,1.0,0.9999999999999998,0.012802653937461071
3739,1.0,0.9999999999999998,0.00780749256072618
3740,1.0,0.9999999999999998,0.0269113810716141
3741,1.0,0.9999999999999998,0.01301598169515504
3742,1.0,0.9999999999999998,0.013681226896840808
3743,1.0,0.9999999999999998,0.01133361847369007
3744,1.0,0.9999999999999998,0.02703741526465423
3745,1.0,0.9999999999999998,0.013341979544786255
3746,1.0,0.9999999999999998,0.00948259959956508
3747,1.0,0.9999999999999998,0.02991372156040658
3748,1.0,0.9999999999999998,0.01635621911720627
3749,1.0,0.9999999999999998,0.03297481473654426
3750,1.0,0.9999999999999998,0.02900742869316996
3751,1.0,0.9999999999999998,0.023893640132653417
3752,1.0,0.9999999999999998,0.013330683517373085
3753,1.0,0.9999999999999998,0.02403305590472276
3754,1.0,0.9999999999999998,0.009790822587078037
3755,1.0,0.9999999999999998,0.006349489795457269
3756,1.0,0.9999999999999998,0.015197068982253502
3757,1.0,0.9999999999999998,0.013975646058668835
3758,1.0,0.9999999999999998,0.033029664688261316
3759,1.0,0.9999999999999998,0.016262988860351733
3760,1.0,0.9999999999999998,0.03897228356929587
3761,1.0,0.9999999999999998,0.0067865888579117725
3762,1.0,0.9999999999999998,0.018868014256275947
3763,1.0,0.9999999999999998,0.014689449034345124
3764,1.0,0.9999999999999998,0.016582399761515723
3765,1.0,0.9999999999999998,0.014796707942300168
3766,1.0,0.9999999999999998,0.005076402257744174
3767,1.0,0.9999999999999998,0.011248684308211257
3768,1.0,0.9999999999999998,0.032730316395980674
3769,1.0,0.9999999999999998,0.0170847583551354
3770,1.0,0.9999999999999998,0.014453365345868559
3771,1.0,0.9999999999999998,0.013743993511687001
3772,1.0,0.9999999999999998,0.011377449447763942
3773,1.0,0.9999999999999998,0.02155793264360978
3774,1.0,0.9999999999999998,0.014427472612686773
3775,1.0,0.9999999999999998,0.02071631215342603
3776,1.0,0.9999999999999998,0.022344625268710262
3777,1.0,0.9999999999999998,0.012870436390500596
3778,1.0,0.9999999999999998,0.012776931998390993
3779,1.0,0.9999999999999998,0.03080399569481302
3780,1.0,0.9999999999999998,0.01540983650556553
3781,1.0,0.9999999999999998,0.021214257213654386
3782,1.0,0.9999999999999998,0.03883289217949576
3783,1.0,0.9999999999999998,0.023172608733800983
3784,1.0,0.9999999999999998,0.015284484087314087
3785,1.0,0.9999999999999998,0.045074462756686626
3786,1.0,0.9999999999999998,0.03292649572300434
3787,1.0,0.9999999999999998,0.012268272786366163
3788,1.0,0.9999999999999998,0.022211473571319015
3789,1.0,0.9999999999999998,0.011052052831989796
3790,1.0,0.9999999999999998,0.012437538469798809
3791,1.0,0.9999999999999998,0.02629065882276755
3792,1.0,0.9999999999999998,0.019283570292742733
3793,1.0,0.9999999999999998,0.014652718273738
3794,1.0,0.9999999999999998,0.017881650257709047
3795,1.0,0.9999999999999998,0.013005762715068744
3796,1.0,0.9999999999999998,0.016778649147062542
3797,1.0,0.9999999999999998,0.014932645248469614
3798,1.0,0.9999999999999998,0.02170182295277711
3799,1.0,0.9999999999999998,0.00466691567659764
3800,1.0,0.9999999999999998,0.01940772202511721
3801,0.9761904761904763,0.9285714285714285,0.044912454428489776
3802,1.0,0.9999999999999998,0.012712976853445516
3803,1.0,0.9999999999999998,0.02718953417997825
3804,1.0,0.9999999999999998,0.005748557735077979
3805,1.0,0.9999999999999998,0.016508778406321402
3806,1.0,0.9999999999999998,0.01672057871428711
3807,1.0,0.9999999999999998,0.006935753114398362
3808,1.0,0.9999999999999998,0.017640843724844785
3809,1.0,0.9999999999999998,0.014105109470605622
3810,1.0,0.9999999999999998,0.015765012716955025
3811,1.0,0.9999999999999998,0.015614416442754485
3812,1.0,0.9999999999999998,0.004241256719832068
3813,1.0,0.9999999999999998,0.016698460880435306
3814,1.0,0.9999999999999998,0.007176503913800605
3815,1.0,0.9999999999999998,0.01531496110462379
3816,1.0,0.9999999999999998,0.023044324906690353
3817,1.0,0.9999999999999998,0.01653018988169768
3818,1.0,0.9999999999999998,0.011204133886538827
3819,1.0,0.9999999999999998,0.019197970170055846
3820,1.0,0.9999999999999998,0.010555022541735147
3821,1.0,0.9999999999999998,0.017967865750146556
3822,1.0,0.9999999999999998,0.025939481335411955
3823,1.0,0.9999999999999998,0.011992307593524598
3824,1.0,0.9999999999999998,0.030583237691603968
3825,1.0,0.9999999999999998,0.020777418542051063
3826,1.0,0.9999999999999998,0.032659152918708766
3827,1.0,0.9999999999999998,0.015916009585261
3828,1.0,0.9999999999999998,0.014605539564146057
3829,1.0,0.9999999999999998,0.013052625450957846
3830,1.0,0.9999999999999998,0.0156514444717539
3831,1.0,0.9999999999999998,0.025373176529081533
3832,1.0,0.9999999999999998,0.017006979955894015
3833,1.0,0.9999999999999998,0.01294431984244921
3834,1.0,0.9999999999999998,0.01507096098907025
3835,1.0,0.9999999999999998,0.009522245697486414
3836,1.0,0.9999999999999998,0.022692367635244244
3837,1.0,0.9999999999999998,0.009049380018083357
3838,1.0,0.9999999999999998,0.010550181794334347
3839,1.0,0.9999999999999998,0.015677526245304343
3840,1.0,0.9999999999999998,0.014822270842075443
3841,1.0,0.9999999999999998,0.012482634767722198
3842,1.0,0.9999999999999998,0.03185459798801295
3843,1.0,0.9999999999999998,0.023951133190425293
3844,1.0,0.9999999999999998,0.006641310467816894
3845,1.0,0.9999999999999998,0.008652280637249578
3846,1.0,0.9999999999999998,0.027685670577283716
3847,1.0,0.9999999999999998,0.005833595430147692
3848,1.0,0.9999999999999998,0.035408144746847704
3849,1.0,0.9999999999999998,0.004041696637130998
3850,1.0,0.9999999999999998,0.011304448097238837
3851,1.0,0.9999999999999998,0.010194533586842157
3852,1.0,0.9999999999999998,0.02100176538469483
3853,1.0,0.9999999999999998,0.006625439478881327
3854,1.0,0.9999999999999998,0.013527690319785866
3855,1.0,0.9999999999999998,0.016373243014168065
3856,1.0,0.9999999999999998,0.013584568022878253
3857,1.0,0.9999999999999998,0.008606588388028198
3858,1.0,0.9999999999999998,0.017425177729366775
3859,1.0,0.9999999999999998,0.03662018294358794
3860,1.0,0.9999999999999998,0.009082636154122345
3861,1.0,0.9999999999999998,0.009685756972821827
3862,1.0,0.9999999999999998,0.009554464477762786
3863,1.0,0.9999999999999998,0.03463688458855761
3864,1.0,0.9999999999999998,0.018928789298919516
3865,1.0,0.9999999999999998,0.015377894803128102
3866,0.9761904761904763,0.9285714285714285,0.049986996084903305
3867,1.0,0.9999999999999998,0.006815286778932887
3868,1.0,0.9999999999999998,0.032024171173481275
3869,1.0,0.9999999999999998,0.008657700352938079
3870,1.0,0.9999999999999998,0.021113689799506834
3871,1.0,0.9999999999999998,0.013130777071101857
3872,1.0,0.9999999999999998,0.021221707886405178
3873,1.0,0.9999999999999998,0.012495979540067023
3874,1.0,0.9999999999999998,0.026262841553891234
3875,1.0,0.9999999999999998,0.01193035377943915
3876,1.0,0.9999999999999998,0.009569271120259494
3877,1.0,0.9999999999999998,0.037137409398517764
3878,1.0,0.9999999999999998,0.017935475442425595
3879,1.0,0.9999999999999998,0.006486096981205579
3880,1.0,0.9999999999999998,0.01695930137383285
3881,1.0,0.9999999999999998,0.00910003113744895
3882,1.0,0.9999999999999998,0.013384381656856806
3883,1.0,0.9999999999999998,0.03521490803872665
3884,1.0,0.9999999999999998,0.00807321729592212
3885,1.0,0.9999999999999998,0.005478550400431388
3886,1.0,0.9999999999999998,0.03769154160279764
3887,1.0,0.9999999999999998,0.026957213824659904
3888,1.0,0.9999999999999998,0.013434028657881611
3889,1.0,0.9999999999999998,0.010859847388312638
3890,1.0,0.9999999999999998,0.015641572080668603
3891,1.0,0.9999999999999998,0.03629244800604467
3892,1.0,0.9999999999999998,0.026226258739714466
3893,1.0,0.9999999999999998,0.03168502552889843
3894,1.0,0.9999999999999998,0.03561223564158663
3895,1.0,0.9999999999999998,0.0142264641184063
3896,1.0,0.9999999999999998,0.013976667907275177
3897,1.0,0.9999999999999998,0.03277095810499207
3898,1.0,0.9999999999999998,0.013905315608864655
3899,1.0,0.9999999999999998,0.01891676049062594
3900,1.0,0.9999999999999998,0.019662770978100846
3901,1.0,0.9999999999999998,0.03254851065685309
3902,1.0,0.9999999999999998,0.007119516286547993
3903,1.0,0.9999999999999998,0.010500046869550902
3904,1.0,0.9999999999999998,0.01749213232847529
3905,1.0,0.9999999999999998,0.039325746272528654
3906,1.0,0.9999999999999998,0.024931224265403278
3907,1.0,0.9999999999999998,0.029101661118883695
3908,1.0,0.9999999999999998,0.013363735810055642
3909,1.0,0.9999999999999998,0.03155302213773081
3910,1.0,0.9999999999999998,0.01970111284510373
3911,1.0,0.9999999999999998,0.03720974740280018
3912,1.0,0.9999999999999998,0.01805030169987875
3913,1.0,0.9999999999999998,0.03491590049104878
3914,1.0,0.9999999999999998,0.021258004078186447
3915,1.0,0.9999999999999998,0.010173051094963623
3916,1.0,0.9999999999999998,0.028707780074895148
3917,1.0,0.9999999999999998,0.009714771494857881
3918,1.0,0.9999999999999998,0.02291850083269542
3919,0.9761904761904763,0.9285714285714285,0.04674857849590004
3920,1.0,0.9999999999999998,0.0204358957106303
3921,1.0,0.9999999999999998,0.01968100556113509
3922,1.0,0.9999999999999998,0.01735279001442326
3923,1.0,0.9999999999999998,0.030582639841334726
3924,1.0,0.9999999999999998,0.02919466537823262
3925,1.0,0.9999999999999998,0.013680892636606018
3926,1.0,0.9999999999999998,0.034239722164763044
3927,1.0,0.9999999999999998,0.011830212854000682
3928,1.0,0.9999999999999998,0.010100379139354985
3929,1.0,0.9999999999999998,0.005562848096392091
3930,1.0,0.9999999999999998,0.008187752674729626
3931,1.0,0.9999999999999998,0.008774256103640125
3932,1.0,0.9999999999999998,0.010907952638000998
3933,1.0,0.9999999999999998,0.01613290270243592
3934,1.0,0.9999999999999998,0.024920735051131203
3935,1.0,0.9999999999999998,0.01690021151339397
3936,1.0,0.9999999999999998,0.021343463731596526
3937,1.0,0.9999999999999998,0.032897647914498056
3938,1.0,0.9999999999999998,0.022413087863520982
3939,1.0,0.9999999999999998,0.01176413938198606
3940,1.0,0.9999999999999998,0.02037245723357757
3941,1.0,0.9999999999999998,0.022644215696249116
3942,1.0,0.9999999999999998,0.007083611475536322
3943,1.0,0.9999999999999998,0.01904388159305255
3944,1.0,0.9999999999999998,0.024578831112834508
3945,1.0,0.9999999999999998,0.012262067306109084
3946,1.0,0.9999999999999998,0.010085470137728071
3947,1.0,0.9999999999999998,0.01639714005550999
3948,1.0,0.9999999999999998,0.010164448512820778
3949,1.0,0.9999999999999998,0.016570472138318096
3950,1.0,0.9999999999999998,0.006682025940859093
3951,1.0,0.9999999999999998,0.0369394956244129
3952,1.0,0.9999999999999998,0.02277939162536964
3953,1.0,0.9999999999999998,0.010988724679609256
3954,1.0,0.9999999999999998,0.030455263871659165
3955,1.0,0.9999999999999998,0.011243857733459386
3956,1.0,0.9999999999999998,0.006442312810852328
3957,1.0,0.9999999999999998,0.01870539303797937
3958,1.0,0.9999999999999998,0.010380474292569282
3959,1.0,0.9999999999999998,0.02772987584979804
3960,1.0,0.9999999999999998,0.024795951850036323
3961,1.0,0.9999999999999998,0.0063113205983979515
3962,1.0,0.9999999999999998,0.02759514725616126
3963,1.0,0.9999999999999998,0.025265788566862832
3964,1.0,0.9999999999999998,0.015567948084927612
3965,0.9761904761904763,0.9285714285714285,0.03806447183491632
3966,1.0,0.9999999999999998,0.018472202365762823
3967,1.0,0.9999999999999998,0.011497417631297219
3968,1.0,0.9999999999999998,0.005349190875635311
3969,1.0,0.9999999999999998,0.03421728633982694
3970,1.0,0.9999999999999998,0.0237529969501274
3971,1.0,0.9999999999999998,0.011349012003556161
3972,1.0,0.9999999999999998,0.02366485123023042
3973,1.0,0.9999999999999998,0.029435378971865586
3974,1.0,0.9999999999999998,0.019416582037476073
3975,1.0,0.9999999999999998,0.013028805880289152
3976,1.0,0.9999999999999998,0.010808184713598644
3977,1.0,0.9999999999999998,0.01383978068727449
3978,1.0,0.9999999999999998,0.013339660980259918
3979,1.0,0.9999999999999998,0.009253942549169988
3980,1.0,0.9999999999999998,0.01706536063130533
3981,1.0,0.9999999999999998,0.014807098268136525
3982,1.0,0.9999999999999998,0.020390813259777
3983,1.0,0.9999999999999998,0.022110947763682
3984,1.0,0.9999999999999998,0.03393855330441567
3985,1.0,0.9999999999999998,0.03408663971298509
3986,1.0,0.9999999999999998,0.004052020605476603
3987,1.0,0.9999999999999998,0.025505075599158974
3988,1.0,0.9999999999999998,0.030250509266400417
3989,1.0,0.9999999999999998,0.02680510903748634
3990,1.0,0.9999999999999998,0.012393675058617763
3991,1.0,0.9999999999999998,0.011326207832600937
3992,1.0,0.9999999999999998,0.041108502179776754
3993,1.0,0.9999999999999998,0.024584933953912834
3994,1.0,0.9999999999999998,0.015166003249999803
3995,1.0,0.9999999999999998,0.009426203172310008
3996,1.0,0.9999999999999998,0.015573773462946118
3997,1.0,0.9999999999999998,0.01963139424652413
3998,1.0,0.9999999999999998,0.013954943488976745
3999,1.0,0.9999999999999998,0.01906947881614026
4000,1.0,0.9999999999999998,0.018044558490735683
4001,1.0,0.9999999999999998,0.014400280792200494
4002,1.0,0.9999999999999998,0.008599080028036346
4003,1.0,0.9999999999999998,0.013700466875502262
4004,1.0,0.9999999999999998,0.015597425004303653
4005,1.0,0.9999999999999998,0.012230789986535227
4006,1.0,0.9999999999999998,0.009915863393035976
4007,1.0,0.9999999999999998,0.019122537718518642
4008,1.0,0.9999999999999998,0.0067437519640098365
4009,1.0,0.9999999999999998,0.03992350547132807
4010,1.0,0.9999999999999998,0.01321883769036658
4011,1.0,0.9999999999999998,0.01873285493292306
4012,1.0,0.9999999999999998,0.043526956183120094
4013,1.0,0.9999999999999998,0.04160263164506107
4014,1.0,0.9999999999999998,0.012327351474055323
4015,1.0,0.9999999999999998,0.03210460956806967
4016,1.0,0.9999999999999998,0.04434506456030199
4017,1.0,0.9999999999999998,0.009578338879839804
4018,1.0,0.9999999999999998,0.014526305677115589
4019,1.0,0.9999999999999998,0.014641858876520891
4020,1.0,0.9999999999999998,0.03846893090060957
4021,1.0,0.9999999999999998,0.04490194857389946
4022,1.0,0.9999999999999998,0.009698471900002822
4023,1.0,0.9999999999999998,0.025380323171172378
4024,1.0,0.9999999999999998,0.007995117275915474
4025,1.0,0.9999999999999998,0.021528004334869136
4026,1.0,0.9999999999999998,0.041731409178508753
4027,1.0,0.9999999999999998,0.015735522156737056
4028,1.0,0.9999999999999998,0.012795774856987414
4029,1.0,0.9999999999999998,0.016023927964249493
4030,1.0,0.9999999999999998,0.01232073400768275
4031,1.0,0.9999999999999998,0.0062211406867500735
4032,1.0,0.9999999999999998,0.029729018620512845
4033,1.0,0.9999999999999998,0.01115529376674363
4034,1.0,0.9999999999999998,0.03605856829400291
4035,1.0,0.9999999999999998,0.008872143516053775
4036,1.0,0.9999999999999998,0.013598135326142263
4037,1.0,0.9999999999999998,0.026611166900803708
4038,1.0,0.9999999999999998,0.03353375772043383
4039,1.0,0.9999999999999998,0.016388700785345038
4040,1.0,0.9999999999999998,0.015616408716971175
4041,1.0,0.9999999999999998,0.010874201382800014
4042,1.0,0.9999999999999998,0.008900117851148595
4043,1.0,0.9999999999999998,0.019482235189637293
4044,1.0,0.9999999999999998,0.028010546683174715
4045,1.0,0.9999999999999998,0.040661706803126973
4046,1.0,0.9999999999999998,0.011121867377140528
4047,1.0,0.9999999999999998,0.032405796877585935
4048,1.0,0.9999999999999998,0.009324047899418056
4049,1.0,0.9999999999999998,0.02805870401605396
4050,1.0,0.9999999999999998,0.011874103522000475
4051,1.0,0.9999999999999998,0.0129972210989351
4052,1.0,0.9999999999999998,0.03454832975231178
4053,1.0,0.9999999999999998,0.02826128380029675
4054,1.0,0.9999999999999998,0.04543116379626093
4055,1.0,0.9999999999999998,0.01450036563270949
4056,1.0,0.9999999999999998,0.01664883003618678
4057,1.0,0.9999999999999998,0.026082119202352406
4058,1.0,0.9999999999999998,0.021490173135167635
4059,1.0,0.9999999999999998,0.020702251079089753
4060,1.0,0.9999999999999998,0.012889837084422817
4061,1.0,0.9999999999999998,0.010763948817759501
4062,1.0,0.9999999999999998,0.019051837168675027
4063,1.0,0.9999999999999998,0.02102383218575736
4064,1.0,0.9999999999999998,0.01691706216961067
4065,1.0,0.9999999999999998,0.02962684618041196
4066,1.0,0.9999999999999998,0.028365029846764887
4067,1.0,0.9999999999999998,0.00787767121739108
4068,1.0,0.9999999999999998,0.011914433887030972
4069,1.0,0.9999999999999998,0.019844374201693694
4070,1.0,0.9999999999999998,0.021817186927835207
4071,1.0,0.9999999999999998,0.026019824698020375
4072,1.0,0.9999999999999998,0.018290340146484924
4073,1.0,0.9999999999999998,0.021260317861478063
4074,0.9761904761904763,0.9285714285714285,0.033123786544612996
4075,1.0,0.9999999999999998,0.023083030461156097
4076,1.0,0.9999999999999998,0.025703004298593395
4077,1.0,0.9999999999999998,0.014227040919901734
4078,1.0,0.9999999999999998,0.01614317029856522
4079,1.0,0.9999999999999998,0.015897358261894368
4080,1.0,0.9999999999999998,0.04759942547472168
4081,1.0,0.9999999999999998,0.016983851207590363
4082,1.0,0.9999999999999998,0.018333346971845167
4083,1.0,0.9999999999999998,0.018058870333685723
4084,1.0,0.9999999999999998,0.008834412947119827
4085,1.0,0.9999999999999998,0.010486459707414818
4086,1.0,0.9999999999999998,0.008662398965480225
4087,1.0,0.9999999999999998,0.025590519432976175
4088,1.0,0.9999999999999998,0.013821771272754746
4089,1.0,0.9999999999999998,0.013309951103543813
4090,1.0,0.9999999999999998,0.01312241540096385
4091,1.0,0.9999999999999998,0.023158612115840478
4092,1.0,0.9999999999999998,0.00978325082509518
4093,1.0,0.9999999999999998,0.016436946328904085
4094,1.0,0.9999999999999998,0.012277520252810273
4095,1.0,0.9999999999999998,0.013584191517753086
4096,1.0,0.9999999999999998,0.006751654346243738
4097,1.0,0.9999999999999998,0.00902144697770594
4098,1.0,0.9999999999999998,0.013187606522457242
4099,1.0,0.9999999999999998,0.021148244176480778
4100,1.0,0.9999999999999998,0.011938235926116356
4101,0.9761904761904763,0.9285714285714285,0.03781273672519187
4102,1.0,0.9999999999999998,0.028024962688015763
4103,1.0,0.9999999999999998,0.010677824674858075
4104,1.0,0.9999999999999998,0.011063266523853664
4105,1.0,0.9999999999999998,0.038908468279700834
4106,1.0,0.9999999999999998,0.015528402922892391
4107,1.0,0.9999999999999998,0.014841363828702464
4108,1.0,0.9999999999999998,0.005464674795819337
4109,1.0,0.9999999999999998,0.018908921427316885
4110,1.0,0.9999999999999998,0.009723024539263492
4111,1.0,0.9999999999999998,0.020483267762225345
4112,1.0,0.9999999999999998,0.028108913931263017
4113,1.0,0.9999999999999998,0.009271376487869638
4114,1.0,0.9999999999999998,0.02775648340129625
4115,1.0,0.9999999999999998,0.01824231897422928
4116,1.0,0.9999999999999998,0.016740830191523913
4117,1.0,0.9999999999999998,0.021461638797970473
4118,1.0,0.9999999999999998,0.012473042243644268
4119,1.0,0.9999999999999998,0.010379729850885408
4120,1.0,0.9999999999999998,0.01380979752300908
4121,1.0,0.9999999999999998,0.020267916258032793
4122,1.0,0.9999999999999998,0.00931292908684761
4123,1.0,0.9999999999999998,0.00871923546711665
4124,1.0,0.9999999999999998,0.01731071885934171
4125,1.0,0.9999999999999998,0.013460608862133794
4126,1.0,0.9999999999999998,0.021135016466154392
4127,1.0,0.9999999999999998,0.014626342933267727
4128,1.0,0.9999999999999998,0.026237456999904825
4129,1.0,0.9999999999999998,0.00661277160409935
4130,1.0,0.9999999999999998,0.0322778918407028
4131,1.0,0.9999999999999998,0.014561445731450587
4132,1.0,0.9999999999999998,0.013449243213432889
4133,1.0,0.9999999999999998,0.0072773138092531095
4134,1.0,0.9999999999999998,0.011777808035752978
4135,1.0,0.9999999999999998,0.03439136842470286
4136,1.0,0.9999999999999998,0.005971796144813912
4137,1.0,0.9999999999999998,0.0072973946578545265
4138,1.0,0.9999999999999998,0.028085117746786285
4139,1.0,0.9999999999999998,0.033802255017028056
4140,1.0,0.9999999999999998,0.009498891037108895
4141,1.0,0.9999999999999998,0.005912945251416175
4142,1.0,0.9999999999999998,0.01636382212812542
4143,1.0,0.9999999999999998,0.01872931858571552
4144,1.0,0.9999999999999998,0.018547158323582162
4145,1.0,0.9999999999999998,0.011120020378097208
4146,1.0,0.9999999999999998,0.011917992304751893
4147,1.0,0.9999999999999998,0.02540932277576652
4148,1.0,0.9999999999999998,0.0056789284329576
4149,1.0,0.9999999999999998,0.017128773651217767
4150,1.0,0.9999999999999998,0.036989763167111604
4151,1.0,0.9999999999999998,0.020400209867516
4152,1.0,0.9999999999999998,0.02163982433894797
4153,1.0,0.9999999999999998,0.03618952832279494
4154,1.0,0.9999999999999998,0.016158666123927502
4155,1.0,0.9999999999999998,0.021630899025062537
4156,1.0,0.9999999999999998,0.015443863071676021
4157,1.0,0.9999999999999998,0.010159726905454879
4158,1.0,0.9999999999999998,0.01238394422101325
4159,1.0,0.9999999999999998,0.010881442831760499
4160,1.0,0.9999999999999998,0.015566459342583897
4161,1.0,0.9999999999999998,0.04027579848639949
4162,1.0,0.9999999999999998,0.02611181769916656
4163,1.0,0.9999999999999998,0.011521911470620448
4164,1.0,0.9999999999999998,0.009195055123602934
4165,1.0,0.9999999999999998,0.016217046621267023
4166,1.0,0.9999999999999998,0.026261528199314058
4167,1.0,0.9999999999999998,0.014762197872447848
4168,1.0,0.9999999999999998,0.006808589027550514
4169,1.0,0.9999999999999998,0.015473731461264711
4170,1.0,0.9999999999999998,0.01100108281951881
4171,1.0,0.9999999999999998,0.02102326263324008
4172,1.0,0.9999999999999998,0.02788569709950587
4173,1.0,0.9999999999999998,0.018210466523735327
4174,1.0,0.9999999999999998,0.01058262527348789
4175,1.0,0.9999999999999998,0.007300979255787536
4176,1.0,0.9999999999999998,0.018378739971701412
4177,1.0,0.9999999999999998,0.016335086641638942
4178,1.0,0.9999999999999998,0.010501958460536379
4179,1.0,0.9999999999999998,0.01933041720911089
4180,1.0,0.9999999999999998,0.01137249006248156
4181,1.0,0.9999999999999998,0.011522802998491885
4182,1.0,0.9999999999999998,0.03705449599771602
4183,1.0,0.9999999999999998,0.036605397738546944
4184,1.0,0.9999999999999998,0.02155711387116705
4185,1.0,0.9999999999999998,0.025829685624717637
4186,1.0,0.9999999999999998,0.028009841399931568
4187,1.0,0.9999999999999998,0.004157049348570752
4188,1.0,0.9999999999999998,0.024201529929184874
4189,1.0,0.9999999999999998,0.007732475279145987
4190,1.0,0.9999999999999998,0.012386179539149965
4191,1.0,0.9999999999999998,0.019034593261373287
4192,1.0,0.9999999999999998,0.035232944390191964
4193,1.0,0.9999999999999998,0.012400239898815862
4194,1.0,0.9999999999999998,0.009655356886775449
4195,1.0,0.9999999999999998,0.021963295542350332
4196,1.0,0.9999999999999998,0.02963352283269998
4197,1.0,0.9999999999999998,0.016633577679271955
4198,1.0,0.9999999999999998,0.008995319343386814
4199,1.0,0.9999999999999998,0.03148243103999564
4200,1.0,0.9999999999999998,0.0064219799821618045
4201,1.0,0.9999999999999998,0.019090800661180116
4202,1.0,0.9999999999999998,0.013517123699652793
4203,1.0,0.9999999999999998,0.013803310394450208
4204,1.0,0.9999999999999998,0.013260186845043966
4205,1.0,0.9999999999999998,0.01593402182685371
4206,1.0,0.9999999999999998,0.017648988104767165
4207,1.0,0.9999999999999998,0.018467860555360607
4208,1.0,0.9999999999999998,0.02558930507189003
4209,1.0,0.9999999999999998,0.013730490689568199
4210,1.0,0.9999999999999998,0.021673849021067407
4211,1.0,0.9999999999999998,0.01772734877262256
4212,1.0,0.9999999999999998,0.019608737394577365
4213,1.0,0.9999999999999998,0.025652339243745464
4214,1.0,0.9999999999999998,0.03399335184925081
4215,1.0,0.9999999999999998,0.04193024379912316
4216,1.0,0.9999999999999998,0.017375419049786983
4217,1.0,0.9999999999999998,0.017606284864314682
4218,1.0,0.9999999999999998,0.016787443712926696
4219,1.0,0.9999999999999998,0.006731587318051457
4220,1.0,0.9999999999999998,0.042344547026101076
4221,1.0,0.9999999999999998,0.020796394337308365
4222,1.0,0.9999999999999998,0.04357426983822822
4223,1.0,0.9999999999999998,0.028115078318750923
4224,1.0,0.9999999999999998,0.016429055381312792
4225,1.0,0.9999999999999998,0.023002035764476098
4226,1.0,0.9999999999999998,0.014896612611197936
4227,1.0,0.9999999999999998,0.016746063157762572
4228,1.0,0.9999999999999998,0.021012664063111468
4229,1.0,0.9999999999999998,0.02218550072021177
4230,1.0,0.9999999999999998,0.009624905896164222
4231,1.0,0.9999999999999998,0.017033654600179214
4232,1.0,0.9999999999999998,0.01333605911546417
4233,1.0,0.9999999999999998,0.009670054799226002
4234,1.0,0.9999999999999998,0.009520059563891736
4235,1.0,0.9999999999999998,0.020676622552076
4236,1.0,0.9999999999999998,0.03586026039886934
4237,1.0,0.9999999999999998,0.027006958833005475
4238,1.0,0.9999999999999998,0.02098898896464612
4239,1.0,0.9999999999999998,0.01858290572142375
4240,1.0,0.9999999999999998,0.008496412329123453
4241,1.0,0.9999999999999998,0.014545032651951006
4242,1.0,0.9999999999999998,0.018070652933620555
4243,1.0,0.9999999999999998,0.02372152266067798
4244,1.0,0.9999999999999998,0.023282505295386474
4245,1.0,0.9999999999999998,0.023043690986619347
4246,1.0,0.9999999999999998,0.022431164343075724
4247,1.0,0.9999999999999998,0.009829368572250231
4248,1.0,0.9999999999999998,0.005866709983578446
4249,1.0,0.9999999999999998,0.029079949854558605
4250,1.0,0.9999999999999998,0.010636390026595041
4251,1.0,0.9999999999999998,0.015414043305393955
4252,1.0,0.9999999999999998,0.021452841362224882
4253,1.0,0.9999999999999998,0.008762020666402845
4254,1.0,0.9999999999999998,0.01823323862232424
4255,1.0,0.9999999999999998,0.024990843090643047
4256,1.0,0.9999999999999998,0.032296758101577706
4257,1.0,0.9999999999999998,0.014444245439986743
4258,1.0,0.9999999999999998,0.030147161811356717
4259,1.0,0.9999999999999998,0.0238951693045259
4260,1.0,0.9999999999999998,0.014924028297143892
4261,1.0,0.9999999999999998,0.023113040237728998
4262,1.0,0.9999999999999998,0.02939908211934613
4263,1.0,0.9999999999999998,0.01665062750842057
4264,1.0,0.9999999999999998,0.013475071951284584
4265,1.0,0.9999999999999998,0.019832047571625273
4266,1.0,0.9999999999999998,0.012000917666681238
4267,1.0,0.9999999999999998,0.023438585568774158
4268,1.0,0.9999999999999998,0.020476616777798176
4269,1.0,0.9999999999999998,0.02655540305548336
4270,1.0,0.9999999999999998,0.011065768498133698
4271,1.0,0.9999999999999998,0.022594595314200376
4272,1.0,0.9999999999999998,0.037943614026392375
4273,1.0,0.9999999999999998,0.031750497817501944
4274,1.0,0.9999999999999998,0.020991881056220213
4275,1.0,0.9999999999999998,0.01042232395835261
4276,1.0,0.9999999999999998,0.01703583835043153
4277,1.0,0.9999999999999998,0.013001258863466363
4278,1.0,0.9999999999999998,0.023212167384031708
4279,1.0,0.9999999999999998,0.02032518047649603
4280,1.0,0.9999999999999998,0.013888054208645792
4281,1.0,0.9999999999999998,0.0070160739866622635
4282,1.0,0.9999999999999998,0.024375135886047387
4283,1.0,0.9999999999999998,0.009537783842373936
4284,1.0,0.9999999999999998,0.0058743617537532
4285,1.0,0.9999999999999998,0.022500972002203114
4286,1.0,0.9999999999999998,0.02421993611870131
4287,1.0,0.9999999999999998,0.01142717984398145
4288,1.0,0.9999999999999998,0.020523930678945736
4289,1.0,0.9999999999999998,0.03535538264961033
4290,1.0,0.9999999999999998,0.03208695265250444
4291,1.0,0.9999999999999998,0.013922169557867403
4292,1.0,0.9999999999999998,0.01153174492218663
4293,1.0,0.9999999999999998,0.034373725507091064
4294,1.0,0.9999999999999998,0.024107150978809576
4295,1.0,0.9999999999999998,0.014898850128845058
4296,1.0,0.9999999999999998,0.030158301373533085
4297,1.0,0.9999999999999998,0.007868481697611736
4298,1.0,0.9999999999999998,0.008548335762694918
4299,1.0,0.9999999999999998,0.01922448110610591
4300,1.0,0.9999999999999998,0.01974389718142596
4301,1.0,0.9999999999999998,0.010870615184197241
4302,1.0,0.9999999999999998,0.021817716100517824
4303,1.0,0.9999999999999998,0.02266300239284328
4304,1.0,0.9999999999999998,0.011255869598172548
4305,1.0,0.9999999999999998,0.009838673922212625
4306,1.0,0.9999999999999998,0.009121073796164787
4307,1.0,0.9999999999999998,0.03756338049239765
4308,1.0,0.9999999999999998,0.007469329306562286
4309,1.0,0.9999999999999998,0.026179329604179888
4310,1.0,0.9999999999999998,0.042901556690296994
4311,1.0,0.9999999999999998,0.026976762973279195
4312,1.0,0.9999999999999998,0.020138672232964172
4313,1.0,0.9999999999999998,0.031529635736985466
4314,1.0,0.9999999999999998,0.0031857920451560176
4315,1.0,0.9999999999999998,0.011653525337518414
4316,1.0,0.9999999999999998,0.010152603764174727
4317,1.0,0.9999999999999998,0.01690918430055898
4318,1.0,0.9999999999999998,0.016212768224308637
4319,1.0,0.9999999999999998,0.01019960030572769
4320,1.0,0.9999999999999998,0.018654873875593385
4321,1.0,0.9999999999999998,0.011505710196881992
4322,1.0,0.9999999999999998,0.012953068507800793
4323,1.0,0.9999999999999998,0.012841670588025815
4324,1.0,0.9999999999999998,0.011031875435181727
4325,1.0,0.9999999999999998,0.026095222407740398
4326,1.0,0.9999999999999998,0.0103641052241202
4327,1.0,0.9999999999999998,0.01318796346751356
4328,1.0,0.9999999999999998,0.011611766200746547
4329,1.0,0.9999999999999998,0.02856988429673067
4330,1.0,0.9999999999999998,0.018779722148669888
4331,1.0,0.9999999999999998,0.017971878531240174
4332,1.0,0.9999999999999998,0.008253170620145696
4333,1.0,0.9999999999999998,0.018062890595107454
4334,1.0,0.9999999999999998,0.01912765233152333
4335,1.0,0.9999999999999998,0.004677763361919919
4336,1.0,0.9999999999999998,0.015141769476730661
4337,1.0,0.9999999999999998,0.022645958234392922
4338,1.0,0.9999999999999998,0.011922639598856047
4339,1.0,0.9999999999999998,0.02068560541649627
4340,1.0,0.9999999999999998,0.02394702006669293
4341,1.0,0.9999999999999998,0.02678536836421079
4342,1.0,0.9999999999999998,0.023307724202962038
4343,1.0,0.9999999999999998,0.006749852089520919
4344,1.0,0.9999999999999998,0.010941452935781644
4345,1.0,0.9999999999999998,0.025415741002566966
4346,1.0,0.9999999999999998,0.039271740416598325
4347,1.0,0.9999999999999998,0.014027605194693628
4348,1.0,0.9999999999999998,0.024211795660210762
4349,1.0,0.9999999999999998,0.01950723941370275
4350,1.0,0.9999999999999998,0.020076811923836577
4351,1.0,0.9999999999999998,0.02495576911778108
4352,1.0,0.9999999999999998,0.006718148808350359
4353,1.0,0.9999999999999998,0.02862707945954207
4354,1.0,0.9999999999999998,0.012923324906373997
4355,1.0,0.9999999999999998,0.03451188673627859
4356,1.0,0.9999999999999998,0.012136508469503891
4357,1.0,0.9999999999999998,0.005702507585515666
4358,1.0,0.9999999999999998,0.023625134834272442
4359,1.0,0.9999999999999998,0.007462440790070607
4360,1.0,0.9999999999999998,0.02940480508354195
4361,1.0,0.9999999999999998,0.012026789820552303
4362,1.0,0.9999999999999998,0.03126697341954816
4363,1.0,0.9999999999999998,0.03360955399711042
4364,1.0,0.9999999999999998,0.027748615334145396
4365,1.0,0.9999999999999998,0.026434126265745143
4366,1.0,0.9999999999999998,0.014299075355879327
4367,0.9761904761904763,0.9285714285714285,0.04159585703933698
4368,1.0,0.9999999999999998,0.008994888289085193
4369,1.0,0.9999999999999998,0.00996035544244752
4370,1.0,0.9999999999999998,0.03971317767900671
4371,1.0,0.9999999999999998,0.018537322054187955
4372,1.0,0.9999999999999998,0.012314571667481546
4373,1.0,0.9999999999999998,0.010867304077245718
4374,1.0,0.9999999999999998,0.03271012372106612
4375,1.0,0.9999999999999998,0.010188263375438225
4376,1.0,0.9999999999999998,0.01574683407463897
4377,1.0,0.9999999999999998,0.019417242098577113
4378,1.0,0.9999999999999998,0.03411880623693937
4379,0.9761904761904763,0.9285714285714285,0.035964705041163315
4380,1.0,0.9999999999999998,0.021162727377737806
4381,1.0,0.9999999999999998,0.012171428988424611
4382,1.0,0.9999999999999998,0.01758173481380914
4383,1.0,0.9999999999999998,0.006259575562912567
4384,1.0,0.9999999999999998,0.028695240608145475
4385,1.0,0.9999999999999998,0.011194837573640502
4386,1.0,0.9999999999999998,0.02376710896682277
4387,1.0,0.9999999999999998,0.011301355829607167
4388,1.0,0.9999999999999998,0.03934708332293909
4389,1.0,0.9999999999999998,0.007397065153364968
4390,1.0,0.9999999999999998,0.0082482361510448
4391,1.0,0.9999999999999998,0.0187635438475506
4392,1.0,0.9999999999999998,0.007942896181694269
4393,1.0,0.9999999999999998,0.032757304663586305
4394,1.0,0.9999999999999998,0.019410530046089107
4395,1.0,0.9999999999999998,0.009838359930038953
4396,1.0,0.9999999999999998,0.03317917282551332
4397,1.0,0.9999999999999998,0.012415852962671094
4398,1.0,0.9999999999999998,0.0086906483460924
4399,1.0,0.9999999999999998,0.015498401310765797
4400,1.0,0.9999999999999998,0.002541610656476463
4401,1.0,0.9999999999999998,0.009478329766984761
4402,1.0,0.9999999999999998,0.007292026348075659
4403,1.0,0.9999999999999998,0.007349774900049073
4404,1.0,0.9999999999999998,0.018574722011185513
4405,1.0,0.9999999999999998,0.019188988046786523
4406,1.0,0.9999999999999998,0.014845794790682112
4407,1.0,0.9999999999999998,0.02149893485952159
4408,1.0,0.9999999999999998,0.008320828216778771
4409,1.0,0.9999999999999998,0.008613333347690495
4410,1.0,0.9999999999999998,0.021954680557620863
4411,1.0,0.9999999999999998,0.02080605156379752
4412,1.0,0.9999999999999998,0.04014890091429818
4413,1.0,0.9999999999999998,0.005584891874379584
4414,1.0,0.9999999999999998,0.01835655009153276
4415,1.0,0.9999999999999998,0.009126305971901408
4416,1.0,0.9999999999999998,0.01889228528643877
4417,1.0,0.9999999999999998,0.0295273702480116
4418,1.0,0.9999999999999998,0.008664328529161956
4419,1.0,0.9999999999999998,0.01137333684590204
4420,1.0,0.9999999999999998,0.01731793597356139
4421,1.0,0.9999999999999998,0.038595522328966216
4422,1.0,0.9999999999999998,0.01818461157200984
4423,1.0,0.9999999999999998,0.01381159781713908
4424,1.0,0.9999999999999998,0.016488830991780813
4425,1.0,0.9999999999999998,0.015298720393368534
4426,1.0,0.9999999999999998,0.010379163201956289
4427,1.0,0.9999999999999998,0.029972197012121428
4428,1.0,0.9999999999999998,0.04132746974347464
4429,1.0,0.9999999999999998,0.015116629789850601
4430,1.0,0.9999999999999998,0.02928987754329767
4431,1.0,0.9999999999999998,0.011437476143352068
4432,1.0,0.9999999999999998,0.007847173783343722
4433,1.0,0.9999999999999998,0.023130094318761313
4434,1.0,0.9999999999999998,0.01632332924021916
4435,1.0,0.9999999999999998,0.026070783587213604
4436,1.0,0.9999999999999998,0.03779753961859482
4437,1.0,0.9999999999999998,0.018200079720760584
4438,1.0,0.9999999999999998,0.017035231833159095
4439,1.0,0.9999999999999998,0.03092574145491294
4440,1.0,0.9999999999999998,0.017736238245425848
4441,1.0,0.9999999999999998,0.012910188335392411
4442,1.0,0.9999999999999998,0.01997153232821866
4443,1.0,0.9999999999999998,0.02706044397480052
4444,1.0,0.9999999999999998,0.006816342076767984
4445,1.0,0.9999999999999998,0.014633326114129347
4446,1.0,0.9999999999999998,0.013624616084622579
4447,1.0,0.9999999999999998,0.016222151586295717
4448,1.0,0.9999999999999998,0.014965398871447523
4449,1.0,0.9999999999999998,0.012223555600510645
4450,1.0,0.9999999999999998,0.014663272638334293
4451,1.0,0.9999999999999998,0.011593667742995035
4452,1.0,0.9999999999999998,0.023508312123022894
4453,1.0,0.9999999999999998,0.019442633231448354
4454,1.0,0.9999999999999998,0.015030524036848993
4455,1.0,0.9999999999999998,0.0033768450751464826
4456,1.0,0.9999999999999998,0.025608688332789627
4457,1.0,0.9999999999999998,0.004979416176749338
4458,1.0,0.9999999999999998,0.018866512664297626
4459,1.0,0.9999999999999998,0.02984896023387315
4460,1.0,0.9999999999999998,0.01575731567636926
4461,1.0,0.9999999999999998,0.032945213367508316
4462,1.0,0.9999999999999998,0.013071916032164413
4463,1.0,0.9999999999999998,0.007991763665025027
4464,1.0,0.9999999999999998,0.02849813276450163
4465,1.0,0.9999999999999998,0.026741470824366557
4466,1.0,0.9999999999999998,0.010489054393557351
4467,1.0,0.9999999999999998,0.016349833203847842
4468,1.0,0.9999999999999998,0.003822521842915469
4469,1.0,0.9999999999999998,0.0372731552105177
4470,1.0,0.9999999999999998,0.006244260991115455
4471,1.0,0.9999999999999998,0.025871573944402135
4472,1.0,0.9999999999999998,0.01896764864603933
4473,1.0,0.9999999999999998,0.01798144433312414
4474,1.0,0.9999999999999998,0.014599044455334581
4475,1.0,0.9999999999999998,0.007820339748031771
4476,1.0,0.9999999999999998,0.011580100242283953
4477,1.0,0.9999999999999998,0.007934737992473982
4478,1.0,0.9999999999999998,0.028945175630957345
4479,1.0,0.9999999999999998,0.02853265706831168
4480,1.0,0.9999999999999998,0.025396610042500663
4481,1.0,0.9999999999999998,0.00459593916068405
4482,1.0,0.9999999999999998,0.00953832620469737
4483,1.0,0.9999999999999998,0.01435476320245374
4484,1.0,0.9999999999999998,0.01287461952301474
4485,1.0,0.9999999999999998,0.01052943400886816
4486,1.0,0.9999999999999998,0.006397079591162855
4487,1.0,0.9999999999999998,0.017640898108559844
4488,1.0,0.9999999999999998,0.006050318918540333
4489,1.0,0.9999999999999998,0.04017944412007554
4490,1.0,0.9999999999999998,0.014854380855051481
4491,1.0,0.9999999999999998,0.011696627287746439
4492,1.0,0.9999999999999998,0.03353811944435322
4493,1.0,0.9999999999999998,0.006218104352512459
4494,1.0,0.9999999999999998,0.013328453603817098
4495,1.0,0.9999999999999998,0.015267983738027208
4496,1.0,0.9999999999999998,0.005705938684099181
4497,1.0,0.9999999999999998,0.02221908485178132
4498,1.0,0.9999999999999998,0.009808321402046315
4499,1.0,0.9999999999999998,0.02546980418198832
4500,1.0,0.9999999999999998,0.018008431837565786
4501,1.0,0.9999999999999998,0.016638959473741333
4502,1.0,0.9999999999999998,0.010313124655508321
4503,1.0,0.9999999999999998,0.02283343192459955
4504,1.0,0.9999999999999998,0.01846263623039167
4505,0.9761904761904763,0.9285714285714285,0.039215155064024995
4506,1.0,0.9999999999999998,0.011740305661088975
4507,1.0,0.9999999999999998,0.014978824298884287
4508,1.0,0.9999999999999998,0.016533472107337244
4509,1.0,0.9999999999999998,0.02261176764573479
4510,1.0,0.9999999999999998,0.021867262316460877
4511,1.0,0.9999999999999998,0.013095487032727483
4512,1.0,0.9999999999999998,0.018556587997897743
4513,1.0,0.9999999999999998,0.014528053920168482
4514,1.0,0.9999999999999998,0.024070367700802696
4515,1.0,0.9999999999999998,0.008744998806898913
4516,1.0,0.9999999999999998,0.017096709740583152
4517,1.0,0.9999999999999998,0.034557358197534666
4518,1.0,0.9999999999999998,0.011156626602747875
4519,1.0,0.9999999999999998,0.024370343168057078
4520,1.0,0.9999999999999998,0.015670845947333145
4521,1.0,0.9999999999999998,0.011843161772586722
4522,1.0,0.9999999999999998,0.018557652467190038
4523,1.0,0.9999999999999998,0.020578828999438907
4524,1.0,0.9999999999999998,0.014428718197083211
4525,1.0,0.9999999999999998,0.03224439983538103
4526,1.0,0.9999999999999998,0.02203138258300593
4527,1.0,0.9999999999999998,0.011837293794208913
4528,1.0,0.9999999999999998,0.011169572622036744
4529,1.0,0.9999999999999998,0.020353847717556398
4530,1.0,0.9999999999999998,0.023266162182763547
4531,1.0,0.9999999999999998,0.020396752531302485
4532,1.0,0.9999999999999998,0.028883181186952017
4533,1.0,0.9999999999999998,0.014055324132730598
4534,1.0,0.9999999999999998,0.017522667174533137
4535,1.0,0.9999999999999998,0.012067389392283245
4536,1.0,0.9999999999999998,0.008127642009277077
4537,1.0,0.9999999999999998,0.013800539506564145
4538,1.0,0.9999999999999998,0.021766473828613603
4539,1.0,0.9999999999999998,0.013757294485108859
4540,1.0,0.9999999999999998,0.011884844003441489
4541,1.0,0.9999999999999998,0.010364959458234776
4542,1.0,0.9999999999999998,0.025585199393128304
4543,1.0,0.9999999999999998,0.0160676214066044
4544,1.0,0.9999999999999998,0.005395402891539086
4545,1.0,0.9999999999999998,0.01967078102847873
4546,1.0,0.9999999999999998,0.017332679318804244
4547,1.0,0.9999999999999998,0.04056135623703177
4548,1.0,0.9999999999999998,0.020238830428308777
4549,1.0,0.9999999999999998,0.006902165542895848
4550,1.0,0.9999999999999998,0.0063548534824275915
4551,1.0,0.9999999999999998,0.01538590150939445
4552,1.0,0.9999999999999998,0.010978342248371895
4553,1.0,0.9999999999999998,0.007136278117806233
4554,1.0,0.9999999999999998,0.009539396433444668
4555,1.0,0.9999999999999998,0.009803637713820104
4556,1.0,0.9999999999999998,0.014748452679119228
4557,1.0,0.9999999999999998,0.022822807296010182
4558,1.0,0.9999999999999998,0.010886114334584772
4559,1.0,0.9999999999999998,0.013737070182821998
4560,0.9761904761904763,0.9285714285714285,0.04302943587319942
4561,1.0,0.9999999999999998,0.021806453273065886
4562,1.0,0.9999999999999998,0.023882578591109677
4563,1.0,0.9999999999999998,0.008225920000679524
4564,1.0,0.9999999999999998,0.013734157713806872
4565,1.0,0.9999999999999998,0.01758313609221672
4566,1.0,0.9999999999999998,0.016782545501870624
4567,1.0,0.9999999999999998,0.015357770937442679
4568,1.0,0.9999999999999998,0.02843527383215514
4569,1.0,0.9999999999999998,0.03063650050512958
4570,1.0,0.9999999999999998,0.003918639550548025
4571,1.0,0.9999999999999998,0.005562721457766477
4572,1.0,0.9999999999999998,0.01411741034798232
4573,1.0,0.9999999999999998,0.017889700977786638
4574,1.0,0.9999999999999998,0.013782198609873196
4575,1.0,0.9999999999999998,0.021033915254501427
4576,1.0,0.9999999999999998,0.03201450383675942
4577,1.0,0.9999999999999998,0.016129782856603762
4578,1.0,0.9999999999999998,0.017529051931692276
4579,1.0,0.9999999999999998,0.02136861966811738
4580,1.0,0.9999999999999998,0.005809766537659883
4581,1.0,0.9999999999999998,0.01602911100429963
4582,1.0,0.9999999999999998,0.004178274661196156
4583,1.0,0.9999999999999998,0.014423919339648907
4584,0.9761904761904763,0.9285714285714285,0.03884493523090018
4585,1.0,0.9999999999999998,0.03298062700302327
4586,1.0,0.9999999999999998,0.011482523987562825
4587,1.0,0.9999999999999998,0.03566006487454048
4588,1.0,0.9999999999999998,0.01055640283495448
4589,1.0,0.9999999999999998,0.014902290089882211
4590,1.0,0.9999999999999998,0.006424395093269572
4591,1.0,0.9999999999999998,0.0032446283266799464
4592,1.0,0.9999999999999998,0.0112400097568493
4593,1.0,0.9999999999999998,0.02427080246193762
4594,1.0,0.9999999999999998,0.011401430739698654
4595,1.0,0.9999999999999998,0.025374568931926675
4596,1.0,0.9999999999999998,0.026840536743950906
4597,1.0,0.9999999999999998,0.009859704652857813
4598,1.0,0.9999999999999998,0.04345828728748123
4599,1.0,0.9999999999999998,0.018745272939503718
4600,1.0,0.9999999999999998,0.014960648341291183
4601,1.0,0.9999999999999998,0.04853372542906939
4602,1.0,0.9999999999999998,0.011280276311208808
4603,1.0,0.9999999999999998,0.015351319595135846
4604,1.0,0.9999999999999998,0.01585749858279028
4605,1.0,0.9999999999999998,0.01571354481215513
4606,1.0,0.9999999999999998,0.009217593044849814
4607,1.0,0.9999999999999998,0.018084023376827386
4608,0.9761904761904763,0.9285714285714285,0.039198195176758974
4609,1.0,0.9999999999999998,0.018996722470578882
4610,1.0,0.9999999999999998,0.03430323620030997
4611,1.0,0.9999999999999998,0.024986154210950587
4612,1.0,0.9999999999999998,0.009100117961548977
4613,1.0,0.9999999999999998,0.009651914366673349
4614,1.0,0.9999999999999998,0.010132166894584613
4615,1.0,0.9999999999999998,0.008977025682336472
4616,1.0,0.9999999999999998,0.013680025858032956
4617,1.0,0.9999999999999998,0.01605253998863533
4618,1.0,0.9999999999999998,0.021338644103366458
4619,1.0,0.9999999999999998,0.021350903074062746
4620,1.0,0.9999999999999998,0.010235804243316625
4621,1.0,0.9999999999999998,0.022248849264032332
4622,1.0,0.9999999999999998,0.029867229931688846
4623,1.0,0.9999999999999998,0.00930158766773797
4624,1.0,0.9999999999999998,0.017916428777244933
4625,1.0,0.9999999999999998,0.027008014731204816
4626,1.0,0.9999999999999998,0.004581915465966764
4627,1.0,0.9999999999999998,0.005079822029947771
4628,1.0,0.9999999999999998,0.013544884079770163
4629,1.0,0.9999999999999998,0.0056828306949905025
4630,1.0,0.9999999999999998,0.01742635665684277
4631,1.0,0.9999999999999998,0.03578417046635075
4632,1.0,0.9999999999999998,0.04453117385329922
4633,1.0,0.9999999999999998,0.007650487691188861
4634,1.0,0.9999999999999998,0.011028125698397381
4635,1.0,0.9999999999999998,0.012905461682475264
4636,1.0,0.9999999999999998,0.03637756521454976
4637,1.0,0.9999999999999998,0.015173903519088199
4638,1.0,0.9999999999999998,0.010050901859094082
4639,1.0,0.9999999999999998,0.003828500896034724
4640,1.0,0.9999999999999998,0.017683773516851825
4641,1.0,0.9999999999999998,0.013189550405711688
4642,1.0,0.9999999999999998,0.005314323961526521
4643,1.0,0.9999999999999998,0.00839135071131096
4644,1.0,0.9999999999999998,0.02511493094282887
4645,1.0,0.9999999999999998,0.03709622593009718
4646,1.0,0.9999999999999998,0.014953878045696214
4647,1.0,0.9999999999999998,0.02677477577252626
4648,1.0,0.9999999999999998,0.03994119420827722
4649,1.0,0.9999999999999998,0.028685316524221065
4650,1.0,0.9999999999999998,0.011159057801552574
4651,1.0,0.9999999999999998,0.026929503711846374
4652,1.0,0.9999999999999998,0.01694954604129227
4653,1.0,0.9999999999999998,0.01456447755893648
4654,1.0,0.9999999999999998,0.029024656465548734
4655,1.0,0.9999999999999998,0.04064787613347429
4656,1.0,0.9999999999999998,0.029308802257670914
4657,1.0,0.9999999999999998,0.009342746381098138
4658,1.0,0.9999999999999998,0.007268019071050132
4659,1.0,0.9999999999999998,0.014874614697463803
4660,1.0,0.9999999999999998,0.013719949834085518
4661,1.0,0.9999999999999998,0.0221707282932894
4662,1.0,0.9999999999999998,0.010985180883808107
4663,1.0,0.9999999999999998,0.034249090925817294
4664,1.0,0.9999999999999998,0.011952859153598804
4665,1.0,0.9999999999999998,0.014387228415808667
4666,1.0,0.9999999999999998,0.029160510646640873
4667,1.0,0.9999999999999998,0.0349125232342724
4668,1.0,0.9999999999999998,0.025279422295808998
4669,1.0,0.9999999999999998,0.03462726808331948
4670,1.0,0.9999999999999998,0.04093452672375904
4671,1.0,0.9999999999999998,0.024842044517366033
4672,1.0,0.9999999999999998,0.030274707489135674
4673,1.0,0.9999999999999998,0.03066292522922119
4674,1.0,0.9999999999999998,0.0092803876851634
4675,1.0,0.9999999999999998,0.022001419999032677
4676,1.0,0.9999999999999998,0.01441268463794957
4677,1.0,0.9999999999999998,0.014151617915494852
4678,1.0,0.9999999999999998,0.03630300351273465
4679,1.0,0.9999999999999998,0.01960216739245421
4680,1.0,0.9999999999999998,0.00679733060553632
4681,1.0,0.9999999999999998,0.027481749590556298
4682,1.0,0.9999999999999998,0.02051528424798227
4683,1.0,0.9999999999999998,0.01491412097260078
4684,1.0,0.9999999999999998,0.009468176450592225
4685,1.0,0.9999999999999998,0.014517486118442592
4686,1.0,0.9999999999999998,0.008952912267221544
4687,1.0,0.9999999999999998,0.02995684284316922
4688,1.0,0.9999999999999998,0.008686585994869898
4689,1.0,0.9999999999999998,0.01670084231647386
4690,1.0,0.9999999999999998,0.005500370244328978
4691,1.0,0.9999999999999998,0.027934002039145193
4692,1.0,0.9999999999999998,0.01086036773005486
4693,1.0,0.9999999999999998,0.028849767673261105
4694,1.0,0.9999999999999998,0.0169831815349048
4695,1.0,0.9999999999999998,0.014136107032522771
4696,1.0,0.9999999999999998,0.007779343570289657
4697,1.0,0.9999999999999998,0.03560670328544449
4698,1.0,0.9999999999999998,0.018040156600505494
4699,1.0,0.9999999999999998,0.03182533240187631
4700,1.0,0.9999999999999998,0.01619008203758005
4701,1.0,0.9999999999999998,0.015276168894038475
4702,1.0,0.9999999999999998,0.009091840940874243
4703,1.0,0.9999999999999998,0.020114418682789285
4704,1.0,0.9999999999999998,0.024731253885312124
4705,1.0,0.9999999999999998,0.008966209659785083
4706,1.0,0.9999999999999998,0.01835823722995012
4707,1.0,0.9999999999999998,0.010228332310392343
4708,0.9761904761904763,0.9285714285714285,0.032266916765939915
4709,1.0,0.9999999999999998,0.026744480460289127
4710,1.0,0.9999999999999998,0.027028340090880558
4711,1.0,0.9999999999999998,0.03354617327952328
4712,1.0,0.9999999999999998,0.024190366287094534
4713,1.0,0.9999999999999998,0.026918305853111252
4714,1.0,0.9999999999999998,0.011873572158039428
4715,1.0,0.9999999999999998,0.015203746749149115
4716,1.0,0.9999999999999998,0.020554743880269635
4717,1.0,0.9999999999999998,0.012563873600236267
4718,1.0,0.9999999999999998,0.018708722271067436
4719,1.0,0.9999999999999998,0.013312157287601899
4720,1.0,0.9999999999999998,0.018028659822966954
4721,1.0,0.9999999999999998,0.016713960885840894
4722,1.0,0.9999999999999998,0.020529101037181828
4723,1.0,0.9999999999999998,0.027832434851693275
4724,1.0,0.9999999999999998,0.01923862299643351
4725,1.0,0.9999999999999998,0.0064902392453169075
4726,0.9761904761904763,0.9285714285714285,0.04836691460793443
4727,1.0,0.9999999999999998,0.018230276744871446
4728,1.0,0.9999999999999998,0.01946960084489837
4729,0.9761904761904763,0.9285714285714285,0.04287690919868407
4730,1.0,0.9999999999999998,0.0178723274507634
4731,1.0,0.9999999999999998,0.03145353101391917
4732,1.0,0.9999999999999998,0.034084266313564544
4733,1.0,0.9999999999999998,0.019725830835810497
4734,1.0,0.9999999999999998,0.005126693791675442
4735,1.0,0.9999999999999998,0.011606493766158556
4736,1.0,0.9999999999999998,0.010828323185061765
4737,1.0,0.9999999999999998,0.04240956907425044
4738,1.0,0.9999999999999998,0.03544731603702337
4739,1.0,0.9999999999999998,0.01500521661632305
4740,1.0,0.9999999999999998,0.0044537027141432275
4741,1.0,0.9999999999999998,0.007590082822196344
4742,1.0,0.9999999999999998,0.023878617588540374
4743,1.0,0.9999999999999998,0.02072335652697164
4744,1.0,0.9999999999999998,0.01828593934292521
4745,1.0,0.9999999999999998,0.02071573852848048
4746,1.0,0.9999999999999998,0.017119222558207324
4747,1.0,0.9999999999999998,0.011074558629611347
4748,1.0,0.9999999999999998,0.011182250921206165
4749,1.0,0.9999999999999998,0.011604194416039076
4750,1.0,0.9999999999999998,0.01498802331603765
4751,1.0,0.9999999999999998,0.03555301216489191
4752,1.0,0.9999999999999998,0.016692903021706
4753,1.0,0.9999999999999998,0.013831244272387626
4754,1.0,0.9999999999999998,0.017473215696000313
4755,1.0,0.9999999999999998,0.005892968418469188
4756,1.0,0.9999999999999998,0.01449687998863275
4757,1.0,0.9999999999999998,0.02819500802257769
4758,1.0,0.9999999999999998,0.017096106729372028
4759,1.0,0.9999999999999998,0.04316627760074682
4760,1.0,0.9999999999999998,0.011530692380528375
4761,1.0,0.9999999999999998,0.03366778805671477
4762,1.0,0.9999999999999998,0.02448119010083384
4763,1.0,0.9999999999999998,0.034236697305278244
4764,1.0,0.9999999999999998,0.03925733955531547
4765,1.0,0.9999999999999998,0.00989775455202567
4766,1.0,0.9999999999999998,0.007900300836558127
4767,1.0,0.9999999999999998,0.015247328655163594
4768,1.0,0.9999999999999998,0.009880895079584347
4769,1.0,0.9999999999999998,0.017041942209632746
4770,1.0,0.9999999999999998,0.017616768201605397
4771,1.0,0.9999999999999998,0.02414566834505904
4772,1.0,0.9999999999999998,0.010141915881551687
4773,1.0,0.9999999999999998,0.027412043400142555
4774,1.0,0.9999999999999998,0.012018190030268112
4775,1.0,0.9999999999999998,0.015391127385375798
4776,1.0,0.9999999999999998,0.004248602282646466
4777,1.0,0.9999999999999998,0.01142324307799572
4778,1.0,0.9999999999999998,0.009358962185965242
4779,1.0,0.9999999999999998,0.013773502391790128
4780,1.0,0.9999999999999998,0.01834789619944021
4781,1.0,0.9999999999999998,0.02131129371117249
4782,1.0,0.9999999999999998,0.02726575901763542
4783,1.0,0.9999999999999998,0.013171331131870793
4784,1.0,0.9999999999999998,0.03646516850592366
4785,1.0,0.9999999999999998,0.032992040631696654
4786,1.0,0.9999999999999998,0.00703407922360217
4787,1.0,0.9999999999999998,0.016530720304414277
4788,1.0,0.9999999999999998,0.01165805349611379
4789,1.0,0.9999999999999998,0.013595912192418035
4790,1.0,0.9999999999999998,0.015326865778623043
4791,1.0,0.9999999999999998,0.01924743970303451
4792,1.0,0.9999999999999998,0.005837789370062373
4793,1.0,0.9999999999999998,0.018316657133558026
4794,1.0,0.9999999999999998,0.013080942294753893
4795,1.0,0.9999999999999998,0.024775949121461166
4796,0.9761904761904763,0.9285714285714285,0.040722583279590795
4797,1.0,0.9999999999999998,0.021454683681297645
4798,1.0,0.9999999999999998,0.02465675372381443
4799,1.0,0.9999999999999998,0.004773618246967426
4800,1.0,0.9999999999999998,0.014417012982131425
4801,1.0,0.9999999999999998,0.01862516964780092
4802,1.0,0.9999999999999998,0.013677109684040907
4803,1.0,0.9999999999999998,0.03069279391634519
4804,1.0,0.9999999999999998,0.02081483318766738
4805,1.0,0.9999999999999998,0.03634151953048913
4806,1.0,0.9999999999999998,0.00489056567649105
4807,1.0,0.9999999999999998,0.007558381868985414
4808,1.0,0.9999999999999998,0.014358036968473445
4809,1.0,0.9999999999999998,0.008280962388280362
4810,0.9761904761904763,0.9285714285714285,0.04309417858964084
4811,0.9761904761904763,0.9285714285714285,0.03610502601996658
4812,1.0,0.9999999999999998,0.0120008068389654
4813,1.0,0.9999999999999998,0.03866728956288657
4814,1.0,0.9999999999999998,0.013367540971734822
4815,1.0,0.9999999999999998,0.012161315120195776
4816,1.0,0.9999999999999998,0.008663705466152118
4817,1.0,0.9999999999999998,0.011390759562982758
4818,1.0,0.9999999999999998,0.019517845792035908
4819,1.0,0.9999999999999998,0.027760149099177858
4820,1.0,0.9999999999999998,0.00999577954530443
4821,1.0,0.9999999999999998,0.007318962189495501
4822,1.0,0.9999999999999998,0.01872993928972117
4823,1.0,0.9999999999999998,0.021101725774081162
4824,1.0,0.9999999999999998,0.029498405312275502
4825,1.0,0.9999999999999998,0.016743436405435
4826,1.0,0.9999999999999998,0.004773358173223399
4827,1.0,0.9999999999999998,0.03899411528763506
4828,1.0,0.9999999999999998,0.01640019771481418
4829,1.0,0.9999999999999998,0.011420784198635223
4830,1.0,0.9999999999999998,0.01759123187643924
4831,1.0,0.9999999999999998,0.016769641547213887
4832,1.0,0.9999999999999998,0.03354934165175332
4833,1.0,0.9999999999999998,0.006779377087551608
4834,1.0,0.9999999999999998,0.036176640062255086
4835,1.0,0.9999999999999998,0.008295716388572835
4836,1.0,0.9999999999999998,0.015557140312193747
4837,1.0,0.9999999999999998,0.02503029619617054
4838,1.0,0.9999999999999998,0.0370384715380764
4839,1.0,0.9999999999999998,0.024836027655299783
4840,1.0,0.9999999999999998,0.016030679392348618
4841,1.0,0.9999999999999998,0.02686646623631151
4842,1.0,0.9999999999999998,0.028394437317243185
4843,1.0,0.9999999999999998,0.01254989508334562
4844,1.0,0.9999999999999998,0.021111779001544845
4845,1.0,0.9999999999999998,0.03494032626146147
4846,1.0,0.9999999999999998,0.012189358241433447
4847,1.0,0.9999999999999998,0.022297176119016847
4848,1.0,0.9999999999999998,0.010446360825579704
4849,1.0,0.9999999999999998,0.041201592341216876
4850,1.0,0.9999999999999998,0.008542722475808333
4851,1.0,0.9999999999999998,0.007723655113855976
4852,1.0,0.9999999999999998,0.018346482481315658
4853,1.0,0.9999999999999998,0.006789871237555853
4854,1.0,0.9999999999999998,0.004497389820890291
4855,1.0,0.9999999999999998,0.036562693620057964
4856,1.0,0.9999999999999998,0.009300351845576794
4857,1.0,0.9999999999999998,0.014595573977674296
4858,1.0,0.9999999999999998,0.010735832390301688
4859,1.0,0.9999999999999998,0.020658305545521068
4860,1.0,0.9999999999999998,0.009495281073263181
4861,1.0,0.9999999999999998,0.03521116017005158
4862,1.0,0.9999999999999998,0.01008459350792662
4863,1.0,0.9999999999999998,0.009864579168755584
4864,1.0,0.9999999999999998,0.016798088383617966
4865,1.0,0.9999999999999998,0.014737941648941058
4866,1.0,0.9999999999999998,0.025270080687412017
4867,0.9761904761904763,0.9285714285714285,0.04079614548625855
4868,1.0,0.9999999999999998,0.029843384697014724
4869,1.0,0.9999999999999998,0.04222272702850977
4870,1.0,0.9999999999999998,0.01442498944017575
4871,1.0,0.9999999999999998,0.014188615689035788
4872,1.0,0.9999999999999998,0.03501500499684974
4873,1.0,0.9999999999999998,0.014028677473335228
4874,1.0,0.9999999999999998,0.015995585111368935
4875,1.0,0.9999999999999998,0.014235001030077382
4876,1.0,0.9999999999999998,0.01419392684595687
4877,1.0,0.9999999999999998,0.01720884096777134
4878,1.0,0.9999999999999998,0.013349703661439484
4879,1.0,0.9999999999999998,0.017912057900990895
4880,1.0,0.9999999999999998,0.017719332798998774
4881,0.9761904761904763,0.9285714285714285,0.047497530596002625
4882,1.0,0.9999999999999998,0.022808200282486174
4883,1.0,0.9999999999999998,0.008608821329191718
4884,1.0,0.9999999999999998,0.020870176401029915
4885,1.0,0.9999999999999998,0.00932563291997273
4886,1.0,0.9999999999999998,0.016361320773902094
4887,1.0,0.9999999999999998,0.02188826120062247
4888,1.0,0.9999999999999998,0.025693843709467763
4889,1.0,0.9999999999999998,0.009930207576429068
4890,1.0,0.9999999999999998,0.017362103876582304
4891,1.0,0.9999999999999998,0.012789583463182576
4892,1.0,0.9999999999999998,0.0038587217790985104
4893,1.0,0.9999999999999998,0.03642028069729433
4894,1.0,0.9999999999999998,0.019527799725933673
4895,1.0,0.9999999999999998,0.03483171897772496
4896,1.0,0.9999999999999998,0.006135585880511538
4897,1.0,0.9999999999999998,0.03108980255254619
4898,1.0,0.9999999999999998,0.021082219599290526
4899,1.0,0.9999999999999998,0.022174662707569667
4900,1.0,0.9999999999999998,0.028077094775344154
4901,1.0,0.9999999999999998,0.00959753896589867
4902,1.0,0.9999999999999998,0.015570619011882454
4903,1.0,0.9999999999999998,0.0032966897232711567
4904,1.0,0.9999999999999998,0.031202173678052482
4905,1.0,0.9999999999999998,0.02114263208360543
4906,1.0,0.9999999999999998,0.007143935257603609
4907,1.0,0.9999999999999998,0.008274221126313708
4908,1.0,0.9999999999999998,0.016851923416133868
4909,1.0,0.9999999999999998,0.013164714970165435
4910,1.0,0.9999999999999998,0.019561321061308153
4911,1.0,0.9999999999999998,0.019640072056244087
4912,0.9761904761904763,0.9285714285714285,0.03490670962841055
4913,1.0,0.9999999999999998,0.010306017512981672
4914,1.0,0.9999999999999998,0.030747487025818337
4915,1.0,0.9999999999999998,0.031017910491534552
4916,1.0,0.9999999999999998,0.020854429716618647
4917,1.0,0.9999999999999998,0.022231584111494077
4918,1.0,0.9999999999999998,0.04073091994255455
4919,1.0,0.9999999999999998,0.013163542302905222
4920,1.0,0.9999999999999998,0.004752038470338803
4921,1.0,0.9999999999999998,0.011810629813101353
4922,1.0,0.9999999999999998,0.021910847491778074
4923,1.0,0.9999999999999998,0.033750404785792935
4924,1.0,0.9999999999999998,0.00840219827818725
4925,1.0,0.9999999999999998,0.009907522737049833
4926,1.0,0.9999999999999998,0.019942521915997623
4927,1.0,0.9999999999999998,0.0075189456138756924
4928,1.0,0.9999999999999998,0.01876128469044168
4929,1.0,0.9999999999999998,0.02511115826645026
4930,1.0,0.9999999999999998,0.030637466699092952
4931,1.0,0.9999999999999998,0.01698463908765912
4932,1.0,0.9999999999999998,0.011307813142366757
4933,1.0,0.9999999999999998,0.018891511039967723
4934,1.0,0.9999999999999998,0.018808285590951136
4935,1.0,0.9999999999999998,0.006034331346372081
4936,1.0,0.9999999999999998,0.013744118662385653
4937,1.0,0.9999999999999998,0.008995013485741256
4938,1.0,0.9999999999999998,0.015281692255129133
4939,1.0,0.9999999999999998,0.025183045238598198
4940,0.9761904761904763,0.9285714285714285,0.03861755694408438
4941,1.0,0.9999999999999998,0.014752617664233365
4942,1.0,0.9999999999999998,0.01321237995430663
4943,1.0,0.9999999999999998,0.009771680202568245
4944,1.0,0.9999999999999998,0.006176405293606142
4945,1.0,0.9999999999999998,0.027836244421516915
4946,1.0,0.9999999999999998,0.012372261637963969
4947,1.0,0.9999999999999998,0.013886700183871038
4948,1.0,0.9999999999999998,0.013617344425059776
4949,1.0,0.9999999999999998,0.02154373290908814
4950,1.0,0.9999999999999998,0.04000001692592543
4951,1.0,0.9999999999999998,0.0140391750187226
4952,1.0,0.9999999999999998,0.03935358263821188
4953,1.0,0.9999999999999998,0.043570393449026475
4954,1.0,0.9999999999999998,0.018558288465097154
4955,1.0,0.9999999999999998,0.037993818755990796
4956,1.0,0.9999999999999998,0.016172901764260145
4957,1.0,0.9999999999999998,0.014994593436228311
4958,1.0,0.9999999999999998,0.018173411960224747
4959,1.0,0.9999999999999998,0.0034183028916623254
4960,1.0,0.9999999999999998,0.024481918627011066
4961,1.0,0.9999999999999998,0.01048866192484195
4962,1.0,0.9999999999999998,0.025093610019242166
4963,1.0,0.9999999999999998,0.029770455380004966
4964,1.0,0.9999999999999998,0.031499191189713324
4965,1.0,0.9999999999999998,0.020737184773989656
4966,1.0,0.9999999999999998,0.008356469220802847
4967,1.0,0.9999999999999998,0.015703975129931436
4968,1.0,0.9999999999999998,0.03269523472995819
4969,1.0,0.9999999999999998,0.0055758730663984235
4970,1.0,0.9999999999999998,0.020855803951490372
4971,1.0,0.9999999999999998,0.015471256261323674
4972,1.0,0.9999999999999998,0.012653612017403976
4973,1.0,0.9999999999999998,0.018212575493174454
4974,1.0,0.9999999999999998,0.019960297822733702
4975,1.0,0.9999999999999998,0.02578135321563472
4976,1.0,0.9999999999999998,0.03962663688997772
4977,1.0,0.9999999999999998,0.02717992792977305
4978,1.0,0.9999999999999998,0.022062167980762874
4979,1.0,0.9999999999999998,0.026259286860983652
4980,1.0,0.9999999999999998,0.02352320870763641
4981,1.0,0.9999999999999998,0.014324154516878976
4982,1.0,0.9999999999999998,0.033524586805927396
4983,1.0,0.9999999999999998,0.009459785848391362
4984,1.0,0.9999999999999998,0.010151294859544413
4985,1.0,0.9999999999999998,0.015553350806458865
4986,1.0,0.9999999999999998,0.04301353737679532
4987,1.0,0.9999999999999998,0.02443342852711307
4988,1.0,0.9999999999999998,0.006098901644131682
4989,1.0,0.9999999999999998,0.022116019668370623
4990,1.0,0.9999999999999998,0.016072882467416796
4991,1.0,0.9999999999999998,0.026758889337613702
4992,1.0,0.9999999999999998,0.02532030008200374
4993,1.0,0.9999999999999998,0.015458094091865653
4994,1.0,0.9999999999999998,0.03280864512118163
4995,1.0,0.9999999999999998,0.01301217663834512
4996,1.0,0.9999999999999998,0.01630758895026574
4997,1.0,0.9999999999999998,0.014381683150446842
4998,1.0,0.9999999999999998,0.012674957703984864
4999,1.0,0.9999999999999998,0.02410276794442369
5000,1.0,0.9999999999999998,0.024042713267655308
