date,raw_nascdi,total_score,news_volume,disruption_article_count,disruption_score_mean,mitigation_score_mean,NASCDI
2015-02-19,7.41764705882353,882.7,119,119,8.027731092436975,0.0,114.65173907395031
2015-02-20,6.780921052631579,1030.7,152,152,7.131578947368421,0.0,112.79428017091583
2015-02-21,5.971851851851852,806.2,135,135,7.404444444444445,-0.08888888888888889,110.43406121402553
2015-02-22,5.379710144927536,742.4,138,138,5.723913043478261,-0.028985507246376812,108.70666375469665
2015-02-23,5.608650519031142,1620.9,289,289,6.419723183391003,0.0,109.374529260436
2015-02-24,5.913942307692308,1230.1,208,208,6.375961538461539,0.0,110.26512732829795
2015-02-25,8.15355450236967,1720.4,211,211,9.866824644549764,-0.018957345971563982,116.79853034606938
2015-02-26,7.070921985815603,1994.0,282,282,8.800354609929077,0.0,113.64027171200671
2015-02-27,8.090225563909774,2152.0,266,266,8.424436090225564,0.0,116.61378698798737
2015-02-28,6.390604026845638,952.2,149,149,6.877181208053692,0.0,111.65564624124802
2015-03-01,5.008754208754208,1487.6,297,297,5.1639730639730645,0.0,107.62451005031204
2015-03-02,8.763157894736842,3163.5,361,361,11.05567867036011,0.0,118.57686708347457
2015-03-03,4.377094972067039,3134.0,716,716,4.700418994413408,0.0,105.78183194158274
2015-03-04,5.353779069767442,1841.7,344,344,6.185465116279071,0.0,108.63101754902422
2015-03-05,12.1128,1514.1,125,125,15.249600000000001,0.0,128.34845249053353
2015-03-06,10.974210526315789,2085.1,190,190,13.460526315789474,0.0,125.02695606313848
2015-03-07,7.730672268907563,1839.9,238,238,9.008823529411764,-0.058823529411764705,115.56489710062205
2015-03-08,6.555747126436782,2281.4,348,348,7.8261494252873565,0.0,112.13740215765047
2015-03-09,5.697959183673469,2792.0,490,490,5.9648979591836735,-0.00816326530612245,109.63506074909017
2015-03-10,6.515141955835963,2065.3,317,317,6.991167192429021,-0.031545741324921134,112.01894863932662
2015-03-11,5.375242718446602,1107.3,206,206,5.631553398058252,0.0,108.69363136555286
2015-03-12,5.950427350427351,1392.4,234,234,6.4824786324786325,0.0,110.37156159797873
2015-03-13,5.853097345132743,1322.8,226,226,6.847345132743363,0.0,110.08763023172577
2015-03-14,7.024524312896406,3322.6,473,473,8.912896405919662,0.0,113.5049202895648
2015-03-15,8.32336956521739,1531.5,184,184,10.564673913043478,-0.05434782608695652,117.29391532687504
2015-03-16,14.765591397849464,4119.6,279,279,19.28100358422939,0.0,136.08718304639416
2015-03-17,10.312827988338192,3537.3,343,343,11.587755102040816,0.0,123.09756905596215
2015-03-18,9.170111287758347,5768.0,629,629,9.512718600953894,0.0,119.76403267061411
2015-03-19,8.799757281553399,3625.5,412,412,9.29247572815534,-0.08495145631067962,118.68363491803278
2015-03-20,4.887800963081862,3045.1,623,623,4.927126805778491,0.0,107.27166490052984
2015-03-21,5.367817896389325,3419.3,637,637,5.636263736263737,0.0,108.67197165368367
2015-03-22,6.07247191011236,2161.8,356,356,6.355056179775281,0.0,110.72759033207993
2015-03-23,5.862365591397849,1635.6,279,279,6.5032258064516135,0.0,110.11466758589889
2015-03-24,6.476016260162601,1593.1,246,246,6.84349593495935,0.0,111.90481104943841
2015-03-25,5.592771084337349,1392.6,249,249,5.6578313253012045,0.0,109.32820572871229
2015-03-26,6.498360655737705,1189.2,183,183,6.624590163934426,0.0,111.96999418329864
2015-03-27,5.132319391634981,1349.8,263,263,5.23041825095057,0.0,107.98497475069335
2015-03-28,8.58909090909091,1417.2,165,165,10.50848484848485,0.0,118.06907838147683
2015-03-29,14.453061224489796,6373.8,441,441,21.037868480725624,0.0,135.17546914225244
2015-03-30,20.714106844741234,24815.5,1198,1198,32.554841402337225,0.0,153.44020910347075
2015-03-31,20.02296587926509,15257.5,762,762,30.347112860892388,-0.05905511811023622,151.4240107275739
2015-04-01,17.37652859960552,8809.9,507,507,26.116765285996056,0.0,143.7038164232374
2015-04-02,16.071208226221078,6251.7,389,389,23.661439588688943,0.0,139.8959321444786
2015-04-03,17.13978494623656,6376.0,372,372,23.47231182795699,0.0,143.01318716919292
2015-04-04,15.77012658227848,6229.2,395,395,20.417721518987342,-0.012658227848101266,139.01761592267684
2015-04-05,13.632962962962964,3680.9,270,270,18.197777777777777,-0.014814814814814815,132.78307617821056
2015-04-06,9.265243902439025,4558.5,492,492,11.332317073170731,0.0,120.04155380276384
2015-04-07,9.043086816720258,2812.4,311,311,11.25016077170418,0.0,119.3934765250531
2015-04-08,8.772079772079772,3079.0,351,351,10.638176638176638,0.0,118.60289400924994
2015-04-09,7.827368421052632,1487.2,190,190,9.979473684210525,0.0,115.84697938867751
2015-04-10,5.854754098360656,1785.7,305,305,6.450491803278688,0.0,110.09246331692002
2015-04-11,6.0322128851540615,2153.5,357,357,6.4904761904761905,0.0,110.61014659080178
2015-04-12,6.09327731092437,1450.2,238,238,6.77563025210084,0.0,110.78828390607198
2015-04-13,7.4662393162393155,1747.1,234,234,8.461965811965813,0.0,114.793492544482
2015-04-14,6.136038961038961,1889.9,308,308,7.078246753246753,0.0,110.91302831252213
2015-04-15,7.423722627737226,2034.1,274,274,8.238686131386862,0.0,114.66946274073948
2015-04-16,6.194594594594594,2292.0,370,370,6.3327027027027025,0.0,111.0838469720602
2015-04-17,5.458347676419966,3171.3,581,581,5.781067125645439,0.0,108.9360653835964
2015-04-18,7.265997770345597,6517.6,897,897,7.50479375696767,0.0,114.20934734142656
2015-04-19,4.807605633802817,1706.7,355,355,4.897183098591549,0.0,107.0377188595286
2015-04-20,7.191620111731844,2574.6,358,358,8.051396648044692,0.0,113.99237262571607
2015-04-21,11.41168831168831,2636.1,231,231,22.158874458874458,0.0,126.30316749382885
2015-04-22,7.598333333333334,1367.7,180,180,8.766666666666667,0.0,115.17883758411104
2015-04-23,7.151694915254237,1687.8,236,236,7.779661016949152,0.0,113.87590272982435
2015-04-24,6.229268292682927,1532.4,246,246,7.402439024390244,0.0,111.18499718202334
2015-04-25,11.48158640226629,4053.0,353,353,15.138243626062323,0.0,126.50707440101749
2015-04-26,26.203238095238095,27513.4,1050,1050,49.46657142857143,0.0,169.45311828577056
2015-04-27,18.976094276094276,11271.8,594,594,35.101010101010104,0.0,148.3700739310024
2015-04-28,11.80820189274448,3743.2,317,317,18.44889589905363,0.0,127.45987803202672
2015-04-29,12.019678714859438,2992.9,249,249,13.355020080321285,0.0,128.0767988145971
2015-04-30,10.71228813559322,2528.1,236,236,12.827542372881357,0.0,124.26287532539484
2015-05-01,8.309259259259258,2243.5,270,270,10.108148148148148,-0.14814814814814814,117.25275270249406
2015-05-02,5.715112540192926,1777.4,311,311,6.381350482315113,0.0,109.68510056916057
2015-05-03,6.738071065989848,1327.4,197,197,6.901522842639594,0.0,112.66927806889929
2015-05-04,10.314778325123154,2093.9,203,203,13.188669950738918,0.0,123.10325858393794
2015-05-05,8.60727969348659,2246.5,261,261,9.926436781609196,-0.01532567049808429,118.12213875467124
2015-05-06,9.09375,2328.0,256,256,9.66796875,0.0,119.5412713063623
2015-05-07,10.889119170984456,2101.6,193,193,12.926943005181348,-0.10362694300518134,124.77872732111376
2015-05-08,8.407929515418502,1908.6,227,227,10.17885462555066,-0.022026431718061675,117.54059385235348
2015-05-09,9.569009584664537,2995.1,313,313,9.955910543130992,0.0,120.9276999086228
2015-05-10,8.627753303964758,1958.5,227,227,9.007929515418503,0.0,118.1818644289646
2015-05-11,7.019040697674419,4829.1,688,688,7.309156976744186,0.0,113.48892347175644
2015-05-12,10.13089005235602,3870.0,382,382,11.810732984293193,0.0,122.56681919542022
2015-05-13,8.978102189781023,3690.0,411,411,10.245498783454988,0.0,119.20390318786437
2015-05-14,7.1971119133574,1993.6,277,277,8.550541516245488,-0.018050541516245487,114.00839332492403
2015-05-15,7.072222222222222,1527.6,216,216,7.880092592592592,0.0,113.64406476532326
2015-05-16,6.456140350877193,736.0,114,114,6.714912280701754,0.0,111.84682899075214
2015-05-17,5.584313725490196,854.4,153,153,5.754248366013072,0.0,109.30353389760435
2015-05-18,6.531818181818181,1868.1,286,286,7.151048951048951,0.0,112.06759657284664
2015-05-19,6.427428571428571,1124.8,175,175,7.849142857142858,-0.022857142857142857,111.76307090667802
2015-05-20,5.45303867403315,987.0,181,181,6.448066298342541,0.0,108.92057794684382
2015-05-21,5.450420168067227,1297.2,238,238,5.810084033613445,0.0,108.91293923384677
2015-05-22,5.00515873015873,1261.3,252,252,5.738492063492063,-0.01984126984126984,107.61402131000162
2015-05-23,5.942727272727273,1307.4,220,220,6.395909090909091,0.0,110.34909890957118
2015-05-24,6.867123287671233,1002.6,146,146,9.445205479452055,0.0,113.04574957436219
2015-05-25,7.445161290322581,2538.8,341,341,7.889149560117302,0.0,114.7320036677647
2015-05-26,6.568835616438356,1918.1000000000001,292,292,7.278767123287672,0.0,112.17558393763791
2015-05-27,5.923728813559322,1747.5,295,295,6.067796610169491,0.0,110.29367655084502
2015-05-28,7.625852272727273,2684.3,352,352,9.229829545454546,0.0,115.2591159118097
2015-05-29,11.132947976878613,3852.0,346,346,13.048554913294797,0.0,125.49002540210942
2015-05-30,6.590338164251208,1364.2,207,207,8.942028985507246,0.0,112.23831123082918
2015-05-31,6.230681818181818,1096.6,176,176,7.222727272727273,0.0,111.18912072259974
2015-06-01,6.5272,1631.8,250,250,7.3308,0.0,112.05412439980738
2015-06-02,6.794980694980695,1759.9,259,259,8.23976833976834,0.0,112.83529499927353
2015-06-03,8.270140845070422,2935.9,355,355,9.113802816901408,0.0,117.13863635417306
2015-06-04,7.792293233082707,4145.5,532,532,8.299248120300751,0.0,115.7446579512982
2015-06-05,8.169439728353142,4811.8,589,589,8.621392190152802,0.0,116.8448707721597
2015-06-06,5.8637450199203185,1471.8,251,251,6.052988047808765,0.0,110.11869165867938
2015-06-07,5.293055555555555,1143.3,216,216,5.749537037037038,-0.018518518518518517,108.45387474191482
2015-06-08,7.263740458015267,1903.1,262,262,8.175954198473281,0.0,114.20276230352309
2015-06-09,7.510943396226415,1990.4,265,265,9.202641509433962,0.0,114.92390341284062
2015-06-10,6.402052785923753,2183.1,341,341,7.12316715542522,0.0,111.68904459355582
2015-06-11,5.802941176470588,1381.1,238,238,6.252521008403361,0.0,109.94131451489054
2015-06-12,5.957514450867053,2061.3,346,346,6.217919075144509,0.0,110.39223610739157
2015-06-13,6.17098976109215,1808.1,293,293,6.421501706484642,-0.051194539249146756,111.01498688511953
2015-06-14,6.716838487972509,1954.6,291,291,9.614089347079037,-0.01718213058419244,112.60733833235774
2015-06-15,6.849560117302052,2335.7,341,341,7.089736070381232,0.0,112.99451424417228
2015-06-16,7.43882618510158,3295.4,443,443,7.589390519187359,0.0,114.71352288092709
2015-06-17,6.277426636568849,2780.9,443,443,6.776297968397292,0.0,111.32548483878057
2015-06-18,7.825837320574162,1635.6,209,209,8.704306220095694,0.0,115.8425128580387
2015-06-19,7.3265625000000005,3282.3,448,448,7.3680803571428575,0.0,114.38602694177656
2015-06-20,5.555555555555555,1450.0,261,261,5.639080459770115,0.0,109.21964048307343
2015-06-21,6.548550724637681,903.7,138,138,7.602898550724638,0.0,112.11640879400338
2015-06-22,9.128214285714286,2555.9,280,280,10.673214285714286,0.0,119.6418106179566
2015-06-23,7.6388111888111885,2184.7,286,286,8.487062937062937,0.0,115.2969196983987
2015-06-24,8.210979228486647,2767.1,337,337,9.559643916913947,0.0,116.96604991923432
2015-06-25,15.980041152263375,7766.3,486,486,23.82448559670782,0.0,139.62997929892248
2015-06-26,16.801670644391407,7039.9,419,419,24.22219570405728,-0.07159904534606205,142.02683917319754
2015-06-27,9.084234234234234,2016.7,222,222,10.940990990990992,0.0,119.51351188760302
2015-06-28,9.114649681528663,1431.0,157,157,11.812738853503184,0.0,119.60223991632716
2015-06-29,9.049999999999999,2009.1,222,222,9.602702702702704,0.0,119.41364368283587
2015-06-30,8.764963503649634,2401.6,274,274,9.353284671532847,0.0,118.58213441089302
2015-07-01,7.893577981651376,2581.2,327,327,8.69816513761468,0.0,116.0401261057963
2015-07-02,8.075291828793773,4150.7,514,514,8.280739299610895,0.0,116.57022225374214
2015-07-03,5.584659090909091,1965.8,352,352,5.6491477272727275,0.0,109.30454139857949
2015-07-04,5.604745762711865,1653.4,295,295,5.970508474576271,0.0,109.36313829427647
2015-07-05,6.213513513513513,1839.2,296,296,6.991891891891892,0.0,111.1390372957473
2015-07-06,9.17901554404145,3543.1,386,386,9.614507772020724,0.0,119.79000819218399
2015-07-07,7.760050890585242,3049.7,393,393,9.03969465648855,0.0,115.65060049872959
2015-07-08,5.829440389294404,2395.9,411,411,6.264476885644768,0.0,110.01861809335966
2015-07-09,8.973830155979202,5177.9,577,577,10.068804159445406,0.0,119.19144079879578
2015-07-10,7.974038461538462,4975.8,624,624,9.454647435897435,0.0,116.27484564489997
2015-07-11,7.085635359116022,3847.5,543,543,8.48379373848987,-0.027624309392265192,113.68319360614133
2015-07-12,12.353284671532847,6769.6,548,548,15.054744525547445,0.0,129.04999505332836
2015-07-13,9.569247311827956,8899.4,930,930,13.285913978494623,-0.005376344086021506,120.92839340697515
2015-07-14,7.294533333333334,5470.900000000001,750,750,7.9984,0.0,114.29259136634344
2015-07-15,5.236439665471923,4382.9,837,837,5.8130227001194745,0.0,108.28871470751005
2015-07-16,4.934744408945687,6178.3,1252,1252,5.182507987220447,0.0,107.4086084533468
2015-07-17,6.961724137931034,6056.7,870,870,8.023563218390805,0.0,113.32171944184194
2015-07-18,5.17875150060024,4313.9,833,833,5.52641056422569,0.0,108.12042663006608
2015-07-19,7.00625,3475.1,496,496,8.196370967741936,-0.08064516129032258,113.45161041238657
2015-07-20,7.426512968299712,2577.0,347,347,10.154755043227665,0.0,114.67760273010678
2015-07-21,8.65783410138249,3757.5,434,434,10.785483870967742,0.0,118.26961621612358
2015-07-22,8.448678414096916,3835.7,454,454,9.534361233480176,0.0,117.65946665463109
2015-07-23,8.001144164759726,3496.5,437,437,9.384439359267734,0.0,116.35391847886895
2015-07-24,6.6699541284403665,2908.1,436,436,8.723394495412844,-0.009174311926605505,112.4705671463544
2015-07-25,8.793838254172014,6850.4,779,779,9.900385109114248,0.0,118.66636791464366
2015-07-26,7.535178571428571,4219.7,560,560,8.649464285714286,-0.06428571428571428,114.99460233436743
2015-07-27,6.2107673267326735,10036.6,1616,1614,6.58230198019802,-0.008044554455445545,111.13102611191648
2015-07-28,6.601210287443267,4363.4,661,661,7.683509833585477,0.0,112.27002741930207
2015-07-29,8.441189931350115,3688.8,437,437,9.804576659038903,0.0,117.63762123161868
2015-07-30,6.359791122715405,2435.8,383,383,7.365535248041775,0.0,111.56575875032026
2015-07-31,6.747357293868922,3191.5,473,473,7.113319238900634,0.0,112.69636787908743
2015-08-01,7.404106776180699,3605.8,487,487,8.300205338809036,0.0,114.61223932319417
2015-08-02,6.210982658959537,2149.0,346,346,7.151156069364163,0.0,111.13165427969668
2015-08-03,8.008997955010225,3916.4,489,489,9.769734151329242,0.0,116.37682957796258
2015-08-04,6.706331877729258,3071.5,458,458,7.050218340611353,0.0,112.57668841929112
2015-08-05,6.628367670364501,8365.0,1262,1262,6.917670364500792,0.0,112.34925101343771
2015-08-06,5.736594202898551,6333.2,1104,1104,7.872373188405797,0.0,109.74776693625806
2015-08-07,5.93,4744.0,800,800,6.320125000000001,0.0,110.31197087363621
2015-08-08,7.910766961651918,5363.5,678,678,10.00914454277286,0.0,116.0902698467863
2015-08-09,8.21656314699793,3968.6,483,483,10.27184265010352,-0.010351966873706004,116.98233934208142
2015-08-10,10.90550284629981,5747.2,527,527,12.490512333965844,0.0,124.82652182500239
2015-08-11,4.992477064220184,2720.9,545,545,5.341284403669725,0.0,107.5770263183195
2015-08-12,4.95,3019.5,610,610,5.020491803278689,0.0,107.45311210664401
2015-08-13,5.234455445544555,2643.4,505,505,5.734455445544555,0.0,108.28292633553558
2015-08-14,5.334656084656085,4033.0,756,756,5.690740740740741,0.0,108.57523192286436
2015-08-15,3.8737520128824476,2405.6,621,621,3.9444444444444446,0.0,104.31347843988002
2015-08-16,4.48628841607565,3795.4,846,846,4.941252955082742,0.0,106.10037136474814
2015-08-17,4.703430079155672,3565.2,758,758,5.151715039577836,0.0,106.73381763737629
2015-08-18,4.98443579766537,2562.0,514,514,5.258560311284047,0.0,107.55356831282158
2015-08-19,5.379604261796043,3534.4,657,657,5.553424657534246,0.0,108.7063548721265
2015-08-20,5.398102466793169,2844.8,527,527,5.967552182163188,0.0,108.76031788797309
2015-08-21,6.3441260744985675,4428.2,698,698,7.023209169054441,-0.0057306590257879654,111.52006062743243
2015-08-22,4.800163934426229,2928.1,610,610,5.681803278688525,-0.013114754098360656,107.01600991309586
2015-08-23,5.749882903981265,2455.2000000000003,427,427,5.953395784543325,0.0,109.78653277257669
2015-08-24,4.287741046831956,3112.9,726,726,4.617906336088154,0.0,105.52116841859959
2015-08-25,5.261737089201878,2241.5,426,426,5.92018779342723,0.0,108.36251242344139
2015-08-26,4.912860310421285,2215.7,451,451,5.7274944567627495,0.0,107.34476809934252
2015-08-27,4.785099337748344,2890.2,604,604,4.869370860927152,0.0,106.97206342913283
2015-08-28,4.05814307458143,2666.2,657,657,4.909741248097412,0.0,104.85138456568934
2015-08-29,3.721335807050093,2005.8,539,539,3.8172541743970316,-0.0074211502782931356,103.8688494538846
2015-08-30,5.198850574712644,1809.2,348,348,7.20632183908046,0.0,108.17905970581575
2015-08-31,6.127157360406091,2414.1,394,394,7.356598984771574,-0.01015228426395939,110.88711888207906
2015-09-01,5.394,2427.3,450,450,5.677555555555556,0.0,108.7483501602609
2015-09-02,5.252866242038216,2474.1,471,471,5.556263269639066,0.0,108.33663436304906
2015-09-03,6.988727272727273,3843.8,550,550,7.987818181818182,0.0,113.40049306291183
2015-09-04,7.440834845735027,4099.9,551,551,8.676406533575317,0.0,114.71938255139835
2015-09-05,6.273937677053824,2214.7,353,353,7.522946175637394,0.0,111.3153068362324
2015-09-06,8.275802469135803,3351.7,405,405,9.771851851851851,-0.03950617283950617,117.15515245988196
2015-09-07,11.840087463556852,8122.3,686,686,14.97201166180758,0.0,127.55289470922824
2015-09-08,6.167505241090147,2941.9,477,477,7.583857442348008,0.0,111.00482183353128
2015-09-09,4.522388059701493,1818.0,402,402,4.8176616915422885,0.0,106.2056813470594
2015-09-10,4.766410256410257,1858.9,390,390,5.6325641025641024,0.0,106.91754358828545
2015-09-11,5.422680412371134,2630.0,485,485,5.963505154639176,0.0,108.832016740208
2015-09-12,5.011898734177215,1979.7,395,395,5.243037974683545,0.0,107.63368326875448
2015-09-13,3.4545081967213114,1685.8,488,488,3.4545081967213114,0.0,103.09045919565601
2015-09-14,5.311111111111111,2485.6,468,468,5.776923076923077,0.0,108.50654645956064
2015-09-15,6.24103139013453,2783.5,446,446,7.417937219730942,0.0,111.2193125231218
2015-09-16,6.313211845102506,2771.5,439,439,8.791571753986332,0.0,111.42987755015311
2015-09-17,5.509756097560976,2259.0,410,410,8.223170731707317,0.0,109.08603417489864
2015-09-18,5.5419724770642205,2416.3,436,436,6.4103211009174315,0.0,109.18001588814721
2015-09-19,4.5775210084033615,2178.9,476,476,4.951470588235295,0.0,106.36651534067823
2015-09-20,5.588392857142857,1877.7,336,336,10.21547619047619,0.0,109.31543355197877
2015-09-21,5.861940298507463,2356.5,402,402,7.7191542288557216,0.0,110.11342692027824
2015-09-22,5.9527950310559,2875.2,483,483,6.5318840579710145,0.0,110.37846860259339
2015-09-23,9.706140350877194,4426.0,456,456,11.541447368421052,-0.008771929824561403,121.3277381670018
2015-09-24,6.903722084367245,2782.2,403,403,8.138213399503721,-0.10669975186104218,113.15251568741908
2015-09-25,5.602553191489362,2633.2,470,470,5.818085106382979,0.0,109.35674211931556
2015-09-26,4.447027027027027,822.7,185,185,4.447027027027027,0.0,105.98583792976247
2015-09-27,4.97608695652174,686.7,138,138,5.0166666666666675,0.0,107.52921304986475
2015-09-28,5.592238805970149,1873.4,335,335,6.429850746268657,0.0,109.32665296475663
2015-09-29,4.751532033426184,1705.8,359,359,4.84791086350975,0.0,106.87414079418824
2015-09-30,4.57037037037037,2468.0,540,540,4.70574074074074,0.0,106.34565547921885
2015-10-01,4.608426073131955,2898.7,629,629,4.777742448330684,0.0,106.45667168276375
2015-10-02,5.486111111111111,2370.0,432,432,5.571296296296297,0.0,109.0170569536664
2015-10-03,7.594276094276094,2255.5,297,297,8.128282828282828,0.0,115.16700179487779
2015-10-04,5.511461318051576,1923.5,349,349,8.560458452722063,0.0,109.09100864892845
2015-10-05,5.732869565217391,3296.4,575,575,6.16504347826087,0.0,109.73690141269822
2015-10-06,6.571897810218978,3601.4,548,548,7.36058394160584,0.0,112.18451697798072
2015-10-07,5.469019607843137,2789.2,510,510,5.70843137254902,0.0,108.96719757207586
2015-10-08,5.670498614958449,4094.1,722,722,6.625346260387811,0.0,109.55495270050085
2015-10-09,6.197126436781609,3234.9,522,522,6.724712643678162,0.0,111.09123286923672
2015-10-10,6.141423357664234,3365.5,548,548,6.268613138686131,0.0,110.92873568956001
2015-10-11,5.941509433962264,3149.0,530,530,6.5228301886792455,0.0,110.34554622688738
2015-10-12,7.49740034662045,4326.0,577,577,8.868804159445407,0.0,114.88439559029182
2015-10-13,5.496132596685083,1989.6000000000001,362,362,6.222099447513813,0.0,109.04629165967806
2015-10-14,5.518150087260035,3161.9,573,573,6.2546247818499126,0.0,109.11052114534886
2015-10-15,5.9610810810810815,3308.4,555,555,7.69927927927928,0.0,110.40264069112219
2015-10-16,4.636772486772487,1752.7,378,378,5.854497354497354,0.0,106.53936392067092
2015-10-17,5.068807339449541,1657.5,327,327,5.29480122324159,0.0,107.79969721273416
2015-10-18,6.291986644407346,3768.9,599,599,6.3111853088480805,0.0,111.36795933475665
2015-10-19,6.763932980599647,7670.3,1134,1134,6.828130511463845,0.0,112.74472251921911
2015-10-20,5.145933562428407,4492.4,873,871,5.41958762886598,-0.009163802978235968,108.02469004817102
2015-10-21,6.090697674418604,261.9,43,43,6.411627906976744,0.0,110.78075858317385
2015-10-22,6.221739130434782,143.1,23,23,6.221739130434782,0.0,111.16303308865474
2015-10-23,6.2886035313001605,3917.8,623,623,6.714285714285714,0.0,111.35809010764828
2015-10-24,5.107650273224044,2804.1,549,549,5.439708561020036,0.0,107.91300992881267
2015-10-25,6.04375,2417.5,400,400,6.78625,0.0,110.64380269480496
2015-10-26,21.499774702285162,66799.8,3107,3107,37.29694238815578,-0.0032185387833923397,155.7321615958008
2015-10-27,16.093829947328818,21388.7,1329,1329,24.231903686982694,0.0,139.96192429316565
2015-10-28,8.209618320610687,5377.3,655,655,10.701679389312977,-0.007633587786259542,116.96207987493611
2015-10-29,10.474771241830066,8013.2,765,765,14.730849673202615,0.0,123.56999037228917
2015-10-30,8.911794871794871,5213.4,585,585,9.41863247863248,0.0,119.01047129261902
2015-10-31,6.5056074766355145,2784.4,428,428,8.23855140186916,0.0,111.99113462968285
2015-11-01,6.530989583333334,2507.9,384,384,6.954427083333333,0.0,112.06517938300712
2015-11-02,5.828378378378379,2587.8,444,444,6.177027027027027,0.0,110.0155199921169
2015-11-03,6.100242130750606,2519.4,413,413,7.735351089588377,0.0,110.80860169813397
2015-11-04,7.03484251968504,3573.7000000000003,508,508,8.531692913385827,0.0,113.53502059154165
2015-11-05,6.589243027888447,3307.8,502,502,6.956374501992031,-0.08565737051792828,112.23511649593965
2015-11-06,6.141134751773049,3463.6,564,564,6.8609929078014185,0.0,110.92789376763938
2015-11-07,7.339212007504691,7823.6,1066,1066,7.611350844277673,0.0,114.42292812078465
2015-11-08,6.358823529411764,3351.1,527,527,6.571157495256167,0.0,111.5629360844029
2015-11-09,6.846242774566473,3553.2,519,519,7.683815028901734,-0.07707129094412331,112.98483688257767
2015-11-10,5.77932584269663,2571.8,445,445,6.155730337078652,-0.011235955056179775,109.87242379652815
2015-11-11,6.991216216216216,2069.4,296,296,9.392567567567568,0.0,113.40775381588521
2015-11-12,5.331045751633987,1631.3,306,306,6.3431372549019605,0.0,108.56469984917867
2015-11-13,7.262992125984251,2767.2,381,381,8.38477690288714,0.0,114.20057926720932
2015-11-14,8.636896551724137,2504.7,290,290,9.382068965517242,-0.013793103448275862,118.20853713714386
2015-11-15,7.515510204081632,1841.3,245,245,9.06938775510204,0.0,114.93722571761006
2015-11-16,6.689122807017545,1906.4,285,285,9.893684210526315,0.0,112.52648606962177
2015-11-17,6.452941176470588,2194.0,340,340,8.37029411764706,0.0,111.83749635014046
2015-11-18,6.713720930232558,2886.9,430,430,7.189767441860465,0.0,112.59824378411645
2015-11-19,4.248991354466859,1474.4,347,347,4.39135446685879,0.0,105.40812770662387
2015-11-20,5.3304068522483945,2489.3,467,467,5.796359743040686,0.0,108.56283605008711
2015-11-21,5.255839416058394,1440.1,274,274,5.326642335766423,0.0,108.34530771469537
2015-11-22,6.3006825938566555,1846.1000000000001,293,293,6.48122866894198,0.0,111.39332718304286
2015-11-23,6.070839694656489,3976.4,655,655,6.558778625954199,0.0,110.72282882854357
2015-11-24,7.325208333333333,3516.1,480,480,7.707708333333334,0.0,114.38207656295313
2015-11-25,5.113855421686747,3395.6,664,664,5.36460843373494,0.0,107.93111160542806
2015-11-26,6.296986301369864,2298.4,365,365,6.785753424657535,0.0,111.38254434816405
2015-11-27,7.575208333333333,3636.1,480,480,8.084583333333333,0.0,115.11137726881849
2015-11-28,7.236817102137767,3046.7,421,421,7.488836104513065,0.0,114.12422141374019
2015-11-29,5.327843137254902,1358.6000000000001,255,255,6.087843137254902,0.0,108.55535717346955
2015-11-30,4.703812316715543,1604.0,341,341,5.67624633431085,0.0,106.73493270186518
2015-12-01,4.9474048442906575,1429.8,289,289,5.13598615916955,0.0,107.4455415110814
2015-12-02,6.218543046357616,1878.0,302,302,7.054304635761589,0.0,111.15370946316082
2015-12-03,6.56053412462908,2210.9,337,337,8.126112759643917,0.0,112.15136680229296
2015-12-04,6.798245614035087,2325.0,342,342,8.157602339181286,0.0,112.84481943035738
2015-12-05,5.806182795698925,2159.9,372,372,6.315322580645161,0.0,109.95077097565603
2015-12-06,5.9302631578947365,1802.8,304,304,6.657236842105263,0.0,110.31273855858976
2015-12-07,8.846691871455576,4679.9,529,529,10.057088846880907,0.0,118.82055263621342
2015-12-08,6.866792452830189,1819.7,265,265,8.869056603773586,0.0,113.0447844620298
2015-12-09,6.565281173594132,2685.2,409,409,8.520293398533008,0.0,112.16521490693691
2015-12-10,6.110922330097088,2517.7000000000003,412,412,7.721844660194175,0.0,110.83975800582266
2015-12-11,8.239166666666666,2966.1,360,360,10.560833333333333,-0.013888888888888888,117.04827839347922
2015-12-12,6.644345238095238,2232.5,336,336,7.07797619047619,-0.07142857142857142,112.39586081913387
2015-12-13,7.190697674418605,1855.2,258,258,8.419767441860467,-0.015503875968992248,113.98968168898142
2015-12-14,6.810317460317461,2574.3,378,378,8.643386243386242,0.0,112.88003545441671
2015-12-15,6.991891891891892,2587.0,370,370,11.558378378378379,0.0,113.40972489887405
2015-12-16,6.204,2016.3,325,325,6.484000000000001,-0.024615384615384615,111.11128444726465
2015-12-17,7.605698005698005,2669.6,351,351,8.005128205128205,0.0,115.20032182712713
2015-12-18,7.219047619047619,2122.4,294,294,7.731632653061224,0.0,114.07238422749816
2015-12-19,7.386111111111111,1861.3,252,252,10.161904761904763,0.0,114.55974231824311
2015-12-20,5.458928571428571,1222.8,224,224,5.526785714285714,0.0,108.93775997215563
2015-12-21,6.275373134328358,1681.8,268,268,7.371268656716418,0.0,111.31949435624662
2015-12-22,5.578260869565217,1924.5,345,345,6.472753623188406,0.0,109.28587648921
2015-12-23,7.171167883211679,1964.9,274,274,9.034671532846716,0.0,113.93270932693098
2015-12-24,7.753314917127072,2806.7,362,362,10.102486187845304,0.0,115.63095029793865
2015-12-25,7.31267252195734,5828.2,797,797,7.96486825595985,0.0,114.3455070586127
2015-12-26,9.972737556561086,8815.9,884,884,11.979411764705882,0.0,122.10545628814977
2015-12-27,7.823357664233577,3215.4,411,411,8.84574209245742,0.0,115.83527919756074
2015-12-28,6.027926078028747,2935.6,487,487,6.2967145790554415,0.0,110.59764110495217
2015-12-29,8.603389830508476,4568.400000000001,531,531,9.221280602636535,0.0,118.11079123540861
2015-12-30,5.16866485013624,1896.9,367,367,5.208719346049047,0.0,108.09100182485324
2015-12-31,4.864459930313589,1396.1,287,287,5.2602787456446,0.0,107.20357437383574
2016-01-01,5.123493975903615,2551.5,498,498,5.850401606425703,0.0,107.95922922300359
2016-01-02,7.0390668915120855,12522.5,1779,1779,7.850477796514896,0.0,113.54734394096286
2016-01-03,7.851824034334763,7317.9,932,932,8.79645922746781,0.0,115.91832137279361
2016-01-04,9.273349056603774,11795.7,1272,1272,10.07751572327044,0.0,120.06519818137784
2016-01-05,6.678018995929444,4921.7,737,737,7.817096336499321,0.0,112.49409400056437
2016-01-06,6.483107088989442,4298.3,663,663,7.0054298642533945,0.0,111.92549643531274
2016-01-07,3.460204081632653,2712.8,784,784,3.9556122448979596,0.0,103.10707524720148
2016-01-08,5.5205169628432955,3417.2,619,619,5.981583198707593,0.0,109.11742580148312
2016-01-09,5.83425925925926,2520.4,432,432,6.2622685185185185,0.0,110.03267571442704
2016-01-10,5.017342342342342,2227.7,444,444,5.055855855855857,0.0,107.6495633778636
2016-01-11,4.693842887473461,2210.8,471,471,4.8191082802547776,0.0,106.70584985473187
2016-01-12,4.6909426987061,2537.8,541,541,5.195563770794824,0.0,106.69738941587116
2016-01-13,4.848991354466858,3365.2,694,694,5.001152737752162,0.0,107.15844940070072
2016-01-14,6.008932461873638,2758.1,459,459,6.501525054466231,0.0,110.54223287427675
2016-01-15,5.24519056261343,2890.1,551,551,5.3511796733212345,0.0,108.31424284935909
2016-01-16,7.734980237154151,3913.9,506,506,7.977470355731225,0.0,115.57746431775438
2016-01-17,3.6924657534246577,1078.2,292,292,3.6924657534246577,0.0,103.78462965193499
2016-01-18,4.2324909747292425,1172.4,277,277,4.248736462093863,0.0,105.35999275226511
2016-01-19,7.3556985294117645,4001.5,544,544,7.565257352941177,0.0,114.47102264904102
2016-01-20,4.98171334431631,3023.9,607,607,4.991927512355848,0.0,107.54562636422496
2016-01-21,6.040575079872204,1890.7,313,313,7.036102236421725,0.0,110.63454080884388
2016-01-22,5.287697160883281,1676.2,317,317,5.931545741324921,0.0,108.43824321784763
2016-01-23,5.087,1526.1,300,300,5.164000000000001,0.0,107.85276889345823
2016-01-24,4.239772727272727,1119.3,264,264,4.406818181818182,0.0,105.38123510134471
2016-01-25,5.3640625,2403.1,448,448,5.802678571428571,-0.008928571428571428,108.66101640073352
2016-01-26,5.528930817610063,2637.3,477,477,6.723270440251572,0.0,109.14197072236493
2016-01-27,7.502800000000001,1875.7,250,250,7.929600000000001,0.0,114.90014747437635
2016-01-28,5.524727272727272,1519.3,275,275,5.722181818181818,0.0,109.1297081293643
2016-01-29,8.134146341463415,2334.5,287,287,9.850522648083624,0.0,116.74191280427547
2016-01-30,8.786834733893558,3136.9,357,357,10.920168067226891,0.0,118.64593722551318
2016-01-31,5.946153846153846,2009.8,338,338,6.392307692307692,0.0,110.35909491924598
2016-02-01,6.39131455399061,2722.7,426,426,6.859859154929578,0.0,111.65771899304147
2016-02-02,8.365395095367846,3070.1,367,367,8.913896457765668,0.0,117.41651232208741
2016-02-03,12.421297836938436,7465.2,601,601,15.24692179700499,0.0,129.24840325148207
2016-02-04,13.784601769911506,7788.3,565,565,16.47787610619469,0.0,133.22543733398717
2016-02-05,9.195130434782609,5287.2,575,575,10.244695652173913,0.0,119.83701859695388
2016-02-06,7.425495049504951,2999.9,404,404,7.527722772277229,0.0,114.67463325452465
2016-02-07,7.293632958801498,1947.4,267,267,7.673782771535581,0.0,114.28996479121702
2016-02-08,8.04950248756219,3235.9,402,402,9.314925373134328,0.0,116.49498951468615
2016-02-09,12.489971751412428,8842.9,708,708,14.020621468926555,0.0,129.44873898868374
2016-02-10,7.908928571428571,3543.2,448,448,8.978125,0.0,116.08490688963613
2016-02-11,8.704400606980274,5736.2,659,659,9.752200303490136,0.0,118.40546015773216
2016-02-12,8.516225749559082,4828.7,567,567,9.19453262786596,0.0,117.85651593235862
2016-02-13,6.882260596546311,4384.0,637,637,7.08712715855573,-0.023547880690737835,113.08990817455218
2016-02-14,5.962773722627737,3267.6,548,548,6.046532846715328,-0.009124087591240875,110.40757846982119
2016-02-15,7.415492957746479,7371.0,994,994,7.525352112676056,0.0,114.64545512420631
2016-02-16,6.533125,3135.9,480,480,6.829583333333333,0.0,112.07140882653638
2016-02-17,4.892377495462795,2695.7,551,551,4.955353901996371,0.0,107.28501557371317
2016-02-18,6.240575916230367,2383.9,382,382,6.708638743455497,0.0,111.21798381336257
2016-02-19,6.18931623931624,4344.900000000001,702,702,6.411253561253561,0.0,111.06844893913896
2016-02-20,7.5752487562189055,6090.5,804,804,8.130472636815922,0.0,115.11149519057442
2016-02-21,8.639307897071872,9736.5,1127,1127,8.89041703637977,0.0,118.21557152060062
2016-02-22,9.291271186440678,10963.7,1180,1180,10.24457627118644,0.0,120.1174806691405
2016-02-23,7.101751592356687,4459.9,628,628,7.449203821656051,0.0,113.73020792725457
2016-02-24,6.349543378995434,2781.1,438,433,6.57351598173516,-0.0547945205479452,111.53586400340625
2016-02-25,7.767421602787456,4458.5,574,572,9.832752613240418,-0.013937282229965157,115.6721023611768
2016-02-26,7.621857923497267,2789.6,366,366,8.313934426229508,0.0,115.24746358495804
2016-02-27,6.240929203539824,2820.9,452,452,6.913053097345133,0.0,111.2190144240992
2016-02-28,5.233893557422969,1868.5,357,357,5.399719887955182,0.0,108.28128719392082
2016-02-29,5.0344999999999995,2013.8,400,400,5.52025,0.0,107.69961574522651
2016-03-01,5.866585365853659,2405.3,410,409,5.946341463414634,-0.00975609756097561,110.12697752385574
2016-03-02,9.149086161879895,3504.1,383,383,10.247258485639687,0.0,119.70269811403786
2016-03-03,6.87089552238806,2762.1,402,402,7.403482587064676,0.0,113.05675394812889
2016-03-04,5.683690987124463,2648.6,466,466,5.996351931330472,0.0,109.5934375258317
2016-03-05,4.958892128279883,1700.9,343,343,5.360349854227405,0.0,107.47905224836867
2016-03-06,5.610714285714286,2513.6,448,448,5.823660714285714,0.0,109.38054968643104
2016-03-07,6.3678916827853005,3292.2000000000003,517,517,6.750483558994198,0.0,111.58938972702776
2016-03-08,5.086643835616438,1485.3,292,292,5.161301369863014,0.0,107.85172988971289
2016-03-09,5.992349726775956,2193.2,366,366,6.365846994535519,0.0,110.49385767262908
2016-03-10,5.657798165137615,2466.8,436,436,5.716055045871559,0.0,109.51790291242429
2016-03-11,7.465178571428572,2508.3,336,336,8.406845238095238,0.0,114.79039813672513
2016-03-12,10.145566502463055,4119.1,406,406,11.738669950738915,0.0,122.60963337711085
2016-03-13,9.015076923076924,2929.9,325,325,11.055692307692308,0.0,119.31176598423191
2016-03-14,8.119239904988124,3418.2,421,421,9.64418052256532,-0.07125890736342043,116.69842770570199
2016-03-15,6.765552699228793,2631.8,389,389,7.602313624678664,-0.09511568123393316,112.74944756697727
2016-03-16,5.422307692307692,2114.7,390,390,5.983076923076923,0.0,108.83092944018657
2016-03-17,7.820454545454546,2752.8,352,352,8.831249999999999,0.0,115.82681021126172
2016-03-18,7.633168316831684,3083.8,404,404,8.736138613861387,0.0,115.28045829632765
2016-03-19,12.773571428571428,5364.9,420,420,15.945238095238095,0.0,130.27605676762474
2016-03-20,11.312680577849118,7047.8,623,623,13.386998394863564,0.0,126.01434185312866
2016-03-21,9.18221649484536,3562.7,388,388,11.368298969072164,-0.03608247422680412,119.79934601490692
2016-03-22,6.469815668202765,2807.9,434,434,6.825806451612904,-0.009216589861751152,111.88672266506603
2016-03-23,6.616708860759493,2613.6,395,395,7.070379746835443,0.0,112.31523990113979
2016-03-24,5.654225352112676,1605.8,284,284,5.83556338028169,0.0,109.50748029218023
2016-03-25,10.214609571788413,4055.2,397,397,11.978841309823679,0.0,122.81104601388722
2016-03-26,9.381473214285714,4202.9,448,448,10.790178571428571,0.0,120.380618279452
2016-03-27,7.154368932038834,2210.7,309,309,7.6381877022653715,0.0,113.88370337913835
2016-03-28,5.163321799307958,1492.2,289,289,5.288581314878893,0.0,108.07541506189106
2016-03-29,5.078076923076923,1320.3,260,260,5.106923076923077,0.0,107.82673846826427
2016-03-30,5.685338345864661,1512.3,266,266,5.902631578947369,0.0,109.59824320539987
2016-03-31,5.389010989010989,1471.2,273,273,6.13919413919414,0.0,108.73379620331747
2016-04-01,5.626621160409556,1648.6,293,293,6.076109215017064,0.0,109.42695326620452
2016-04-02,5.7507987220447285,1800.0,313,304,5.996166134185303,-0.12779552715654952,109.7892043996172
2016-04-03,9.20272373540856,2365.1,257,256,11.000778210116732,-0.01556420233463035,119.8591697949793
2016-04-04,12.075,8742.3,724,724,13.615883977900552,0.0,128.2381822238067
2016-04-05,9.089103690685413,5171.7,569,569,9.904920913884006,0.0,119.52771707971112
2016-04-06,5.416964285714286,5460.3,1008,1008,5.750892857142857,0.0,108.81534163938538
2016-04-07,6.076376811594202,4192.7,690,690,6.248405797101449,0.0,110.7389817217081
2016-04-08,4.788245614035088,2729.3,570,570,4.82578947368421,0.0,106.9812417551999
2016-04-09,5.696760259179266,2637.6,463,463,5.98682505399568,0.0,109.63156324317056
2016-04-10,9.125553097345133,8249.5,904,904,9.917477876106194,0.0,119.63404739173234
2016-04-11,6.51008583690987,3033.7,466,466,6.91587982832618,0.0,112.00419891491967
2016-04-12,5.204710144927536,2873.0,552,552,5.26213768115942,0.0,108.19615326059089
2016-04-13,6.834851694915255,6452.1,944,944,7.423093220338982,0.0,112.95160679285685
2016-04-14,6.343185550082102,3863.0,609,609,6.503776683087028,0.0,111.51731692694918
2016-04-15,5.217167381974249,1215.6,233,233,5.308154506437768,0.0,108.2324935476761
2016-04-16,5.836693548387097,1447.5,248,248,5.9375,0.0,110.03977702954388
2016-04-17,5.1510869565217385,947.8,184,180,5.238043478260869,-0.08695652173913043,108.0397235439705
2016-04-18,6.834494773519164,3923.0,574,572,7.826132404181184,-0.1916376306620209,112.95056558075242
2016-04-19,6.273504273504273,4404.0,702,701,7.013532763532764,-0.09116809116809117,111.31404251017395
2016-04-20,6.46575682382134,2605.7,403,403,7.689578163771713,-0.009925558312655087,111.87488219277655
2016-04-21,5.36651376146789,2339.8,436,436,5.827522935779817,0.0,108.66816722760869
2016-04-22,6.217105263157895,2362.5,380,380,6.765,0.0,111.14951515795107
2016-04-23,5.552905198776759,1815.8,327,327,6.627522935779816,0.0,109.21190885479515
2016-04-24,5.896453900709219,1662.8,282,282,8.475531914893617,0.0,110.21411009806903
2016-04-25,10.88558352402746,4757.0,437,437,12.617162471395881,0.0,124.76841312182805
2016-04-26,5.473,2736.5,500,500,6.7948,0.0,108.97880918331434
2016-04-27,5.252436194895592,2263.8,431,431,5.9802784222737815,0.0,108.33537982831037
2016-04-28,5.309287925696594,1714.9,323,323,5.578328173374613,0.0,108.50122785792172
2016-04-29,5.400514138817481,2100.8,389,389,5.507197943444731,0.0,108.76735322441166
2016-04-30,6.07389705882353,1652.1000000000001,272,272,6.641544117647059,-0.03676470588235294,110.731747779924
2016-05-01,6.569281045751634,2010.2,306,306,7.798366013071896,0.0,112.17688334528826
2016-05-02,6.88316430020284,3393.4,493,493,7.779918864097363,0.0,113.09254446141058
2016-05-03,6.291156462585034,2774.4,441,441,6.598866213151927,0.0,111.36553752600062
2016-05-04,5.207505518763797,2359.0,453,453,5.266004415011038,0.0,108.20430793303866
2016-05-05,6.512663755458516,2982.8,458,458,6.702401746724892,0.0,112.01171922618843
2016-05-06,5.5177499999999995,2207.1,400,400,6.3235,-0.01,109.10935400966424
2016-05-07,6.6828025477707005,3147.6,471,471,7.098301486199576,0.0,112.50804859150186
2016-05-08,6.796185286103542,2494.2,367,367,7.116076294277929,0.0,112.83880903589821
2016-05-09,5.65564738292011,2053.0,363,363,6.104683195592287,0.0,109.51162864446673
2016-05-10,4.779522862823061,2404.1,503,503,5.231013916500995,0.0,106.95579572073584
2016-05-11,5.100253164556962,2014.6000000000001,395,395,5.405063291139241,0.0,107.89143106252361
2016-05-12,6.5673076923076925,2049.0,312,312,7.383333333333333,0.0,112.17112667304991
2016-05-13,8.114079422382671,2247.6,277,277,9.101083032490974,0.0,116.68337353127495
2016-05-14,6.661006289308175,2118.2,318,318,7.3827044025157225,0.0,112.44446448477409
2016-05-15,5.820163487738419,2136.0,367,367,7.477929155313352,0.0,109.99155548994759
2016-05-16,5.316358839050132,2014.9,379,379,5.742216358839051,0.0,108.52185514632112
2016-05-17,5.328947368421052,2227.5,418,418,5.589473684210526,0.0,108.55857843974519
2016-05-18,7.810904872389791,3366.5,431,431,9.44663573085847,0.0,115.79895187803407
2016-05-19,9.691729323308271,3867.0,399,399,10.660902255639098,0.0,121.28569827668875
2016-05-20,7.701152737752162,2672.3,347,347,8.10115273775216,0.0,115.47878264098826
2016-05-21,6.8599562363238515,3135.0,457,457,7.788840262582057,0.0,113.02484183193572
2016-05-22,8.147142857142857,2281.2,280,280,9.001071428571429,0.0,116.77982627651069
2016-05-23,6.045302013422819,3603.0,596,596,6.836577181208053,-0.03523489932885906,110.64833023274406
2016-05-24,5.3317525773195875,2585.9,485,485,6.211958762886598,0.0,108.5667618030644
2016-05-25,4.414858490566038,1871.9,424,424,5.216509433962265,0.0,105.89199578437186
2016-05-26,5.430769230769231,2329.8,429,429,6.02004662004662,0.0,108.8556134640774
2016-05-27,4.8808550185873605,2625.9,538,538,5.049628252788104,0.0,107.25140217163887
2016-05-28,6.268705882352941,2664.2,425,425,6.35364705882353,0.0,111.30004462995922
2016-05-29,5.525958702064897,1873.3,339,339,5.703244837758112,0.0,109.13330045850492
2016-05-30,5.6901477832512315,2310.2,406,406,6.085467980295566,0.0,109.61227330972322
2016-05-31,5.411627906976745,2094.3,387,387,5.779586563307493,0.0,108.79977434026517
2016-06-01,6.601362397820163,2422.7,367,367,7.711716621253405,0.0,112.27047115612304
2016-06-02,5.693452380952381,1913.0,336,336,6.146130952380952,0.0,109.62191349146742
2016-06-03,5.501322314049587,3328.3,605,605,5.6338842975206616,0.0,109.06143111782676
2016-06-04,4.8920398009950254,2949.9,603,603,5.354228855721393,0.0,107.28403045045832
2016-06-05,5.551142857142858,1942.9,350,350,5.844571428571428,0.0,109.20676774680483
2016-06-06,5.173375262054507,2467.7,477,477,5.472117400419287,0.0,108.10474305180087
2016-06-07,6.309641873278237,2290.4,363,363,6.535812672176308,0.0,111.41946321826768
2016-06-08,6.093103448275862,1943.7,319,319,7.036050156739812,0.0,110.78777671346286
2016-06-09,7.652698412698412,2410.6,315,315,9.291746031746031,-0.07936507936507936,115.33743154713255
2016-06-10,6.9446540880503145,2208.4,318,318,8.138679245283019,0.0,113.27192264413327
2016-06-11,7.012544802867383,1956.5,279,279,7.912903225806451,0.0,113.46997362908444
2016-06-12,4.48287153652393,1779.7,397,397,4.614105793450881,0.0,106.09040363407243
2016-06-13,5.489090909090909,3019.0,550,550,5.767636363636363,0.0,109.02574962874641
2016-06-14,5.434990439770554,2842.5,523,523,5.882026768642448,0.0,108.86792758689448
2016-06-15,5.877185792349727,4302.1,732,732,6.1665300546448085,0.0,110.15790111795997
2016-06-16,5.122745901639345,2499.9,488,488,5.367827868852459,0.0,107.95704693864771
2016-06-17,5.471462829736211,2281.6,417,417,5.840047961630696,0.0,108.97432494588068
2016-06-18,5.982264150943396,3170.6,530,530,6.286415094339623,0.0,110.46443600233411
2016-06-19,6.219753086419753,2519.0,405,405,6.52,0.0,111.15723939544658
2016-06-20,4.845092838196286,1826.6,377,377,5.022546419098143,0.0,107.14707663802889
2016-06-21,7.040966386554622,3351.5,476,476,7.8201680672268905,0.0,113.5528851532641
2016-06-22,5.24888888888889,2598.2000000000003,495,495,5.781818181818182,0.0,108.32503161721193
2016-06-23,5.722191011235956,2037.1000000000001,356,356,6.70308988764045,0.0,109.70574990487309
2016-06-24,5.273506493506494,2030.3,385,385,5.737402597402598,0.0,108.39684616290927
2016-06-25,5.774774774774775,4487.0,777,777,6.244787644787644,0.0,109.85914740833675
2016-06-26,5.0591572123176665,3121.5,617,617,5.63517017828201,0.0,107.7715458346183
2016-06-27,5.031513260530422,3225.2000000000003,641,641,5.454446177847114,0.0,107.69090282041292
2016-06-28,4.966396103896104,3059.3,616,616,5.210876623376624,0.0,107.5009428672235
2016-06-29,6.01792828685259,3021.0,502,502,6.472310756972111,0.0,110.56847552030472
2016-06-30,5.773818181818181,3175.6,550,550,5.965636363636364,0.0,109.85635683266287
2016-07-01,6.1098,3054.9,500,500,6.3988000000000005,0.0,110.83648394129457
2016-07-02,5.527931769722814,2592.6,469,469,6.409594882729211,0.0,109.13905629704747
2016-07-03,6.950564971751413,2460.5,354,354,9.10819209039548,-0.022598870056497175,113.28916589075527
2016-07-04,5.891329479768786,2038.4,346,346,6.676589595375722,0.0,110.199161122833
2016-07-05,5.622704081632653,2204.1,392,392,5.885204081632653,0.0,109.41552635293682
2016-07-06,5.916707616707616,2408.1,407,407,6.185995085995086,0.0,110.27319429556515
2016-07-07,6.07043795620438,1663.3,274,274,6.375182481751825,0.0,110.72165687599679
2016-07-08,4.596287703016241,1981.0,431,431,5.1199535962877025,0.0,106.42126159518997
2016-07-09,7.863013698630137,13202.0,1679,1679,8.074389517569982,0.0,115.95096389306967
2016-07-10,9.101116751269036,17929.2,1970,1970,9.318578680203045,0.0,119.56276161396407
2016-07-11,7.932616783794956,19189.0,2419,2419,8.147581645307978,0.0,116.15401020963411
2016-07-12,7.510050481872418,16364.4,2179,2179,7.657778797613584,0.0,114.92129860056602
2016-07-13,7.141289332310054,9305.1,1303,1303,7.277359938603223,0.0,113.84554753387981
2016-07-14,7.305272108843537,12886.5,1764,1764,7.465646258503401,0.0,114.32391855258233
2016-07-15,7.998664343786295,13773.7,1722,1722,8.262775842044135,0.0,116.34668433812358
2016-07-16,6.164207879295892,7353.9,1193,1193,6.260771165129925,0.0,110.9952027603951
2016-07-17,8.136627906976743,11196.0,1376,1376,8.443095930232559,0.0,116.74915203419755
2016-07-18,7.707366226546212,11090.9,1439,1439,7.933217512161223,0.0,115.49690864804181
2016-07-19,7.533763188745604,12852.6,1706,1706,7.824736225087925,0.0,114.9904733760084
2016-07-20,6.366484268125855,9307.8,1462,1462,6.584883720930232,0.0,111.58528401300946
2016-07-21,7.636448055716773,13157.6,1723,1723,7.893267556587348,-0.03946604759141033,115.29002595986344
2016-07-22,7.162438725490197,11689.1,1632,1632,7.450490196078432,-0.004901960784313725,113.90724460337943
2016-07-23,6.801068090787717,10188.0,1498,1498,7.0564753004005345,-0.10947930574098798,112.8530531675093
2016-07-24,6.013468634686347,9777.9,1626,1626,6.354674046740468,-0.06396063960639606,110.5554658104137
2016-07-25,6.5774271844660195,8129.7,1236,1236,6.742961165048543,0.0,112.20064728414617
2016-07-26,8.085466377440348,11182.2,1383,1383,8.58467100506146,-0.2198120028922632,116.59990347578137
2016-07-27,10.223488168273445,11665.0,1141,1141,11.546801051709027,-0.017528483786152498,122.83694668062174
2016-07-28,8.447000000000001,9291.7,1100,1100,9.877818181818181,-0.05818181818181818,117.65457038028863
2016-07-29,8.940513219284604,11497.5,1286,1286,9.793545878693624,0.0,119.09424853700122
2016-07-30,8.429618163054696,8168.3,969,969,9.142002063983488,-0.04540763673890609,117.60386403647485
2016-07-31,6.953937947494033,5827.4,838,838,7.380071599045346,-0.01909307875894988,113.29900554511511
2016-08-01,7.721878453038674,6988.3,905,905,7.870165745856354,0.0,115.53924375614034
2016-08-02,7.397385620915033,6790.8,918,918,8.148583877995643,0.0,114.59263235007624
2016-08-03,8.99138576779026,9602.8,1068,1068,9.77322097378277,-0.003745318352059925,119.24265407913859
2016-08-04,6.98856767411301,5318.3,761,761,7.1981603153745075,-0.010512483574244415,113.40002748138369
2016-08-05,8.085148514851484,7349.4,909,909,8.442024202420242,0.0,116.59897620613967
2016-08-06,9.488174273858922,9146.6,964,964,10.684958506224065,0.0,120.69188691170527
2016-08-07,10.053749999999999,8847.3,880,880,12.068181818181818,0.0,122.34178601688527
2016-08-08,8.834477124183007,10813.4,1224,1224,9.683169934640523,0.0,118.784919740982
2016-08-09,6.551640033641715,7789.9,1189,1189,6.930025231286795,0.0,112.12542093495249
2016-08-10,5.640558412931668,7676.8,1361,1361,5.932329169728141,0.0,109.46761105861333
2016-08-11,6.112050359712231,6796.6,1112,1112,6.323111510791367,0.0,110.84304869700091
2016-08-12,7.330757420675538,14324.300000000001,1954,1954,7.529887410440122,0.0,114.39826437621545
2016-08-13,8.306627680311891,12783.9,1539,1539,8.505977907732294,0.0,117.24507585295865
2016-08-14,5.59506933744222,7262.400000000001,1298,1298,6.035747303543914,0.0,109.33491019915886
2016-08-15,5.321111111111111,14845.9,2790,2790,5.515197132616487,0.0,108.53571848779526
2016-08-16,6.485603954278654,20993.9,3237,3237,6.578591288229843,0.0,111.93278029778423
2016-08-17,6.094951194883877,18108.1,2971,2971,6.297610232245035,0.0,110.7931669650848
2016-08-18,6.6538281249999995,17033.8,2560,2560,6.788437500000001,0.0,112.423524323587
2016-08-19,6.948407643312103,14181.7,2041,2041,7.110975012248898,0.0,113.28287252614098
2016-08-20,8.04446845289542,18614.9,2314,2314,8.560976663785652,0.0,116.48030421454285
2016-08-21,6.728646329837941,14116.7,2098,2098,7.28093422306959,0.0,112.64178420198657
2016-08-22,8.931682322801025,20918.0,2342,2342,9.232707087959009,-0.0017079419299743809,119.06848702084562
2016-08-23,7.337003257328989,11262.3,1535,1535,7.784755700325733,-0.06514657980456026,114.41648474853577
2016-08-24,9.051319796954314,17831.1,1970,1970,9.405025380710661,0.0,119.41749379823739
2016-08-25,8.1421768707483,16756.6,2058,2058,8.643586005830905,0.0,116.76533948697922
2016-08-26,7.934686346863468,12901.8,1626,1626,8.285116851168512,0.0,116.1600475448609
2016-08-27,7.012294440093971,8954.7,1277,1277,7.405090054815974,-0.050117462803445575,113.46924327009495
2016-08-28,7.21857855361596,5789.3,802,802,7.844389027431421,-0.0199501246882793,114.07101586849654
2016-08-29,9.290194761584956,13833.1,1489,1489,10.684217595701814,-0.28744123572867697,120.11434051951215
2016-08-30,6.7915807560137464,7905.400000000001,1164,1164,8.195360824742268,-0.13058419243986255,112.82537668771955
2016-08-31,8.735109289617487,6394.1,732,732,9.698497267759564,-0.1366120218579235,118.49504361342622
2016-09-01,8.788045007032348,6248.3,711,711,9.943741209563994,-0.011251758087201125,118.64946783773081
2016-09-02,7.757340720221607,5600.8,722,722,9.146814404432133,-0.00554016620498615,115.64269438209273
2016-09-03,6.673878020713464,5799.6,869,869,7.678250863060989,-0.004602991944764097,112.48201393597243
2016-09-04,6.891809523809523,7236.4,1050,1049,7.414285714285715,-0.06095238095238095,113.11776433212545
2016-09-05,5.510686015831135,4177.1,758,758,5.867282321899736,0.0,109.08874693510194
2016-09-06,6.517579908675799,5709.4,876,876,7.29783105022831,-0.0867579908675799,112.02606064223447
2016-09-07,5.31472275334608,5559.2,1046,1046,5.506022944550669,0.0,108.51708235248583
2016-09-08,6.05705329153605,3864.4,638,638,6.7183385579937305,0.0,110.68261109443525
2016-09-09,7.154804804804805,4765.1,666,666,7.483483483483483,0.0,113.88497490840192
2016-09-10,7.3205186020293125,6493.3,887,887,7.618376550169109,-0.09019165727170236,114.36839566555176
2016-09-11,7.005159071367154,8147.0,1163,1163,7.076440240756663,0.0,113.44842795229864
2016-09-12,5.625025960539979,5416.9,963,963,5.95742471443406,0.0,109.42229974464101
2016-09-13,8.712734082397004,9305.2,1068,1068,9.05692883895131,0.0,118.4297705957471
2016-09-14,6.85448079658606,4818.7,703,703,7.116358463726885,-0.017069701280227598,113.00886886367294
2016-09-15,6.334615384615384,3788.1,598,598,6.7469899665551845,0.0,111.49231601605214
2016-09-16,6.881666666666667,5780.6,840,840,8.876785714285715,0.0,113.08817556063035
2016-09-17,7.02023988005997,4682.5,667,667,7.2166416791604195,0.0,113.4924217299974
2016-09-18,4.709486780715396,12112.8,2572,2572,4.758786936236392,0.0,106.75148626426717
2016-09-19,5.170544457500979,13200.4,2553,2553,5.888758323540932,0.0,108.09648502076465
2016-09-20,5.011928020565553,9748.2,1945,1945,5.175372750642674,-0.043187660668380465,107.63376870308923
2016-09-21,5.445344827586207,9474.9,1740,1740,5.52,-0.006896551724137931,108.89813343626551
2016-09-22,5.610358126721763,10182.8,1815,1815,5.844407713498623,-0.006611570247933884,109.37951069841245
2016-09-23,5.709260493004664,8569.6,1501,1501,5.889340439706862,0.0,109.66802896057993
2016-09-24,5.114634146341463,6500.7,1271,1271,5.228245476003147,0.0,107.9333833031895
2016-09-25,6.598638743455497,6301.7,955,955,7.047434554973822,-0.1382198952879581,112.26252570392029
2016-09-26,5.788166089965397,8363.9,1445,1445,6.6323875432525945,-0.011072664359861591,109.8982125908207
2016-09-27,5.000751879699249,7316.1,1463,1463,5.404853041695147,0.0,107.60116563339864
2016-09-28,5.837080291970803,7996.8,1370,1370,5.938686131386861,0.0,110.04090523901823
2016-09-29,4.48161525974026,11042.7,2464,2464,4.5552759740259745,0.0,106.08673881989206
2016-09-30,4.963177059626764,10904.1,2197,2197,5.016249431042331,0.0,107.49155226219213
2016-10-01,6.352042628774423,10728.6,1689,1689,6.809473060982831,-0.037892243931320305,111.54315482191805
2016-10-02,5.117595944967414,7067.4,1381,1381,5.288993482983345,-0.002896451846488052,107.94202347050364
2016-10-03,4.290724637681159,7401.5,1725,1725,4.30168115942029,-0.0017391304347826088,105.52987215824893
2016-10-04,5.179107981220658,8825.2,1704,1704,5.346596244131455,0.0,108.12146655633848
2016-10-05,4.538999264164827,6168.5,1359,1359,4.651140544518028,-0.008830022075055188,106.25413959962093
2016-10-06,4.532299012693935,6426.8,1418,1418,4.667700987306065,-0.0028208744710860366,106.23459360711215
2016-10-07,5.158083333333333,6189.7,1200,1200,5.277833333333333,0.0,108.06013339415928
2016-10-08,7.727942143326759,11754.2,1521,1521,8.066798159105852,0.0,115.55693277056933
2016-10-09,5.5751233958538995,5647.6,1013,1013,6.09822309970385,0.0,109.27672384204081
2016-10-10,5.790250215703192,6710.9,1159,1159,5.985245901639344,0.0,109.90429240830744
2016-10-11,5.255758880516685,4882.6,929,929,5.378794402583423,0.0,108.3450727761857
2016-10-12,6.47736699729486,7183.4,1109,1109,6.729395852119026,0.0,111.90875142361439
2016-10-13,5.054054054054054,3366.0,666,666,5.2235735735735735,0.0,107.75665888692312
2016-10-14,4.79652076318743,4273.7,891,891,4.9676767676767675,0.0,107.00538204367169
2016-10-15,4.574619883040936,3911.3,855,855,4.926549707602339,-0.11695906432748537,106.35805216957975
2016-10-16,4.741112454655381,3920.9,827,827,5.355259975816203,-0.0048367593712212815,106.84374476957876
2016-10-17,5.17936320754717,4392.1,848,848,5.4571933962264145,0.0,108.1222111032988
2016-10-18,4.8419825072886296,3321.6,686,686,4.9450437317784255,0.0,107.13800317192319
2016-10-19,5.192204301075269,3863.0,744,744,5.52997311827957,0.0,108.1596711775953
2016-10-20,4.7082796688132476,5117.9,1087,1087,4.828150873965042,-0.0036798528058877645,106.747964874018
2016-10-21,4.6698765432098766,3782.6,810,810,4.703827160493827,0.0,106.6359351675781
2016-10-22,5.412273901808786,4189.1,774,774,5.636434108527133,-0.10852713178294573,108.80165883821314
2016-10-23,4.477757685352621,2476.2,553,553,4.7097649186256785,0.0,106.07548549299673
2016-10-24,4.240887850467289,3630.2,856,856,4.414953271028037,0.0,105.38448814187639
2016-10-25,4.079786200194364,4198.1,1029,1029,4.191156462585034,0.0,104.91452195283591
2016-10-26,4.992234548335975,3150.1,631,631,5.210459587955627,0.0,107.57631885029734
2016-10-27,4.890993071593534,4235.6,866,866,4.984988452655889,0.0,107.28097692849289
2016-10-28,6.204276985743381,6092.6,982,982,6.256822810590632,0.0,111.1120924708573
2016-10-29,4.486389684813753,3131.5,698,698,4.8428366762177655,-0.09169054441260745,106.10066678619685
2016-10-30,4.9752039151712895,3049.8,613,613,4.992659053833605,-0.013050570962479609,107.52663703914399
2016-10-31,5.929055007052186,4203.7,709,709,6.286741889985896,0.0,110.3092141375407
2016-11-01,4.411580217129071,3657.2,829,829,4.59372738238842,0.0,105.88243239584546
2016-11-02,4.730155210643016,4266.6,902,902,5.296563192904657,0.0,106.81178026640855
2016-11-03,4.616778523489933,3439.5,745,745,4.728724832214765,0.0,106.48103747453086
2016-11-04,5.772362555720654,3884.8,673,673,6.1239227340267455,-0.01188707280832095,109.85211047610126
2016-11-05,6.416540404040403,5081.9,792,792,6.643181818181818,0.0,111.73130791403095
2016-11-06,4.582242990654206,2941.8,642,642,4.7101246105919,0.0,106.38029032063274
2016-11-07,4.910329341317365,3280.1,668,668,5.9100299401197605,0.0,107.33738474912646
2016-11-08,4.19796511627907,2888.2,688,688,4.284593023255814,0.0,105.25927382051184
2016-11-09,4.6102725366876305,2199.1,477,477,4.743396226415094,0.0,106.46205819146178
2016-11-10,4.1846975088967975,2351.8,562,562,4.32153024911032,0.0,105.22056951879568
2016-11-11,5.6523595505617985,2515.3,445,445,5.973033707865168,0.0,109.50203737062799
2016-11-12,4.716085790884718,1759.1,373,373,5.867024128686327,-0.08579088471849866,106.77073691536518
2016-11-13,4.975563909774436,1323.5,266,266,5.1191729323308275,0.0,107.52768721641672
2016-11-14,4.796378830083566,3443.8,718,718,5.509470752089137,0.0,107.00496799602035
2016-11-15,4.729002624671916,3603.5,762,762,5.08503937007874,0.0,106.80841793935937
2016-11-16,5.086915887850467,3265.8,642,642,5.086915887850467,0.0,107.85252352125814
2016-11-17,5.489271523178807,4144.4,755,755,6.169933774834437,0.0,109.02627651667358
2016-11-18,5.534756097560975,2723.1,492,492,5.847560975609756,0.0,109.15896424548518
2016-11-19,5.036466774716369,3107.5,617,617,5.036466774716369,0.0,107.70535322598221
2016-11-20,5.945054945054945,2164.0,364,364,9.130769230769232,0.0,110.35588920185756
2016-11-21,5.783801652892562,3499.2,605,605,5.932066115702479,0.0,109.88548064266901
2016-11-22,4.941591320072332,2732.7,553,553,5.207052441229656,0.0,107.42858228181744
2016-11-23,4.5892318736539846,6392.8,1393,1393,5.009691313711414,0.0,106.40067830985254
2016-11-24,4.925407925407925,4226.0,858,858,5.096153846153846,0.0,107.38137203720925
2016-11-25,5.086820809248556,4400.1,865,865,5.5193063583815025,0.0,107.85224615769218
2016-11-26,4.689511754068716,2593.3,553,553,4.85623869801085,0.0,106.69321506013476
2016-11-27,4.47227191413238,2500.0,559,559,4.674597495527728,-0.007155635062611807,106.05948238570417
2016-11-28,4.938372093023256,2123.5,430,430,5.156976744186046,0.0,107.41919114358052
2016-11-29,3.8364919354838714,3805.8,992,992,3.9839717741935483,0.0,104.2047832368905
2016-11-30,4.548200654307524,4170.7,917,917,4.597818974918211,0.0,106.28098192092497
2016-12-01,5.05945537065053,3344.3,661,661,5.179425113464448,0.0,107.77241562294876
2016-12-02,5.442950819672131,3320.2,610,610,5.709344262295082,0.0,108.89114962961918
2016-12-03,5.2227602905569,2157.0,413,413,5.319128329297821,0.0,108.24880919638477
2016-12-04,4.64625850340136,2049.0,441,441,4.886621315192744,0.0,106.56703655516407
2016-12-05,5.217164179104478,2097.3,402,402,5.228606965174129,0.0,108.23248420425536
2016-12-06,4.672127139364304,1910.9,409,409,5.428117359413203,0.0,106.64250061303426
2016-12-07,5.607392197125257,2730.8,487,487,8.32053388090349,0.0,109.37085848021933
2016-12-08,5.451070840197694,3308.8,607,607,5.757825370675453,0.0,108.91483737642292
2016-12-09,4.9480075901328275,2607.6,527,527,5.044592030360532,0.0,107.44729984295401
2016-12-10,5.248941798941798,1984.1,378,378,6.310052910052909,0.0,108.32518596656767
2016-12-11,5.321694915254238,1569.9,295,295,5.416610169491526,0.0,108.53742156288993
2016-12-12,6.403155339805825,2638.1,412,412,8.130825242718446,-0.024271844660194174,111.69226096685362
2016-12-13,5.571037181996086,2846.8,511,511,7.9632093933463794,0.0,109.26480352743752
2016-12-14,5.025769230769231,2613.4,520,520,5.120769230769231,0.0,107.67414632057552
2016-12-15,5.108208955223881,2053.5,402,402,5.280597014925373,0.0,107.91463971752
2016-12-16,5.179279279279279,2874.5,555,555,5.235135135135135,0.0,108.12196626751873
2016-12-17,4.8140625,2772.9,576,576,4.975173611111112,0.0,107.05655484782973
2016-12-18,5.405105633802817,3070.1,568,568,5.5383802816901415,0.0,108.78074754654679
2016-12-19,6.224615384615385,3641.4,585,585,6.334700854700855,0.0,111.1714237054714
2016-12-20,5.465819209039548,1934.9,354,354,5.747457627118644,0.0,108.95786135964983
2016-12-21,5.321584699453552,1947.7,366,366,5.455464480874317,0.0,108.53710004104498
2016-12-22,5.067146974063401,1758.3,347,347,5.219884726224784,-0.008645533141210375,107.79485359014173
2016-12-23,4.940149625935162,1981.0,401,401,5.0643391521197,0.0,107.42437656760993
2016-12-24,5.286522911051213,1961.3,371,371,5.680053908355796,0.0,108.43481769292208
2016-12-25,6.202578796561604,2164.7,349,349,6.675071633237822,0.0,111.10713850858144
2016-12-26,5.6663492063492065,1784.9,315,315,5.83015873015873,0.0,109.54284803399028
2016-12-27,5.7707808564231735,2291.0,397,397,6.102015113350126,0.0,109.84749633844478
2016-12-28,5.020379146919431,2118.6,422,422,5.260663507109005,0.0,107.6584223527502
2016-12-29,4.723118279569892,1757.0,372,372,4.991397849462365,0.0,106.79125211121352
2016-12-30,6.699999999999999,3423.7,511,511,7.369471624266145,0.0,112.5582170477015
2016-12-31,8.399746192893401,3309.5,394,394,10.021065989847717,0.0,117.51672144077796
2017-01-01,8.012087912087912,2916.4,364,364,9.418681318681319,0.0,116.38584360947398
2017-01-02,6.4635761589403975,2928.0,453,453,6.93598233995585,0.0,111.86852075102885
2017-01-03,6.553767123287671,3827.4,584,584,7.180479452054794,0.0,112.13162608687342
2017-01-04,8.549618320610687,3360.0,393,393,10.32824427480916,0.0,117.953928834913
2017-01-05,7.712859884836853,4018.4,521,521,9.366026871401152,0.0,115.51293476351839
2017-01-06,8.552047781569966,5011.5,586,586,12.672013651877133,0.0,117.96101606528289
2017-01-07,11.875702811244981,5914.1,498,498,16.38293172690763,0.0,127.65679190206262
2017-01-08,12.065981735159816,5284.9,438,438,18.265981735159816,-0.01141552511415525,128.21187411615216
2017-01-09,7.812228260869565,5749.8,736,736,9.189130434782609,-0.16983695652173914,115.8028124706438
2017-01-10,7.58942652329749,4234.9,558,558,9.885304659498209,-0.008960573476702509,115.15285461272643
2017-01-11,7.823157894736842,3716.0,475,475,11.243157894736843,0.0,115.83469642942083
2017-01-12,7.177038626609442,3344.5,466,466,8.516952789699571,0.0,113.94983547614675
2017-01-13,6.315300546448087,3467.1,549,549,7.8710382513661195,0.0,111.43597071561581
2017-01-14,7.532278481012658,2380.2,316,316,9.297784810126583,-0.00949367088607595,114.98614218241784
2017-01-15,8.127777777777778,3364.9,414,414,9.386956521739132,0.0,116.72333441231032
2017-01-16,8.415257048092869,5074.4,603,603,13.459369817578773,0.0,117.56196975136015
2017-01-17,8.98091603053435,4706.0,524,522,11.542557251908397,-0.015267175572519083,119.21211173205475
2017-01-18,9.76774193548387,5450.4,558,558,11.98978494623656,-0.007168458781362007,121.50744248354609
2017-01-19,7.914643545279383,4107.7,519,519,10.007899807321774,-0.007707129094412331,116.10157862748973
2017-01-20,6.996116504854369,2882.4,412,412,8.557281553398058,0.0,113.4220489517362
2017-01-21,5.972619047619047,2508.5,420,420,6.491190476190477,0.0,110.43629927968374
2017-01-22,7.419578313253012,2463.3,332,332,8.02289156626506,0.0,114.65737293482482
2017-01-23,7.874942528735632,3425.6,435,435,8.982988505747127,-0.011494252873563218,115.98576270993401
2017-01-24,6.992254733218589,4062.5,581,581,7.9390705679862315,-0.008605851979345954,113.41078338061675
2017-01-25,15.358232931726908,11472.6,747,747,20.334939759036146,0.0,137.81603860232195
2017-01-26,14.072129436325678,13481.1,958,958,19.491127348643005,0.0,134.06421385427387
2017-01-27,17.221058965102287,14310.7,831,831,24.64765342960289,0.0,143.25027996650206
2017-01-28,15.120509849362689,13049.0,863,863,19.887253765932794,0.0,137.1225521552471
2017-01-29,13.574031007751937,7004.2,516,516,17.43488372093023,-0.03294573643410853,132.61115971207687
2017-01-30,13.176564417177914,10738.9,815,815,16.004539877300616,0.0,131.45166905182273
2017-01-31,6.640962288686605,5106.9,769,769,7.393107932379714,0.0,112.38599206956738
2017-02-01,6.97720207253886,4039.8,579,579,7.984801381692573,0.0,113.36687171638124
2017-02-02,8.489821428571428,4754.3,560,559,15.060357142857141,-0.007142857142857143,117.77948917262185
2017-02-03,8.247047244094489,4189.5,508,508,13.137795275590552,0.0,117.07126763620218
2017-02-04,6.781918819188192,3675.8,542,542,7.931734317343174,0.0,112.79719085833193
2017-02-05,8.35866388308977,4003.8,479,477,10.659916492693112,-0.016701461377870562,117.39687601062448
2017-02-06,9.651093439363818,4854.5,503,502,12.280318091451292,-0.007952286282306162,121.16715516131214
2017-02-07,7.268609865470853,3241.8,446,446,8.370403587443946,0.0,114.21696735270112
2017-02-08,6.203370786516854,3312.6,534,534,6.543632958801498,0.0,111.10944890391505
2017-02-09,5.935866983372922,2499.0,421,421,8.401900237529691,0.0,110.3290860540969
2017-02-10,5.712269938650307,1862.2,326,326,6.108588957055215,0.0,109.67680812391447
2017-02-11,6.869503546099291,1937.2,282,282,7.453900709219858,0.0,113.05269327096909
2017-02-12,4.806141522029373,3599.8,749,749,5.365821094793057,0.0,107.03344774852924
2017-02-13,6.118539325842697,3267.3,534,534,6.392883895131087,0.0,110.86197832731804
2017-02-14,5.181076388888889,2984.3,576,576,5.465972222222223,0.0,108.12720880074596
2017-02-15,4.238823529411764,2522.1,595,595,4.346890756302521,0.0,105.37846609866469
2017-02-16,4.795077720207254,1850.9,386,386,4.95259067357513,0.0,107.00117239461554
2017-02-17,4.2387096774193544,1971.0,465,465,4.586021505376344,0.0,105.37813396931097
2017-02-18,4.697136038186157,1968.1,419,419,4.7906921241050116,0.0,106.71545664328903
2017-02-19,5.80906432748538,1986.7,342,342,6.129532163742691,0.0,109.95917698831937
2017-02-20,8.397935103244839,2846.9,339,339,10.408849557522124,0.0,117.51143812494163
2017-02-21,7.312875536480687,3407.8,466,466,8.765236051502146,0.0,114.34609929315342
2017-02-22,7.1604347826086965,3293.8,460,460,7.6993478260869574,-0.06521739130434782,113.90139869554746
2017-02-23,4.407276507276507,2119.9,481,481,4.581704781704782,0.0,105.8698776013122
2017-02-24,4.800249376558604,1924.9,401,401,5.075062344139651,0.0,107.01625916512567
2017-02-25,5.524444444444445,2486.0,450,450,5.7844444444444445,0.0,109.12888306189909
2017-02-26,5.3948170731707314,1769.5,328,328,5.585060975609756,0.0,108.75073372842152
2017-02-27,4.217282321899736,3196.7,758,758,4.414116094986808,0.0,105.31562602728982
2017-02-28,6.54406580493537,5569.0,851,851,7.226792009400705,0.0,112.1033253735848
2017-03-01,6.25936507936508,3943.4,630,630,7.323492063492064,-0.03968253968253968,111.27279561310962
2017-03-02,7.673814041745731,4044.1,527,527,10.4426944971537,0.0,115.39903011980854
2017-03-03,4.5965384615384615,2390.2,520,520,5.342115384615385,0.0,106.421993108659
2017-03-04,4.843795620437956,1990.8,411,411,6.674695863746959,0.0,107.14329239072165
2017-03-05,7.359186351706036,5607.7,762,762,8.065223097112861,0.0,114.4811973340856
2017-03-06,9.695286624203822,7610.8,785,785,10.221783439490446,0.0,121.29607564490516
2017-03-07,5.839556962025316,1845.3,316,316,9.423417721518987,0.0,110.04813018789405
2017-03-08,6.440416666666667,3091.4,480,480,8.767708333333333,0.0,111.800959814778
2017-03-09,5.847900466562986,3760.2,643,643,6.997822706065319,0.0,110.0724698828889
2017-03-10,7.522480620155038,3881.6,516,516,9.65329457364341,0.0,114.9575598350601
2017-03-11,7.124137931034483,2892.4,406,406,8.895812807881773,0.0,113.79551341765239
2017-03-12,7.494190871369295,1806.1,241,241,10.755186721991702,-0.18672199170124482,114.8750329000273
2017-03-13,7.517407407407408,2029.7,270,270,13.648148148148149,0.0,114.94276024450869
2017-03-14,9.836601307189543,4515.0,459,459,12.708496732026143,0.0,121.70831923710764
2017-03-15,5.380219780219781,2448.0,455,455,8.851868131868132,-0.03956043956043956,108.70815046421012
2017-03-16,4.570221327967807,2271.4,497,497,6.105835010060362,0.0,106.34522069230127
2017-03-17,5.308527131782946,2054.4,387,387,5.928682170542636,0.0,108.49900846776876
2017-03-18,6.92159383033419,2692.5,389,389,9.46401028277635,-0.02313624678663239,113.20465119521404
2017-03-19,4.922978723404256,1156.9,235,235,5.145106382978723,0.0,107.37428556226538
2017-03-20,5.261517615176151,1941.5,369,369,7.520054200542005,0.0,108.36187217319386
2017-03-21,5.771896955503513,2464.6,427,427,7.831615925058548,0.0,109.85075222583322
2017-03-22,8.971372549019607,4575.4,510,510,9.45607843137255,0.0,119.18427146083428
2017-03-23,5.4492700729927,1493.1,274,274,11.5507299270073,0.0,108.90958417324812
2017-03-24,5.442721518987342,1719.9,316,316,8.590822784810126,0.0,108.8904807130141
2017-03-25,4.535069444444444,1306.1,288,288,10.619097222222223,0.0,106.24267551843693
2017-03-26,4.016235294117648,1706.9,425,425,9.091529411764705,0.0,104.7291310701954
2017-03-27,7.103497942386832,3452.3,486,486,9.786213991769547,0.0,113.73530238449325
2017-03-28,6.024316109422492,3964.0,658,658,6.187841945288754,0.0,110.58711009434141
2017-03-29,5.1321083172147,2653.3,517,517,6.399032882011606,0.0,107.98435900379855
2017-03-30,5.525469728601252,2646.7,479,479,5.805010438413361,0.0,109.13187402373617
2017-03-31,6.053362255965292,2790.6,461,461,6.46941431670282,0.0,110.67184359504674
2017-04-01,6.052605459057071,2439.2,403,403,6.7476426799007445,0.0,110.6696358649693
2017-04-02,8.398971193415639,8163.8,972,972,9.091872427983539,0.0,117.51446061011325
2017-04-03,6.154705882352941,5231.5,850,850,6.557764705882353,0.0,110.96748350808461
2017-04-04,6.54920993227991,2901.3,443,443,6.904966139954854,0.0,112.11833183639854
2017-04-05,6.516666666666667,3128.0,480,480,7.012291666666667,0.0,112.02339653006692
2017-04-06,13.135310344827587,9523.1,725,725,17.487448275862068,0.0,131.33132255548307
2017-04-07,16.391727493917276,13474.0,822,822,22.71362530413625,0.0,140.83095185717573
2017-04-08,9.14899193548387,4537.9,496,496,11.252016129032258,-0.014112903225806451,119.70242323652933
2017-04-09,5.457532751091703,4999.1,916,916,5.658842794759825,-0.0054585152838427945,108.93368808112788
2017-04-10,4.836760124610592,4657.8,963,963,4.850259605399793,0.0,107.12276842242962
2017-04-11,4.8795918367346935,2630.1,539,538,5.452690166975882,-0.011131725417439703,107.24771721397174
2017-04-12,4.515157894736841,2144.7,475,471,4.852842105263158,-0.042105263157894736,106.18458948941043
2017-04-13,3.8828970331588133,2224.9,573,565,4.02652705061082,-0.041884816753926704,104.34015631885084
2017-04-14,4.8351694915254235,2282.2,472,471,4.950211864406779,-0.06991525423728813,107.11812822310247
2017-04-15,4.413939393939394,2913.2,660,660,4.527727272727273,0.0,105.88931459309758
2017-04-16,5.755514705882353,3131.0,544,544,5.932720588235294,0.0,109.80296188098372
2017-04-17,5.429842446709917,5858.8,1079,1079,5.551436515291937,0.0,108.85290984700282
2017-04-18,6.012982998454405,3890.4,647,647,6.389799072642967,0.0,110.5540491110267
2017-04-19,5.1684375000000005,1653.9,320,320,5.2109375,0.0,108.09033859839387
2017-04-20,5.060510805500983,2575.8,509,509,5.872102161100196,0.0,107.77549454047448
2017-04-21,4.497544642857143,2014.9,448,448,4.729017857142857,0.0,106.13320806129663
2017-04-22,6.104370179948586,2374.6,389,389,6.738817480719795,0.0,110.8206440549097
2017-04-23,5.121159420289855,1766.8,345,344,5.34608695652174,-0.02318840579710145,107.9524188507756
2017-04-24,6.2444444444444445,4945.6,792,792,6.461111111111111,0.0,111.2292690947913
2017-04-25,5.5605932203389825,2624.6,472,472,5.821186440677966,0.0,109.2343363730033
2017-04-26,5.117353951890035,2978.3,582,582,5.247766323024055,0.0,107.94131752761506
2017-04-27,5.254420600858369,6121.4,1165,1165,5.269957081545065,0.0,108.34116874298788
2017-04-28,4.808258258258259,3202.3,666,666,4.882582582582583,0.0,107.03962269743268
2017-04-29,4.693898305084746,2769.4,590,590,4.8584745762711865,0.0,106.70601151914398
2017-04-30,5.297319034852547,1975.9,373,373,5.297319034852547,0.0,108.46631217575776
2017-05-01,4.451165803108808,3436.3,772,772,4.511269430051813,0.0,105.99791157903393
2017-05-02,3.4327702702702703,3048.3,888,888,3.488288288288288,0.0,103.02704525523683
2017-05-03,4.022770919067216,2932.6,729,729,4.041975308641975,0.0,104.74819681375135
2017-05-04,5.519590643274854,3775.4,684,684,5.640497076023392,0.0,109.11472353942263
2017-05-05,5.7932038834951465,2386.8,412,412,6.705582524271844,0.0,109.9129088563297
2017-05-06,4.380349344978166,2006.2,458,458,4.38471615720524,0.0,105.79132560742767
2017-05-07,4.5070015220700155,2961.1,657,657,4.510806697108067,0.0,106.16079569603755
2017-05-08,4.715889464594127,2730.5,579,579,6.146286701208981,0.0,106.77016419175594
2017-05-09,4.634278350515464,1798.1,388,388,4.718814432989691,0.0,106.53208801933982
2017-05-10,4.42421052631579,2101.5,475,475,4.469894736842105,0.0,105.91927756946615
2017-05-11,5.172027972027972,2958.4,572,572,5.175699300699301,0.0,108.10081273353143
2017-05-12,4.661091549295775,2647.5,568,568,4.716549295774648,-0.0528169014084507,106.6103075585278
2017-05-13,4.236458333333333,2846.9,672,672,4.254464285714286,-0.00744047619047619,105.37156634198665
2017-05-14,3.5567073170731707,2333.2,656,656,3.6176829268292687,0.0,103.38859475810173
2017-05-15,4.446688206785137,2752.5,619,619,4.805977382875606,0.0,105.98484952239619
2017-05-16,4.595277207392197,2237.9,487,487,4.6591375770020536,0.0,106.41831377450241
2017-05-17,5.455426356589148,2815.0,516,516,6.174031007751938,0.0,108.9275433011377
2017-05-18,5.167194570135747,2283.9,442,442,5.431221719457013,0.0,108.0867127198845
2017-05-19,4.768811881188118,1926.6,404,404,4.917079207920792,0.0,106.92454961486834
2017-05-20,4.705431309904153,2945.6,626,626,4.84297124600639,0.0,106.73965563336616
2017-05-21,4.599475065616798,1752.4,381,381,4.599475065616798,0.0,106.43055977836771
2017-05-22,4.8121212121212125,2540.8,528,528,4.8121212121212125,0.0,107.05089171734858
2017-05-23,5.643899018232819,4024.1,713,713,5.646143057503506,0.0,109.47735628182991
2017-05-24,5.635724962630793,3770.3,669,669,5.79252615844544,0.0,109.45351090374855
2017-05-25,6.427148703956345,4711.1,733,733,8.18867667121419,0.0,111.76225447649786
2017-05-26,5.486315789473685,3127.2000000000003,570,570,6.062982456140351,0.0,109.0176540419636
2017-05-27,6.293873312564902,6061.0,963,963,6.359709241952233,0.0,111.3734631284328
2017-05-28,7.643641354071363,8354.5,1093,1093,7.709240622140897,0.0,115.31101027013347
2017-05-29,7.446537842190017,4624.3,621,621,7.699999999999999,0.0,114.73601934875903
2017-05-30,6.76463700234192,2888.5,427,427,6.916393442622951,0.0,112.74677629343344
2017-05-31,6.1250602409638555,2541.9,415,414,6.4313253012048195,-0.033734939759036145,110.88100115932104
2017-06-01,4.702195945945945,2783.7,592,592,4.910641891891892,-0.011824324324324325,106.73021742049234
2017-06-02,5.64022770398482,2972.4,527,526,5.932637571157495,-0.011385199240986717,109.46664631353983
2017-06-03,3.3460043196544276,3098.4,926,926,3.400755939524838,0.0,102.77393137911999
2017-06-04,4.123809523809524,1905.2,462,462,4.123809523809524,0.0,105.04294691678422
2017-06-05,5.119428571428571,3583.6,700,699,5.323714285714286,-0.008571428571428572,107.94736961359048
2017-06-06,6.366766020864382,4272.1,671,671,6.75886736214605,0.0,111.58610594289381
2017-06-07,6.531760435571688,3599.0,551,551,6.753357531760435,0.0,112.06742811533333
2017-06-08,6.158951175406872,3405.9,553,553,7.0050632911392405,0.0,110.97986788896796
2017-06-09,6.713592233009709,4149.0,618,618,6.892071197411004,0.0,112.59786834821459
2017-06-10,5.202517985611511,2892.6,556,556,8.58705035971223,0.0,108.18975828724471
2017-06-11,6.136084905660378,2601.7000000000003,424,424,6.351650943396226,0.0,110.91316234230146
2017-06-12,5.947368421052632,2599.0,437,437,6.4043478260869575,0.0,110.36263808057002
2017-06-13,5.495,2747.5,500,500,5.6528,0.0,109.0429876454305
2017-06-14,6.197652582159624,2640.2,426,426,8.525586854460094,0.0,111.09276774201902
2017-06-15,6.3497560975609755,2603.4,410,410,6.973902439024391,0.0,111.53648454660625
2017-06-16,5.955676516329705,3829.5,643,643,6.984136858475894,0.0,110.38687447956988
2017-06-17,4.609192546583851,3710.4,805,805,4.801863354037267,0.0,106.45890764128173
2017-06-18,5.304986149584487,1915.1,361,361,5.343767313019391,0.0,108.48867870450158
2017-06-19,5.291329479768786,1830.8,346,346,5.528323699421965,0.0,108.44883942875614
2017-06-20,5.396918767507003,1926.7,357,357,5.557142857142858,0.0,108.75686479707335
2017-06-21,5.5630975143403445,2909.5,523,523,6.607074569789675,-0.0076481835564053535,109.24164190653485
2017-06-22,5.741313868613139,3932.8,685,685,6.703503649635036,0.0,109.76153515840645
2017-06-23,4.183617300131061,3192.1,763,763,4.228309305373525,0.0,105.21741833073436
2017-06-24,4.407380073800739,2388.8,542,542,4.4511070110701105,0.0,105.87017972586911
2017-06-25,6.101076555023924,5100.5,836,836,6.436244019138756,0.0,110.81103588298006
2017-06-26,6.257068741893645,4824.2,771,771,6.28715953307393,0.0,111.26609673095433
2017-06-27,5.366666666666666,3300.5,615,615,5.4923577235772365,0.0,108.66861328308627
2017-06-28,5.480900900900901,3041.9,555,555,5.977297297297297,0.0,109.00185771373035
2017-06-29,5.641036717062636,2611.8,463,463,6.348380129589633,0.0,109.46900636877466
2017-06-30,7.435284810126583,4699.1,632,632,8.972626582278481,0.0,114.70319197185108
2017-07-01,5.978322440087147,5488.1,918,918,6.800762527233116,-0.032679738562091505,110.45293723229499
2017-07-02,6.137909836065574,2995.3,488,488,8.639344262295081,0.0,110.9184860344321
2017-07-03,5.014197530864197,3249.2,648,641,5.461265432098766,-0.043209876543209874,107.6403893249403
2017-07-04,5.11151631477927,2663.1,521,521,5.501727447216891,0.0,107.9242879561532
2017-07-05,5.462850467289719,2338.1,428,428,5.586682242990654,0.0,108.9492009378351
2017-07-06,5.307558139534883,2738.7,516,516,6.281782945736435,0.0,108.49618172084679
2017-07-07,5.647665369649806,2902.9,514,514,5.976459143968872,0.0,109.48834349281769
2017-07-08,8.432521908471276,8660.2,1027,1027,8.49552093476144,0.0,117.61233485080271
2017-07-09,5.843550624133148,4213.2,721,720,6.005270457697643,-0.026352288488210817,110.05978051027095
2017-07-10,6.096811594202898,6310.2,1035,1034,6.16,-0.002898550724637681,110.79859412723101
2017-07-11,7.213184772516249,15537.2,2154,2154,7.305756731662024,0.0,114.05528111504333
2017-07-12,6.385364041604755,8594.7,1346,1346,6.681649331352155,0.0,111.64036014150841
2017-07-13,6.428178243774574,4904.7,763,763,7.812844036697247,-0.00655307994757536,111.76525785296246
2017-07-14,6.697605633802818,4755.3,710,710,9.71943661971831,-0.056338028169014086,112.5512321958707
2017-07-15,4.607650273224044,3372.8,732,732,4.872677595628415,0.0,106.45440851708196
2017-07-16,8.422435897435896,9197.3,1092,1092,9.236446886446886,0.0,117.58291191093284
2017-07-17,6.172560275545351,5376.3,871,871,6.693915040183698,0.0,111.01956839431669
2017-07-18,5.529147286821706,3566.3,645,645,6.081705426356589,0.0,109.14260220696032
2017-07-19,5.061482558139535,3482.3,688,688,5.77514534883721,0.0,107.77832934001538
2017-07-20,7.634931506849315,5573.5,730,730,8.656301369863014,0.0,115.28560187922538
2017-07-21,6.128191489361702,3456.3,564,564,6.733156028368795,0.0,110.89013564598821
2017-07-22,6.37964989059081,2915.5,457,457,6.82472647702407,0.0,111.62369080403684
2017-07-23,5.047904191616767,1686.0,334,334,5.165868263473054,0.0,107.73871849085717
2017-07-24,5.377310924369748,3199.5,595,595,5.925546218487395,-0.0067226890756302525,108.69966474171136
2017-07-25,5.7564315352697095,2774.6,482,482,6.164522821576764,0.0,109.80563645826115
2017-07-26,5.776332622601279,2709.1,469,469,5.884861407249467,0.0,109.86369196641476
2017-07-27,5.6869565217391305,2616.0,460,460,6.05608695652174,0.0,109.60296375262972
2017-07-28,5.454188948306595,3059.8,561,561,6.149197860962566,0.0,108.92393353020206
2017-07-29,5.222126436781609,1817.3,348,348,5.649712643678161,0.0,108.24696011636183
2017-07-30,7.3358,3667.9,500,500,8.3436,0.0,114.4129746028583
2017-07-31,7.140398550724638,3941.5,552,552,8.48623188405797,0.0,113.84294894332375
2017-08-01,5.241687979539642,4099.0,782,782,5.770716112531969,0.0,108.30402510412682
2017-08-02,6.271503267973856,4797.7,765,765,6.706928104575163,0.0,111.30820517119085
2017-08-03,5.183197389885808,3177.3,613,613,5.475040783034258,0.0,108.13339619084273
2017-08-04,4.7911985018726595,2558.5,534,534,4.944943820224719,0.0,106.98985592793704
2017-08-05,4.425,2265.6,512,512,4.4515625,0.0,105.92158062432677
2017-08-06,4.743859649122807,1892.8,399,399,4.954636591478697,0.0,106.85175889303574
2017-08-07,5.184895104895105,3707.2000000000003,715,715,5.310489510489511,-0.004195804195804196,108.1383487698613
2017-08-08,5.967935871743487,2978.0,499,499,7.207414829659319,0.0,110.42263750579679
2017-08-09,4.845866141732283,2461.7,508,508,5.573228346456693,0.0,107.1493325212875
2017-08-10,6.941680672268908,4130.3,595,595,7.101008403361345,-0.05378151260504202,113.26324858722043
2017-08-11,6.176895306859206,3422.0,554,554,6.772202166064982,0.0,111.03221455990527
2017-08-12,4.891630901287554,2279.5,466,466,5.171459227467811,0.0,107.28283760707717
2017-08-13,7.365506807866869,4868.6,661,660,10.12980332829047,-0.006051437216338881,114.49963538664355
2017-08-14,6.633862433862434,3761.4,567,567,11.170194003527337,0.0,112.36528035302814
2017-08-15,5.316574585635359,3849.2,724,724,6.289226519337016,0.0,108.5224845228687
2017-08-16,4.810728346456693,4887.7,1016,1016,5.906003937007874,-0.004921259842519685,107.04682844569935
2017-08-17,5.511627906976744,3792.0,688,688,7.005668604651162,0.0,109.09149462261131
2017-08-18,6.519410319410319,2653.4,407,407,8.126535626535626,0.0,112.0314003215973
2017-08-19,6.072924901185771,3072.9,506,506,6.31501976284585,0.0,110.72891179891829
2017-08-20,5.899709302325581,2029.5,344,344,9.16046511627907,0.0,110.22360676485579
2017-08-21,4.7997987927565395,2385.5,497,497,5.250503018108652,-0.008048289738430584,107.01494472078608
2017-08-22,6.592639593908629,2597.5,394,394,6.837055837563452,0.0,112.2450249679238
2017-08-23,7.412694300518135,2861.3,386,386,8.031347150259068,0.0,114.63729087343788
2017-08-24,6.331761006289308,2013.5,318,318,6.604088050314465,0.0,111.48398921554009
2017-08-25,10.264418604651162,4413.7,430,430,11.154651162790698,0.0,122.95634906518832
2017-08-26,5.209725685785536,4178.2,802,802,5.361471321695761,0.0,108.21078461054304
2017-08-27,5.810752688172043,3242.4,558,558,6.467025089605735,0.0,109.96410227888151
2017-08-28,6.5760919540229885,2860.6,435,435,7.352183908045976,0.0,112.19675214612779
2017-08-29,0.0,0.0,0,0,0.0,0.0,93.01295813050996
2017-08-30,5.224615384615385,679.2,130,130,5.463846153846154,0.0,108.25422088200996
2017-08-31,6.333858267716535,1608.8,254,254,7.97755905511811,-0.015748031496062992,111.49010735249713
2017-09-01,8.644387755102041,3388.6,392,392,12.139030612244898,0.0,118.23039049678901
2017-09-02,5.756989247311828,2677.0,465,465,7.107956989247311,0.0,109.8072634174051
2017-09-03,7.082967032967033,1289.1,182,182,7.831318681318681,0.0,113.67540955756559
2017-09-04,5.276988636363637,1857.5,352,352,10.003693181818182,0.0,108.40700427988382
2017-09-05,5.026506024096386,2086.0,415,415,6.859759036144578,0.0,107.67629569614981
2017-09-06,5.913924050632912,2336.0,395,395,9.454936708860759,0.0,110.26507406875272
2017-09-07,5.538133333333334,2076.8,375,375,6.6464,-0.042666666666666665,109.1688163272158
2017-09-08,6.338016528925619,3067.6,484,484,6.644214876033058,0.0,111.50223784383697
2017-09-09,5.107049180327869,3115.3,610,610,5.452786885245901,0.0,107.91125641891878
2017-09-10,4.82531914893617,2267.9,470,470,5.138085106382979,0.0,107.08939277588904
2017-09-11,5.412,2841.3,525,525,5.935428571428571,0.0,108.8008598110832
2017-09-12,6.181235697940503,2701.2,437,437,7.364302059496567,0.0,111.04487636102255
2017-09-13,4.447955390334572,2393.0,538,538,5.238475836431227,-0.07434944237918216,105.98854615382444
2017-09-14,5.830222222222222,2623.6,450,450,6.242,0.0,110.02089885858418
2017-09-15,5.646179401993355,1699.5,301,301,6.467441860465116,-0.013289036544850499,109.48400862377473
2017-09-16,6.145633187772925,2814.7,458,458,6.349344978165939,0.0,110.94101661783938
2017-09-17,5.909063444108762,1955.9,331,331,7.1954682779456185,0.0,110.25089469367674
2017-09-18,6.871596244131456,2927.3,426,426,8.408215962441314,0.0,113.05879809557717
2017-09-19,5.687533156498673,2144.2,377,377,6.06710875331565,-0.11936339522546419,109.60464591317836
2017-09-20,5.34,2296.2,430,430,8.256511627906978,0.0,108.59082120779398
2017-09-21,4.25542570951586,2549.0,599,599,4.712520868113523,0.0,105.42689802533997
2017-09-22,4.3339590443686005,2539.7,586,586,4.645733788395905,-0.008532423208191127,105.65599569150822
2017-09-23,6.088729016786571,2539.0,417,417,6.486091127098321,0.0,110.77501560957126
2017-09-24,3.6468749999999996,1517.1,416,416,3.804326923076923,0.0,103.65163217732085
2017-09-25,4.406549118387909,1749.4,397,397,4.427455919395466,0.0,105.86775566039263
2017-09-26,4.305541561712846,1709.3,397,397,4.4239294710327455,0.0,105.57309613086919
2017-09-27,4.609738717339668,1940.7,421,421,4.6482185273159145,0.0,106.46050093215268
2017-09-28,4.653846153846154,1633.5,351,351,4.653846153846154,0.0,106.58917127046506
2017-09-29,4.6066666666666665,1727.5,375,375,4.957333333333334,0.0,106.4515391372556
2017-09-30,4.816129032258065,2239.5,465,465,4.839354838709678,0.0,107.06258334156773
2017-10-01,5.22655601659751,1259.6,241,241,5.4344398340248965,0.0,108.25988209910751
2017-10-02,4.310526315789474,1719.9,399,399,4.43734335839599,0.0,105.5876376695358
2017-10-03,6.589428263214671,6108.400000000001,927,927,7.1567421790722765,0.0,112.23565686495633
2017-10-04,4.822888283378747,1770.0,367,367,5.029155313351499,0.0,107.08230144802147
2017-10-05,4.979495268138801,1578.5,317,317,5.153312302839116,0.0,107.53915578613729
2017-10-06,5.399317406143345,1582.0,293,293,6.412969283276451,0.0,108.76386211247575
2017-10-07,4.595348837209302,1383.2,301,301,4.878737541528239,0.0,106.41852273320711
2017-10-08,5.602793296089385,2005.8,358,358,6.923743016759776,0.0,109.35744255313267
2017-10-09,5.0241197183098585,2853.7,568,568,5.339260563380281,0.0,107.66933435817171
2017-10-10,4.20427807486631,1572.4,374,374,4.306951871657754,0.0,105.27769000112693
2017-10-11,4.4993506493506485,2078.7,462,462,4.4993506493506485,0.0,106.13847654853868
2017-10-12,5.023655913978494,1401.6,279,279,5.195340501792114,0.0,107.66798134686671
2017-10-13,5.33841642228739,1820.4,341,341,6.020527859237537,0.0,108.58620159041958
2017-10-14,4.547388059701492,2437.4,536,536,4.621641791044776,0.0,106.27861141764593
2017-10-15,4.377121771217713,1186.2,271,271,4.478228782287823,0.0,105.78191012014075
2017-10-16,4.413175675675675,1306.3,296,296,4.415202702702703,0.0,105.88708667202232
2017-10-17,5.2514792899408285,1775.0,338,338,5.4985207100591715,0.0,108.33258834247455
2017-10-18,4.209383378016086,1570.1,373,373,4.7479892761394105,0.0,105.29258320589008
2017-10-19,4.70354609929078,1326.4,282,282,4.983687943262412,0.0,106.734156091642
2017-10-20,4.568928571428572,1279.3,280,280,4.998571428571429,0.0,106.34144945927497
2017-10-21,4.660404624277457,1612.5,346,346,4.930635838150289,0.0,106.60830365892484
2017-10-22,4.2197183098591555,1198.4,284,284,4.286267605633802,0.0,105.32273229824297
2017-10-23,5.54421768707483,1630.0,294,294,6.021428571428571,0.0,109.18656562112943
2017-10-24,4.132116788321167,1698.3,411,411,4.2569343065693435,0.0,105.06718089227283
2017-10-25,5.362994350282486,1898.5,354,354,5.955084745762711,0.0,108.65790039136171
2017-10-26,4.781518151815181,1448.8,303,303,4.781518151815181,0.0,106.96161638341727
2017-10-27,4.314324324324324,1596.3,370,370,4.314324324324324,0.0,105.59871723075719
2017-10-28,5.364525139664805,1920.5,358,358,5.451117318435754,0.0,108.66236601446992
2017-10-29,4.916377649325626,2551.6,519,519,5.347206165703276,0.0,107.35502889032533
2017-10-30,5.997872340425532,2819.0,470,470,6.683191489361702,0.0,110.50996825676052
2017-10-31,6.79823677581864,2698.9,397,397,7.167002518891688,0.0,112.84479364748739
2017-11-01,6.32421875,1619.0,256,256,6.59296875,0.0,111.46198692419765
2017-11-02,4.816331658291458,1916.9,398,398,5.093969849246231,0.0,107.06317444280445
2017-11-03,4.902941176470589,2000.4,408,408,5.369607843137255,0.0,107.31583197377525
2017-11-04,5.023794212218649,1562.4,311,311,6.587138263665595,0.0,107.66838479088338
2017-11-05,7.703237410071942,2141.5,278,278,10.870143884892087,0.0,115.48486405296552
2017-11-06,6.422610722610723,2755.3,429,429,12.179487179487179,0.0,111.7490162645036
2017-11-07,4.476218323586745,2296.3,513,513,4.941520467836257,0.0,106.07099486250698
2017-11-08,5.2684931506849315,1538.4,292,292,5.739041095890411,0.0,108.38222122507523
2017-11-09,4.977241379310345,1443.4,290,290,4.988275862068965,0.0,107.53258073528315
2017-11-10,4.193355481727575,1262.2,301,301,4.251162790697674,0.0,105.24582658158309
2017-11-11,4.666535433070866,1185.3,254,254,5.498425196850393,0.0,106.62618847164708
2017-11-12,5.700420168067227,1356.7,238,238,5.889915966386554,0.0,109.64223993971213
2017-11-13,5.788679245283019,2454.4,424,424,7.172877358490567,0.0,109.89970956896214
2017-11-14,5.3742346938775505,2106.7,392,392,5.561224489795919,0.0,108.6906907534339
2017-11-15,5.604448742746615,2897.5,517,517,6.106963249516442,-0.015473887814313346,109.36227182679522
2017-11-16,5.187533156498674,1955.7,377,377,5.187533156498674,0.0,108.14604450144765
2017-11-17,4.607823960880196,1884.6,409,409,4.840586797066014,-0.009779951100244499,106.45491519920287
2017-11-18,6.079454926624738,2899.9,477,477,6.775471698113208,0.0,110.74796120756612
2017-11-19,4.9064516129032265,1673.1000000000001,341,341,5.340762463343109,-0.01466275659824047,107.32607262884812
2017-11-20,4.139385474860336,1481.9,358,358,4.154748603351956,0.0,105.08838512516775
2017-11-21,3.981510416666667,1528.9,384,384,4.115885416666667,-0.0625,104.62783155965104
2017-11-22,4.112809917355372,995.3,242,242,4.149173553719009,0.0,105.01085883377921
2017-11-23,4.348167539267016,830.5,191,191,4.348167539267016,0.0,105.69744475294301
2017-11-24,4.168292682926829,2563.5,615,615,4.230406504065041,0.0,105.1727133141577
2017-11-25,5.995593220338983,1768.7,295,295,6.562033898305085,0.0,110.50331960120903
2017-11-26,4.3598639455782315,1281.8,294,294,5.254421768707483,0.0,105.73156554245845
2017-11-27,5.628615384615385,1829.3,325,325,7.728,0.0,109.43277082268838
2017-11-28,4.275686274509804,1090.3,255,255,4.275686274509804,0.0,105.48600220274523
2017-11-29,4.394333333333333,1318.3,300,300,4.625666666666667,0.0,105.83211973774061
2017-11-30,4.256392694063927,1864.3,438,438,4.413470319634703,0.0,105.42971891539383
2017-12-01,5.004428044280443,1356.2,271,271,7.150184501845018,0.0,107.61188975109441
2017-12-02,5.248214285714286,1469.5,280,280,6.416428571428572,0.0,108.32306366292627
2017-12-03,4.887029288702929,1168.0,239,239,5.092468619246861,0.0,107.26941376985283
2017-12-04,5.3133333333333335,1992.5,375,375,5.981066666666667,0.0,108.51302913250167
2017-12-05,5.619308357348704,1949.9,347,347,5.92478386167147,0.0,109.40562033646799
2017-12-06,5.490942028985507,1515.5,276,276,6.13768115942029,0.0,109.03114972092949
2017-12-07,8.197405660377358,3475.7,424,424,8.757783018867926,0.0,116.92645306802146
2017-12-08,13.954779411764706,11387.1,816,816,14.13823529411765,-0.004901960784313725,133.72188003129133
2017-12-09,9.31662817551963,4034.1,433,433,9.569284064665126,0.0,120.1914521492761
2017-12-10,5.965413533834586,3173.6,532,532,6.15921052631579,0.0,110.41527933452721
2017-12-11,6.299547511312218,4176.6,663,663,6.797285067873304,0.0,111.39001591703936
2017-12-12,11.731141868512111,6780.6,578,578,16.428373702422146,-0.006920415224913495,127.23507831176005
2017-12-13,8.981971153846153,3736.5,416,416,10.664903846153846,0.0,119.21518974075904
2017-12-14,8.0559375,2577.9,320,320,10.227500000000001,-0.128125,116.51376175113874
2017-12-15,6.880902777777778,1981.7,288,288,7.539930555555555,-0.013888888888888888,113.08594714180687
2017-12-16,6.768012422360249,2179.3,322,322,9.053105590062112,-0.012422360248447204,112.75662307824129
2017-12-17,6.537458193979933,1954.7,299,299,6.961872909698997,0.0,112.08404963224926
2017-12-18,6.292170818505338,1768.1,281,281,6.497153024911032,0.0,111.36849660795532
2017-12-19,7.133783783783784,3167.4,444,444,7.934009009009009,0.0,113.82365232652735
2017-12-20,6.623353293413173,2212.2,334,334,8.615568862275449,0.0,112.3346230588374
2017-12-21,5.751147540983606,1754.1,305,305,10.061639344262296,0.0,109.79022197521057
2017-12-22,4.807380073800738,1302.8,271,271,10.542066420664208,0.0,107.03706085525367
2017-12-23,5.048562300319489,1580.2,313,313,5.44888178913738,0.0,107.74063832742289
2017-12-24,5.421122994652406,2027.5,374,374,5.910962566844921,0.0,108.82747343684161
2017-12-25,4.552525252525252,1352.1,297,297,4.834343434343435,0.0,106.29359765105607
2017-12-26,4.3882825040128415,2733.9,623,623,4.552006420545746,0.0,105.81446824136259
2017-12-27,4.314572864321608,1717.2,398,398,4.538944723618091,0.0,105.599442272339
2017-12-28,5.204938271604939,1686.4,324,324,5.514197530864197,0.0,108.19681875237832
2017-12-29,4.8437735849056605,1283.6,265,265,5.090566037735849,0.0,107.14322810860463
2017-12-30,5.576639344262295,1360.7,244,244,5.805737704918032,0.0,109.28114617101801
2017-12-31,4.25503512880562,3633.7999999999997,854,854,4.295081967213115,0.0,105.42575862218926
2018-01-01,4.798901098901099,2620.2,546,546,5.506227106227106,0.0,107.01232596573638
2018-01-02,4.84079254079254,2076.7,429,429,5.370862470862471,-0.006993006993006993,107.13453179830097
2018-01-03,7.194456762749446,3244.7,451,451,8.239467849223947,0.0,114.0006477120738
2018-01-04,5.895869565217391,2712.1,460,460,6.061521739130435,0.0,110.21240547292243
2018-01-05,9.559006211180124,3078.0,322,322,10.498757763975155,0.0,120.89851803924992
2018-01-06,10.031724969843184,8316.3,829,829,11.666948130277442,0.0,122.27753453672499
2018-01-07,7.541772151898734,3574.8,474,474,8.226582278481013,0.0,115.0138371459317
2018-01-08,5.526834381551363,2636.3,477,477,6.937735849056605,-0.008385744234800839,109.13585499317529
2018-01-09,5.596145610278373,2613.4,467,467,6.906423982869379,0.0,109.3380499053153
2018-01-10,5.535087719298246,1893.0,342,342,5.661111111111111,0.0,109.15993165335347
2018-01-11,7.372586206896552,4276.1,580,580,7.5439655172413795,0.0,114.52028742948136
2018-01-12,4.718354430379747,1491.0,316,316,4.728164556962025,0.0,106.77735499690549
2018-01-13,5.2222591362126245,1571.9,301,301,6.284717607973422,0.0,108.24734722751666
2018-01-14,4.774793388429752,1155.5,242,242,6.5111570247933885,0.0,106.94199888468218
2018-01-15,4.771848739495798,2271.4,476,476,4.936134453781513,0.0,106.93340874649795
2018-01-16,4.428211009174312,1930.7,436,436,4.4550458715596335,0.0,105.93094778935624
2018-01-17,5.440235294117647,2312.1,425,425,6.3272941176470585,0.0,108.88322789080446
2018-01-18,8.638461538461538,3818.2,442,442,9.935746606334842,0.0,118.2131025208729
2018-01-19,5.381203007518797,2862.8,532,532,12.728571428571428,0.0,108.71101873766291
2018-01-20,5.723665480427046,3216.7,562,562,6.546085409252669,0.0,109.71005123056044
2018-01-21,6.133405172413793,2845.9,464,464,7.675646551724138,0.0,110.9053450169084
2018-01-22,4.975510204081632,2438.0,490,490,5.116122448979592,0.0,107.52753054601803
2018-01-23,5.023848238482385,1853.8,369,369,5.1032520325203246,0.0,107.66854239645248
2018-01-24,6.803830645161291,3374.7000000000003,496,496,7.183870967741936,0.0,112.86111209892786
2018-01-25,6.315035799522673,2646.0,419,419,6.79618138424821,0.0,111.43519839513749
2018-01-26,5.074576271186441,2395.2000000000003,472,472,5.473093220338983,0.0,107.8165263566854
2018-01-27,5.103687635574838,2352.8,461,461,5.273752711496746,0.0,107.90145011107404
2018-01-28,5.417745302713987,2595.1,479,479,5.422546972860125,0.0,108.81762002438208
2018-01-29,4.791282051282051,1868.6000000000001,390,390,4.996923076923077,0.0,106.99009965851002
2018-01-30,4.801960784313725,1714.3,357,357,5.341176470588235,0.0,107.02125168866101
2018-01-31,9.829322033898306,5799.3,590,590,11.447457627118643,0.0,121.68708412050971
2018-02-01,6.769938650306749,2207.0,326,326,8.065030674846625,0.0,112.76224227584544
2018-02-02,9.296894409937888,4490.4,483,483,10.82360248447205,0.0,120.13388475260352
2018-02-03,5.65480572597137,2765.2,489,489,5.991411042944786,-0.006134969325153374,109.50917336043948
2018-02-04,4.302083333333333,1445.5,336,336,4.375297619047619,0.0,105.5630077772763
2018-02-05,3.728702290076336,2442.3,655,655,3.7598473282442746,0.0,103.89033897896773
2018-02-06,4.167155963302752,2271.1,545,545,4.312110091743119,-0.027522935779816515,105.16939727246087
2018-02-07,5.095045045045045,2262.2,444,444,5.489189189189188,-0.02027027027027027,107.87623792157851
2018-02-08,4.102341920374707,1751.7,427,427,4.268852459016394,0.0,104.98032156343122
2018-02-09,4.701923076923077,1956.0,416,416,5.013461538461538,0.0,106.72942140620839
2018-02-10,3.326081424936387,2614.3,786,786,3.4071246819338423,0.0,102.715812254397
2018-02-11,3.744268292682927,3070.3,820,820,3.9140243902439025,0.0,103.93574816572169
2018-02-12,4.904244817374137,4968.0,1013,1013,5.264461994076998,0.0,107.31963495869985
2018-02-13,4.712298136645963,3793.4,805,805,5.235527950310559,-0.02360248447204969,106.75968755972558
2018-02-14,6.163520408163265,2416.1,392,392,7.377295918367347,0.0,110.99319726766596
2018-02-15,5.944927536231884,2461.2,414,414,7.035748792270532,-0.021739130434782608,110.35551752447918
2018-02-16,7.167765567765567,3913.6,546,546,8.106043956043955,-0.02197802197802198,113.92278408270526
2018-02-17,5.3234159779614325,1932.4,363,363,6.5044077134986225,0.0,108.54244225187873
2018-02-18,5.822500000000001,1397.4,240,240,6.434583333333333,0.0,109.99837157011412
2018-02-19,4.47891156462585,1316.8,294,294,4.635034013605442,0.0,106.07885159287052
2018-02-20,4.690464547677262,1918.4,409,409,5.327872860635696,0.0,106.69599455233978
2018-02-21,5.064285714285714,1276.2,252,252,5.656349206349207,0.0,107.78650671503961
2018-02-22,5.194155844155844,1599.8,308,308,5.553571428571429,0.0,108.16536422458006
2018-02-23,4.999376947040498,1604.8,321,321,5.218068535825545,0.0,107.59715467596446
2018-02-24,6.807272727272728,2620.8,385,385,7.690649350649351,0.0,112.87115335058192
2018-02-25,4.475595238095238,1503.8,336,336,4.938988095238095,-0.05952380952380952,106.0691771957519
2018-02-26,4.316498316498317,1282.0,297,297,4.328282828282828,0.0,105.60505920686533
2018-02-27,4.851535836177474,1421.5,293,293,5.018430034129693,0.0,107.16587216993118
2018-02-28,4.732982456140351,1348.9,285,285,4.849824561403509,0.0,106.82002791495599
2018-03-01,0.0,0.0,0,0,0.0,0.0,93.01295813050996
2018-03-02,0.0,0.0,0,0,0.0,0.0,93.01295813050996
2018-03-03,0.0,0.0,0,0,0.0,0.0,93.01295813050996
2018-03-04,0.0,0.0,0,0,0.0,0.0,93.01295813050996
2018-03-05,0.0,0.0,0,0,0.0,0.0,93.01295813050996
2018-03-06,0.0,0.0,0,0,0.0,0.0,93.01295813050996
2018-03-07,0.0,0.0,0,0,0.0,0.0,93.01295813050996
2018-03-08,0.0,0.0,0,0,0.0,0.0,93.01295813050996
2018-03-09,0.0,0.0,0,0,0.0,0.0,93.01295813050996
2018-03-10,0.0,0.0,0,0,0.0,0.0,93.01295813050996
2018-03-11,0.0,0.0,0,0,0.0,0.0,93.01295813050996
2018-03-12,0.0,0.0,0,0,0.0,0.0,93.01295813050996
2018-03-13,0.0,0.0,0,0,0.0,0.0,93.01295813050996
2018-03-14,0.0,0.0,0,0,0.0,0.0,93.01295813050996
2018-03-15,0.0,0.0,0,0,0.0,0.0,93.01295813050996
2018-03-16,0.0,0.0,0,0,0.0,0.0,93.01295813050996
2018-03-17,6.5375,209.2,32,32,6.5375,0.0,112.08417158888903
2018-03-18,5.65,101.7,18,18,5.65,0.0,109.49515408306702
2018-03-19,6.365217391304348,146.4,23,23,6.365217391304348,0.0,111.58158827636878
2018-03-20,6.056,151.4,25,25,6.056,0.0,110.67953842939235
2018-03-21,9.053846153846154,235.4,26,26,9.053846153846154,0.0,119.42486369369533
2018-03-22,9.854545454545454,325.2,33,33,9.854545454545454,0.0,121.76066595443892
2018-03-23,7.288235294117648,123.9,17,17,7.288235294117648,0.0,114.27421870856118
2018-03-24,7.41875,118.7,16,16,7.41875,0.0,114.65495657706441
2018-03-25,9.430769230769231,122.6,13,13,9.430769230769231,0.0,120.5244247579231
2018-03-26,7.477777777777778,201.9,27,27,7.477777777777778,0.0,114.8271525770604
2018-03-27,5.660869565217391,130.2,23,23,5.673913043478261,0.0,109.52686280940898
2018-03-28,4.781081081081081,176.9,37,37,4.781081081081081,0.0,106.96034135943769
2018-03-29,0.0,0.0,0,0,0.0,0.0,93.01295813050996
2018-03-30,0.0,0.0,0,0,0.0,0.0,93.01295813050996
2018-03-31,0.0,0.0,0,0,0.0,0.0,93.01295813050996
2018-04-01,0.0,0.0,0,0,0.0,0.0,93.01295813050996
2018-04-02,0.0,0.0,0,0,0.0,0.0,93.01295813050996
2018-04-03,0.0,0.0,0,0,0.0,0.0,93.01295813050996
2018-04-04,0.0,0.0,0,0,0.0,0.0,93.01295813050996
2018-04-05,0.0,0.0,0,0,0.0,0.0,93.01295813050996
2018-04-06,0.0,0.0,0,0,0.0,0.0,93.01295813050996
2018-04-07,0.0,0.0,0,0,0.0,0.0,93.01295813050996
2018-04-08,0.0,0.0,0,0,0.0,0.0,93.01295813050996
2018-04-09,0.0,0.0,0,0,0.0,0.0,93.01295813050996
2018-04-10,0.0,0.0,0,0,0.0,0.0,93.01295813050996
2018-04-11,0.0,0.0,0,0,0.0,0.0,93.01295813050996
2018-04-12,0.0,0.0,0,0,0.0,0.0,93.01295813050996
2018-04-13,0.0,0.0,0,0,0.0,0.0,93.01295813050996
2018-04-14,0.0,0.0,0,0,0.0,0.0,93.01295813050996
2018-04-15,0.0,0.0,0,0,0.0,0.0,93.01295813050996
2018-04-16,0.0,0.0,0,0,0.0,0.0,93.01295813050996
2018-04-17,0.0,0.0,0,0,0.0,0.0,93.01295813050996
2018-04-18,0.0,0.0,0,0,0.0,0.0,93.01295813050996
2018-04-19,0.0,0.0,0,0,0.0,0.0,93.01295813050996
2018-04-20,0.0,0.0,0,0,0.0,0.0,93.01295813050996
2018-04-21,0.0,0.0,0,0,0.0,0.0,93.01295813050996
2018-04-22,0.0,0.0,0,0,0.0,0.0,93.01295813050996
2018-04-23,0.0,0.0,0,0,0.0,0.0,93.01295813050996
2018-04-24,0.0,0.0,0,0,0.0,0.0,93.01295813050996
2018-04-25,0.0,0.0,0,0,0.0,0.0,93.01295813050996
2018-04-26,0.0,0.0,0,0,0.0,0.0,93.01295813050996
2018-04-27,0.0,0.0,0,0,0.0,0.0,93.01295813050996
2018-04-28,0.0,0.0,0,0,0.0,0.0,93.01295813050996
2018-04-29,0.0,0.0,0,0,0.0,0.0,93.01295813050996
2018-04-30,0.0,0.0,0,0,0.0,0.0,93.01295813050996
2018-05-01,0.0,0.0,0,0,0.0,0.0,93.01295813050996
2018-05-02,0.0,0.0,0,0,0.0,0.0,93.01295813050996
2018-05-03,0.0,0.0,0,0,0.0,0.0,93.01295813050996
2018-05-04,0.0,0.0,0,0,0.0,0.0,93.01295813050996
2018-05-05,0.0,0.0,0,0,0.0,0.0,93.01295813050996
2018-05-06,0.0,0.0,0,0,0.0,0.0,93.01295813050996
2018-05-07,0.0,0.0,0,0,0.0,0.0,93.01295813050996
2018-05-08,0.0,0.0,0,0,0.0,0.0,93.01295813050996
2018-05-09,0.0,0.0,0,0,0.0,0.0,93.01295813050996
2018-05-10,0.0,0.0,0,0,0.0,0.0,93.01295813050996
2018-05-11,0.0,0.0,0,0,0.0,0.0,93.01295813050996
2018-05-12,0.0,0.0,0,0,0.0,0.0,93.01295813050996
2018-05-13,0.0,0.0,0,0,0.0,0.0,93.01295813050996
2018-05-14,0.0,0.0,0,0,0.0,0.0,93.01295813050996
2018-05-15,0.0,0.0,0,0,0.0,0.0,93.01295813050996
2018-05-16,0.0,0.0,0,0,0.0,0.0,93.01295813050996
2018-05-17,0.0,0.0,0,0,0.0,0.0,93.01295813050996
2018-05-18,0.0,0.0,0,0,0.0,0.0,93.01295813050996
2018-05-19,0.0,0.0,0,0,0.0,0.0,93.01295813050996
2018-05-20,0.0,0.0,0,0,0.0,0.0,93.01295813050996
2018-05-21,0.0,0.0,0,0,0.0,0.0,93.01295813050996
2018-05-22,0.0,0.0,0,0,0.0,0.0,93.01295813050996
2018-05-23,0.0,0.0,0,0,0.0,0.0,93.01295813050996
2018-05-24,0.0,0.0,0,0,0.0,0.0,93.01295813050996
2018-05-25,0.0,0.0,0,0,0.0,0.0,93.01295813050996
2018-05-26,0.0,0.0,0,0,0.0,0.0,93.01295813050996
2018-05-27,0.0,0.0,0,0,0.0,0.0,93.01295813050996
2018-05-28,0.0,0.0,0,0,0.0,0.0,93.01295813050996
2018-05-29,0.0,0.0,0,0,0.0,0.0,93.01295813050996
2018-05-30,0.0,0.0,0,0,0.0,0.0,93.01295813050996
2018-05-31,0.0,0.0,0,0,0.0,0.0,93.01295813050996
2018-06-01,0.0,0.0,0,0,0.0,0.0,93.01295813050996
2018-06-02,0.0,0.0,0,0,0.0,0.0,93.01295813050996
2018-06-03,0.0,0.0,0,0,0.0,0.0,93.01295813050996
2018-06-04,0.0,0.0,0,0,0.0,0.0,93.01295813050996
2018-06-05,0.0,0.0,0,0,0.0,0.0,93.01295813050996
2018-06-06,0.0,0.0,0,0,0.0,0.0,93.01295813050996
2018-06-07,0.0,0.0,0,0,0.0,0.0,93.01295813050996
2018-06-08,0.0,0.0,0,0,0.0,0.0,93.01295813050996
2018-06-09,0.0,0.0,0,0,0.0,0.0,93.01295813050996
2018-06-10,0.0,0.0,0,0,0.0,0.0,93.01295813050996
2018-06-11,0.0,0.0,0,0,0.0,0.0,93.01295813050996
2018-06-12,0.0,0.0,0,0,0.0,0.0,93.01295813050996
2018-06-13,0.0,0.0,0,0,0.0,0.0,93.01295813050996
2018-06-14,0.0,0.0,0,0,0.0,0.0,93.01295813050996
2018-06-15,0.0,0.0,0,0,0.0,0.0,93.01295813050996
2018-06-16,0.0,0.0,0,0,0.0,0.0,93.01295813050996
2018-06-17,0.0,0.0,0,0,0.0,0.0,93.01295813050996
2018-06-18,0.0,0.0,0,0,0.0,0.0,93.01295813050996
2018-06-19,0.0,0.0,0,0,0.0,0.0,93.01295813050996
2018-06-20,0.0,0.0,0,0,0.0,0.0,93.01295813050996
2018-06-21,0.0,0.0,0,0,0.0,0.0,93.01295813050996
2018-06-22,0.0,0.0,0,0,0.0,0.0,93.01295813050996
2018-06-23,0.0,0.0,0,0,0.0,0.0,93.01295813050996
2018-06-24,0.0,0.0,0,0,0.0,0.0,93.01295813050996
2018-06-25,0.0,0.0,0,0,0.0,0.0,93.01295813050996
2018-06-26,0.0,0.0,0,0,0.0,0.0,93.01295813050996
2018-06-27,0.0,0.0,0,0,0.0,0.0,93.01295813050996
2018-06-28,0.0,0.0,0,0,0.0,0.0,93.01295813050996
2018-06-29,0.0,0.0,0,0,0.0,0.0,93.01295813050996
2018-06-30,0.0,0.0,0,0,0.0,0.0,93.01295813050996
2018-07-01,0.0,0.0,0,0,0.0,0.0,93.01295813050996
2018-07-02,0.0,0.0,0,0,0.0,0.0,93.01295813050996
2018-07-03,0.0,0.0,0,0,0.0,0.0,93.01295813050996
2018-07-04,0.0,0.0,0,0,0.0,0.0,93.01295813050996
2018-07-05,0.0,0.0,0,0,0.0,0.0,93.01295813050996
2018-07-06,0.0,0.0,0,0,0.0,0.0,93.01295813050996
2018-07-07,0.0,0.0,0,0,0.0,0.0,93.01295813050996
2018-07-08,0.0,0.0,0,0,0.0,0.0,93.01295813050996
2018-07-09,0.0,0.0,0,0,0.0,0.0,93.01295813050996
2018-07-10,0.0,0.0,0,0,0.0,0.0,93.01295813050996
2018-07-11,0.0,0.0,0,0,0.0,0.0,93.01295813050996
2018-07-12,0.0,0.0,0,0,0.0,0.0,93.01295813050996
2018-07-13,0.0,0.0,0,0,0.0,0.0,93.01295813050996
2018-07-14,0.0,0.0,0,0,0.0,0.0,93.01295813050996
2018-07-15,0.0,0.0,0,0,0.0,0.0,93.01295813050996
2018-07-16,0.0,0.0,0,0,0.0,0.0,93.01295813050996
2018-07-17,0.0,0.0,0,0,0.0,0.0,93.01295813050996
2018-07-18,0.0,0.0,0,0,0.0,0.0,93.01295813050996
2018-07-19,0.0,0.0,0,0,0.0,0.0,93.01295813050996
2018-07-20,0.0,0.0,0,0,0.0,0.0,93.01295813050996
2018-07-21,0.0,0.0,0,0,0.0,0.0,93.01295813050996
2018-07-22,0.0,0.0,0,0,0.0,0.0,93.01295813050996
2018-07-23,0.0,0.0,0,0,0.0,0.0,93.01295813050996
2018-07-24,0.0,0.0,0,0,0.0,0.0,93.01295813050996
2018-07-25,0.0,0.0,0,0,0.0,0.0,93.01295813050996
2018-07-26,0.0,0.0,0,0,0.0,0.0,93.01295813050996
2018-07-27,0.0,0.0,0,0,0.0,0.0,93.01295813050996
2018-07-28,0.0,0.0,0,0,0.0,0.0,93.01295813050996
2018-07-29,0.0,0.0,0,0,0.0,0.0,93.01295813050996
2018-07-30,0.0,0.0,0,0,0.0,0.0,93.01295813050996
2018-07-31,0.0,0.0,0,0,0.0,0.0,93.01295813050996
2018-08-01,0.0,0.0,0,0,0.0,0.0,93.01295813050996
2018-08-02,0.0,0.0,0,0,0.0,0.0,93.01295813050996
2018-08-03,0.0,0.0,0,0,0.0,0.0,93.01295813050996
2018-08-04,0.0,0.0,0,0,0.0,0.0,93.01295813050996
2018-08-05,0.0,0.0,0,0,0.0,0.0,93.01295813050996
2018-08-06,0.0,0.0,0,0,0.0,0.0,93.01295813050996
2018-08-07,0.0,0.0,0,0,0.0,0.0,93.01295813050996
2018-08-08,0.0,0.0,0,0,0.0,0.0,93.01295813050996
2018-08-09,0.0,0.0,0,0,0.0,0.0,93.01295813050996
2018-08-10,0.0,0.0,0,0,0.0,0.0,93.01295813050996
2018-08-11,0.0,0.0,0,0,0.0,0.0,93.01295813050996
2018-08-12,0.0,0.0,0,0,0.0,0.0,93.01295813050996
2018-08-13,0.0,0.0,0,0,0.0,0.0,93.01295813050996
2018-08-14,0.0,0.0,0,0,0.0,0.0,93.01295813050996
2018-08-15,0.0,0.0,0,0,0.0,0.0,93.01295813050996
2018-08-16,0.0,0.0,0,0,0.0,0.0,93.01295813050996
2018-08-17,0.0,0.0,0,0,0.0,0.0,93.01295813050996
2018-08-18,0.0,0.0,0,0,0.0,0.0,93.01295813050996
2018-08-19,0.0,0.0,0,0,0.0,0.0,93.01295813050996
2018-08-20,0.0,0.0,0,0,0.0,0.0,93.01295813050996
2018-08-21,0.0,0.0,0,0,0.0,0.0,93.01295813050996
2018-08-22,0.0,0.0,0,0,0.0,0.0,93.01295813050996
2018-08-23,0.0,0.0,0,0,0.0,0.0,93.01295813050996
2018-08-24,0.0,0.0,0,0,0.0,0.0,93.01295813050996
2018-08-25,0.0,0.0,0,0,0.0,0.0,93.01295813050996
2018-08-26,0.0,0.0,0,0,0.0,0.0,93.01295813050996
2018-08-27,0.0,0.0,0,0,0.0,0.0,93.01295813050996
2018-08-28,0.0,0.0,0,0,0.0,0.0,93.01295813050996
2018-08-29,0.0,0.0,0,0,0.0,0.0,93.01295813050996
2018-08-30,0.0,0.0,0,0,0.0,0.0,93.01295813050996
2018-08-31,0.0,0.0,0,0,0.0,0.0,93.01295813050996
2018-09-01,0.0,0.0,0,0,0.0,0.0,93.01295813050996
2018-09-02,0.0,0.0,0,0,0.0,0.0,93.01295813050996
2018-09-03,0.0,0.0,0,0,0.0,0.0,93.01295813050996
2018-09-04,0.0,0.0,0,0,0.0,0.0,93.01295813050996
2018-09-05,0.0,0.0,0,0,0.0,0.0,93.01295813050996
2018-09-06,0.0,0.0,0,0,0.0,0.0,93.01295813050996
2018-09-07,0.0,0.0,0,0,0.0,0.0,93.01295813050996
2018-09-08,0.0,0.0,0,0,0.0,0.0,93.01295813050996
2018-09-09,0.0,0.0,0,0,0.0,0.0,93.01295813050996
2018-09-10,0.0,0.0,0,0,0.0,0.0,93.01295813050996
2018-09-11,0.0,0.0,0,0,0.0,0.0,93.01295813050996
2018-09-12,0.0,0.0,0,0,0.0,0.0,93.01295813050996
2018-09-13,0.0,0.0,0,0,0.0,0.0,93.01295813050996
2018-09-14,0.0,0.0,0,0,0.0,0.0,93.01295813050996
2018-09-15,0.0,0.0,0,0,0.0,0.0,93.01295813050996
2018-09-16,0.0,0.0,0,0,0.0,0.0,93.01295813050996
2018-09-17,0.0,0.0,0,0,0.0,0.0,93.01295813050996
2018-09-18,0.0,0.0,0,0,0.0,0.0,93.01295813050996
2018-09-19,0.0,0.0,0,0,0.0,0.0,93.01295813050996
2018-09-20,0.0,0.0,0,0,0.0,0.0,93.01295813050996
2018-09-21,0.0,0.0,0,0,0.0,0.0,93.01295813050996
2018-09-22,0.0,0.0,0,0,0.0,0.0,93.01295813050996
2018-09-23,0.0,0.0,0,0,0.0,0.0,93.01295813050996
2018-09-24,0.0,0.0,0,0,0.0,0.0,93.01295813050996
2018-09-25,0.0,0.0,0,0,0.0,0.0,93.01295813050996
2018-09-26,0.0,0.0,0,0,0.0,0.0,93.01295813050996
2018-09-27,0.0,0.0,0,0,0.0,0.0,93.01295813050996
2018-09-28,0.0,0.0,0,0,0.0,0.0,93.01295813050996
2018-09-29,0.0,0.0,0,0,0.0,0.0,93.01295813050996
2018-09-30,0.0,0.0,0,0,0.0,0.0,93.01295813050996
2018-10-01,0.0,0.0,0,0,0.0,0.0,93.01295813050996
2018-10-02,0.0,0.0,0,0,0.0,0.0,93.01295813050996
2018-10-03,0.0,0.0,0,0,0.0,0.0,93.01295813050996
2018-10-04,0.0,0.0,0,0,0.0,0.0,93.01295813050996
2018-10-05,0.0,0.0,0,0,0.0,0.0,93.01295813050996
2018-10-06,0.0,0.0,0,0,0.0,0.0,93.01295813050996
2018-10-07,0.0,0.0,0,0,0.0,0.0,93.01295813050996
2018-10-08,0.0,0.0,0,0,0.0,0.0,93.01295813050996
2018-10-09,0.0,0.0,0,0,0.0,0.0,93.01295813050996
2018-10-10,0.0,0.0,0,0,0.0,0.0,93.01295813050996
2018-10-11,0.0,0.0,0,0,0.0,0.0,93.01295813050996
2018-10-12,0.0,0.0,0,0,0.0,0.0,93.01295813050996
2018-10-13,0.0,0.0,0,0,0.0,0.0,93.01295813050996
2018-10-14,0.0,0.0,0,0,0.0,0.0,93.01295813050996
2018-10-15,0.0,0.0,0,0,0.0,0.0,93.01295813050996
2018-10-16,0.0,0.0,0,0,0.0,0.0,93.01295813050996
2018-10-17,0.0,0.0,0,0,0.0,0.0,93.01295813050996
2018-10-18,0.0,0.0,0,0,0.0,0.0,93.01295813050996
2018-10-19,0.0,0.0,0,0,0.0,0.0,93.01295813050996
2018-10-20,0.0,0.0,0,0,0.0,0.0,93.01295813050996
2018-10-21,0.0,0.0,0,0,0.0,0.0,93.01295813050996
2018-10-22,0.0,0.0,0,0,0.0,0.0,93.01295813050996
2018-10-23,0.0,0.0,0,0,0.0,0.0,93.01295813050996
2018-10-24,0.0,0.0,0,0,0.0,0.0,93.01295813050996
2018-10-25,0.0,0.0,0,0,0.0,0.0,93.01295813050996
2018-10-26,0.0,0.0,0,0,0.0,0.0,93.01295813050996
2018-10-27,0.0,0.0,0,0,0.0,0.0,93.01295813050996
2018-10-28,0.0,0.0,0,0,0.0,0.0,93.01295813050996
2018-10-29,0.0,0.0,0,0,0.0,0.0,93.01295813050996
2018-10-30,0.0,0.0,0,0,0.0,0.0,93.01295813050996
2018-10-31,0.0,0.0,0,0,0.0,0.0,93.01295813050996
2018-11-01,0.0,0.0,0,0,0.0,0.0,93.01295813050996
2018-11-02,0.0,0.0,0,0,0.0,0.0,93.01295813050996
2018-11-03,0.0,0.0,0,0,0.0,0.0,93.01295813050996
2018-11-04,0.0,0.0,0,0,0.0,0.0,93.01295813050996
2018-11-05,0.0,0.0,0,0,0.0,0.0,93.01295813050996
2018-11-06,0.0,0.0,0,0,0.0,0.0,93.01295813050996
2018-11-07,0.0,0.0,0,0,0.0,0.0,93.01295813050996
2018-11-08,0.0,0.0,0,0,0.0,0.0,93.01295813050996
2018-11-09,0.0,0.0,0,0,0.0,0.0,93.01295813050996
2018-11-10,0.0,0.0,0,0,0.0,0.0,93.01295813050996
2018-11-11,0.0,0.0,0,0,0.0,0.0,93.01295813050996
2018-11-12,0.0,0.0,0,0,0.0,0.0,93.01295813050996
2018-11-13,0.0,0.0,0,0,0.0,0.0,93.01295813050996
2018-11-14,0.0,0.0,0,0,0.0,0.0,93.01295813050996
2018-11-15,0.0,0.0,0,0,0.0,0.0,93.01295813050996
2018-11-16,0.0,0.0,0,0,0.0,0.0,93.01295813050996
2018-11-17,0.0,0.0,0,0,0.0,0.0,93.01295813050996
2018-11-18,0.0,0.0,0,0,0.0,0.0,93.01295813050996
2018-11-19,0.0,0.0,0,0,0.0,0.0,93.01295813050996
2018-11-20,0.0,0.0,0,0,0.0,0.0,93.01295813050996
2018-11-21,0.0,0.0,0,0,0.0,0.0,93.01295813050996
2018-11-22,0.0,0.0,0,0,0.0,0.0,93.01295813050996
2018-11-23,0.0,0.0,0,0,0.0,0.0,93.01295813050996
2018-11-24,0.0,0.0,0,0,0.0,0.0,93.01295813050996
2018-11-25,0.0,0.0,0,0,0.0,0.0,93.01295813050996
2018-11-26,0.0,0.0,0,0,0.0,0.0,93.01295813050996
2018-11-27,0.0,0.0,0,0,0.0,0.0,93.01295813050996
2018-11-28,0.0,0.0,0,0,0.0,0.0,93.01295813050996
2018-11-29,0.0,0.0,0,0,0.0,0.0,93.01295813050996
2018-11-30,0.0,0.0,0,0,0.0,0.0,93.01295813050996
2018-12-01,0.0,0.0,0,0,0.0,0.0,93.01295813050996
2018-12-02,0.0,0.0,0,0,0.0,0.0,93.01295813050996
2018-12-03,0.0,0.0,0,0,0.0,0.0,93.01295813050996
2018-12-04,0.0,0.0,0,0,0.0,0.0,93.01295813050996
2018-12-05,0.0,0.0,0,0,0.0,0.0,93.01295813050996
2018-12-06,0.0,0.0,0,0,0.0,0.0,93.01295813050996
2018-12-07,0.0,0.0,0,0,0.0,0.0,93.01295813050996
2018-12-08,0.0,0.0,0,0,0.0,0.0,93.01295813050996
2018-12-09,0.0,0.0,0,0,0.0,0.0,93.01295813050996
2018-12-10,0.0,0.0,0,0,0.0,0.0,93.01295813050996
2018-12-11,0.0,0.0,0,0,0.0,0.0,93.01295813050996
2018-12-12,0.0,0.0,0,0,0.0,0.0,93.01295813050996
2018-12-13,0.0,0.0,0,0,0.0,0.0,93.01295813050996
2018-12-14,0.0,0.0,0,0,0.0,0.0,93.01295813050996
2018-12-15,0.0,0.0,0,0,0.0,0.0,93.01295813050996
2018-12-16,0.0,0.0,0,0,0.0,0.0,93.01295813050996
2018-12-17,0.0,0.0,0,0,0.0,0.0,93.01295813050996
2018-12-18,0.0,0.0,0,0,0.0,0.0,93.01295813050996
2018-12-19,0.0,0.0,0,0,0.0,0.0,93.01295813050996
2018-12-20,0.0,0.0,0,0,0.0,0.0,93.01295813050996
2018-12-21,0.0,0.0,0,0,0.0,0.0,93.01295813050996
2018-12-22,0.0,0.0,0,0,0.0,0.0,93.01295813050996
2018-12-23,0.0,0.0,0,0,0.0,0.0,93.01295813050996
2018-12-24,0.0,0.0,0,0,0.0,0.0,93.01295813050996
2018-12-25,0.0,0.0,0,0,0.0,0.0,93.01295813050996
2018-12-26,0.0,0.0,0,0,0.0,0.0,93.01295813050996
2018-12-27,0.0,0.0,0,0,0.0,0.0,93.01295813050996
2018-12-28,0.0,0.0,0,0,0.0,0.0,93.01295813050996
2018-12-29,0.0,0.0,0,0,0.0,0.0,93.01295813050996
2018-12-30,0.0,0.0,0,0,0.0,0.0,93.01295813050996
2018-12-31,0.0,0.0,0,0,0.0,0.0,93.01295813050996
2019-01-01,0.0,0.0,0,0,0.0,0.0,93.01295813050996
2019-01-02,0.0,0.0,0,0,0.0,0.0,93.01295813050996
2019-01-03,0.0,0.0,0,0,0.0,0.0,93.01295813050996
2019-01-04,0.0,0.0,0,0,0.0,0.0,93.01295813050996
2019-01-05,0.0,0.0,0,0,0.0,0.0,93.01295813050996
2019-01-06,0.0,0.0,0,0,0.0,0.0,93.01295813050996
2019-01-07,0.0,0.0,0,0,0.0,0.0,93.01295813050996
2019-01-08,0.0,0.0,0,0,0.0,0.0,93.01295813050996
2019-01-09,0.0,0.0,0,0,0.0,0.0,93.01295813050996
2019-01-10,0.0,0.0,0,0,0.0,0.0,93.01295813050996
2019-01-11,0.0,0.0,0,0,0.0,0.0,93.01295813050996
2019-01-12,0.0,0.0,0,0,0.0,0.0,93.01295813050996
2019-01-13,0.0,0.0,0,0,0.0,0.0,93.01295813050996
2019-01-14,0.0,0.0,0,0,0.0,0.0,93.01295813050996
2019-01-15,0.0,0.0,0,0,0.0,0.0,93.01295813050996
2019-01-16,0.0,0.0,0,0,0.0,0.0,93.01295813050996
2019-01-17,0.0,0.0,0,0,0.0,0.0,93.01295813050996
2019-01-18,0.0,0.0,0,0,0.0,0.0,93.01295813050996
2019-01-19,0.0,0.0,0,0,0.0,0.0,93.01295813050996
2019-01-20,0.0,0.0,0,0,0.0,0.0,93.01295813050996
2019-01-21,0.0,0.0,0,0,0.0,0.0,93.01295813050996
2019-01-22,0.0,0.0,0,0,0.0,0.0,93.01295813050996
2019-01-23,0.0,0.0,0,0,0.0,0.0,93.01295813050996
2019-01-24,0.0,0.0,0,0,0.0,0.0,93.01295813050996
2019-01-25,0.0,0.0,0,0,0.0,0.0,93.01295813050996
2019-01-26,0.0,0.0,0,0,0.0,0.0,93.01295813050996
2019-01-27,0.0,0.0,0,0,0.0,0.0,93.01295813050996
2019-01-28,0.0,0.0,0,0,0.0,0.0,93.01295813050996
2019-01-29,0.0,0.0,0,0,0.0,0.0,93.01295813050996
2019-01-30,0.0,0.0,0,0,0.0,0.0,93.01295813050996
2019-01-31,0.0,0.0,0,0,0.0,0.0,93.01295813050996
2019-02-01,0.0,0.0,0,0,0.0,0.0,93.01295813050996
2019-02-02,0.0,0.0,0,0,0.0,0.0,93.01295813050996
2019-02-03,0.0,0.0,0,0,0.0,0.0,93.01295813050996
2019-02-04,0.0,0.0,0,0,0.0,0.0,93.01295813050996
2019-02-05,0.0,0.0,0,0,0.0,0.0,93.01295813050996
2019-02-06,0.0,0.0,0,0,0.0,0.0,93.01295813050996
2019-02-07,0.0,0.0,0,0,0.0,0.0,93.01295813050996
2019-02-08,0.0,0.0,0,0,0.0,0.0,93.01295813050996
2019-02-09,0.0,0.0,0,0,0.0,0.0,93.01295813050996
2019-02-10,0.0,0.0,0,0,0.0,0.0,93.01295813050996
2019-02-11,12.142857142857142,1020.0,84,84,12.161904761904761,0.0,128.43613527254155
2019-02-12,11.879816513761469,1294.9,109,109,12.51743119266055,-0.022935779816513763,127.6687924066586
2019-02-13,5.825,862.1,148,148,5.98581081081081,-0.013513513513513514,110.00566457717277
2019-02-14,4.114186369958276,2958.1,719,719,4.120305980528512,0.0,105.01487422519875
2019-02-15,3.5974557999137557,8342.5,2319,2319,3.6023285899094444,0.0,103.50746634729605
2019-02-16,3.7654877353108955,6600.9,1753,1753,3.7654877353108955,0.0,103.99764958366828
2019-02-17,3.314657738095238,4454.9,1344,1344,3.3192708333333334,0.0,102.68248704288965
2019-02-18,3.3153180975911054,5367.5,1619,1619,3.3153798641136505,0.0,102.6844134454755
2019-02-19,3.0861751152073733,4018.2,1302,1302,3.1010752688172043,0.0,102.0159568902893
2019-02-20,3.3530343007915566,3812.4,1137,1137,3.356112576956904,-0.0030782761653474055,102.7944392599421
2019-02-21,4.102667984189723,4151.9,1012,1012,4.218083003952569,-0.003952569169960474,104.98127275771301
2019-02-22,4.044227188081937,4343.5,1074,1074,4.071973929236499,0.0,104.81078910230205
2019-02-23,4.036393088552916,3737.7,926,926,4.046652267818574,0.0,104.78793544503671
2019-02-24,0.0,0.0,0,0,0.0,0.0,93.01295813050996
2019-02-25,0.0,0.0,0,0,0.0,0.0,93.01295813050996
2019-02-26,0.0,0.0,0,0,0.0,0.0,93.01295813050996
2019-02-27,0.0,0.0,0,0,0.0,0.0,93.01295813050996
2019-02-28,0.0,0.0,0,0,0.0,0.0,93.01295813050996
2019-03-01,0.0,0.0,0,0,0.0,0.0,93.01295813050996
2019-03-02,0.0,0.0,0,0,0.0,0.0,93.01295813050996
2019-03-03,0.0,0.0,0,0,0.0,0.0,93.01295813050996
2019-03-04,0.0,0.0,0,0,0.0,0.0,93.01295813050996
2019-03-05,0.0,0.0,0,0,0.0,0.0,93.01295813050996
2019-03-06,0.0,0.0,0,0,0.0,0.0,93.01295813050996
2019-03-07,0.0,0.0,0,0,0.0,0.0,93.01295813050996
2019-03-08,0.0,0.0,0,0,0.0,0.0,93.01295813050996
2019-03-09,0.0,0.0,0,0,0.0,0.0,93.01295813050996
2019-03-10,0.0,0.0,0,0,0.0,0.0,93.01295813050996
2019-03-11,0.0,0.0,0,0,0.0,0.0,93.01295813050996
2019-03-12,0.0,0.0,0,0,0.0,0.0,93.01295813050996
2019-03-13,0.0,0.0,0,0,0.0,0.0,93.01295813050996
2019-03-14,0.0,0.0,0,0,0.0,0.0,93.01295813050996
2019-03-15,0.0,0.0,0,0,0.0,0.0,93.01295813050996
2019-03-16,0.0,0.0,0,0,0.0,0.0,93.01295813050996
2019-03-17,0.0,0.0,0,0,0.0,0.0,93.01295813050996
2019-03-18,0.0,0.0,0,0,0.0,0.0,93.01295813050996
2019-03-19,0.0,0.0,0,0,0.0,0.0,93.01295813050996
2019-03-20,0.0,0.0,0,0,0.0,0.0,93.01295813050996
2019-03-21,0.0,0.0,0,0,0.0,0.0,93.01295813050996
2019-03-22,0.0,0.0,0,0,0.0,0.0,93.01295813050996
2019-03-23,0.0,0.0,0,0,0.0,0.0,93.01295813050996
2019-03-24,0.0,0.0,0,0,0.0,0.0,93.01295813050996
2019-03-25,0.0,0.0,0,0,0.0,0.0,93.01295813050996
2019-03-26,0.0,0.0,0,0,0.0,0.0,93.01295813050996
2019-03-27,0.0,0.0,0,0,0.0,0.0,93.01295813050996
2019-03-28,0.0,0.0,0,0,0.0,0.0,93.01295813050996
2019-03-29,0.0,0.0,0,0,0.0,0.0,93.01295813050996
2019-03-30,0.0,0.0,0,0,0.0,0.0,93.01295813050996
2019-03-31,0.0,0.0,0,0,0.0,0.0,93.01295813050996
2019-04-01,0.0,0.0,0,0,0.0,0.0,93.01295813050996
2019-04-02,0.0,0.0,0,0,0.0,0.0,93.01295813050996
2019-04-03,0.0,0.0,0,0,0.0,0.0,93.01295813050996
2019-04-04,0.0,0.0,0,0,0.0,0.0,93.01295813050996
2019-04-05,0.0,0.0,0,0,0.0,0.0,93.01295813050996
2019-04-06,0.0,0.0,0,0,0.0,0.0,93.01295813050996
2019-04-07,0.0,0.0,0,0,0.0,0.0,93.01295813050996
2019-04-08,0.0,0.0,0,0,0.0,0.0,93.01295813050996
2019-04-09,0.0,0.0,0,0,0.0,0.0,93.01295813050996
2019-04-10,0.0,0.0,0,0,0.0,0.0,93.01295813050996
2019-04-11,0.0,0.0,0,0,0.0,0.0,93.01295813050996
2019-04-12,0.0,0.0,0,0,0.0,0.0,93.01295813050996
2019-04-13,0.0,0.0,0,0,0.0,0.0,93.01295813050996
2019-04-14,0.0,0.0,0,0,0.0,0.0,93.01295813050996
2019-04-15,0.0,0.0,0,0,0.0,0.0,93.01295813050996
2019-04-16,0.0,0.0,0,0,0.0,0.0,93.01295813050996
2019-04-17,0.0,0.0,0,0,0.0,0.0,93.01295813050996
2019-04-18,0.0,0.0,0,0,0.0,0.0,93.01295813050996
2019-04-19,0.0,0.0,0,0,0.0,0.0,93.01295813050996
2019-04-20,0.0,0.0,0,0,0.0,0.0,93.01295813050996
2019-04-21,0.0,0.0,0,0,0.0,0.0,93.01295813050996
2019-04-22,0.0,0.0,0,0,0.0,0.0,93.01295813050996
2019-04-23,0.0,0.0,0,0,0.0,0.0,93.01295813050996
2019-04-24,0.0,0.0,0,0,0.0,0.0,93.01295813050996
2019-04-25,0.0,0.0,0,0,0.0,0.0,93.01295813050996
2019-04-26,0.0,0.0,0,0,0.0,0.0,93.01295813050996
2019-04-27,0.0,0.0,0,0,0.0,0.0,93.01295813050996
2019-04-28,0.0,0.0,0,0,0.0,0.0,93.01295813050996
2019-04-29,0.0,0.0,0,0,0.0,0.0,93.01295813050996
2019-04-30,0.0,0.0,0,0,0.0,0.0,93.01295813050996
2019-05-01,0.0,0.0,0,0,0.0,0.0,93.01295813050996
2019-05-02,0.0,0.0,0,0,0.0,0.0,93.01295813050996
2019-05-03,0.0,0.0,0,0,0.0,0.0,93.01295813050996
2019-05-04,0.0,0.0,0,0,0.0,0.0,93.01295813050996
2019-05-05,0.0,0.0,0,0,0.0,0.0,93.01295813050996
2019-05-06,0.0,0.0,0,0,0.0,0.0,93.01295813050996
2019-05-07,0.0,0.0,0,0,0.0,0.0,93.01295813050996
2019-05-08,0.0,0.0,0,0,0.0,0.0,93.01295813050996
2019-05-09,0.0,0.0,0,0,0.0,0.0,93.01295813050996
2019-05-10,0.0,0.0,0,0,0.0,0.0,93.01295813050996
2019-05-11,0.0,0.0,0,0,0.0,0.0,93.01295813050996
2019-05-12,0.0,0.0,0,0,0.0,0.0,93.01295813050996
2019-05-13,0.0,0.0,0,0,0.0,0.0,93.01295813050996
2019-05-14,0.0,0.0,0,0,0.0,0.0,93.01295813050996
2019-05-15,0.0,0.0,0,0,0.0,0.0,93.01295813050996
2019-05-16,0.0,0.0,0,0,0.0,0.0,93.01295813050996
2019-05-17,0.0,0.0,0,0,0.0,0.0,93.01295813050996
2019-05-18,0.0,0.0,0,0,0.0,0.0,93.01295813050996
2019-05-19,0.0,0.0,0,0,0.0,0.0,93.01295813050996
2019-05-20,0.0,0.0,0,0,0.0,0.0,93.01295813050996
2019-05-21,0.0,0.0,0,0,0.0,0.0,93.01295813050996
2019-05-22,0.0,0.0,0,0,0.0,0.0,93.01295813050996
2019-05-23,0.0,0.0,0,0,0.0,0.0,93.01295813050996
2019-05-24,0.0,0.0,0,0,0.0,0.0,93.01295813050996
2019-05-25,0.0,0.0,0,0,0.0,0.0,93.01295813050996
2019-05-26,0.0,0.0,0,0,0.0,0.0,93.01295813050996
2019-05-27,0.0,0.0,0,0,0.0,0.0,93.01295813050996
2019-05-28,0.0,0.0,0,0,0.0,0.0,93.01295813050996
2019-05-29,0.0,0.0,0,0,0.0,0.0,93.01295813050996
2019-05-30,0.0,0.0,0,0,0.0,0.0,93.01295813050996
2019-05-31,0.0,0.0,0,0,0.0,0.0,93.01295813050996
2019-06-01,0.0,0.0,0,0,0.0,0.0,93.01295813050996
2019-06-02,0.0,0.0,0,0,0.0,0.0,93.01295813050996
2019-06-03,0.0,0.0,0,0,0.0,0.0,93.01295813050996
2019-06-04,0.0,0.0,0,0,0.0,0.0,93.01295813050996
2019-06-05,0.0,0.0,0,0,0.0,0.0,93.01295813050996
2019-06-06,0.0,0.0,0,0,0.0,0.0,93.01295813050996
2019-06-07,0.0,0.0,0,0,0.0,0.0,93.01295813050996
2019-06-08,0.0,0.0,0,0,0.0,0.0,93.01295813050996
2019-06-09,0.0,0.0,0,0,0.0,0.0,93.01295813050996
2019-06-10,0.0,0.0,0,0,0.0,0.0,93.01295813050996
2019-06-11,0.0,0.0,0,0,0.0,0.0,93.01295813050996
2019-06-12,0.0,0.0,0,0,0.0,0.0,93.01295813050996
2019-06-13,0.0,0.0,0,0,0.0,0.0,93.01295813050996
2019-06-14,0.0,0.0,0,0,0.0,0.0,93.01295813050996
2019-06-15,0.0,0.0,0,0,0.0,0.0,93.01295813050996
2019-06-16,0.0,0.0,0,0,0.0,0.0,93.01295813050996
2019-06-17,0.0,0.0,0,0,0.0,0.0,93.01295813050996
2019-06-18,0.0,0.0,0,0,0.0,0.0,93.01295813050996
2019-06-19,0.0,0.0,0,0,0.0,0.0,93.01295813050996
2019-06-20,0.0,0.0,0,0,0.0,0.0,93.01295813050996
2019-06-21,0.0,0.0,0,0,0.0,0.0,93.01295813050996
2019-06-22,0.0,0.0,0,0,0.0,0.0,93.01295813050996
2019-06-23,0.0,0.0,0,0,0.0,0.0,93.01295813050996
2019-06-24,0.0,0.0,0,0,0.0,0.0,93.01295813050996
2019-06-25,0.0,0.0,0,0,0.0,0.0,93.01295813050996
2019-06-26,0.0,0.0,0,0,0.0,0.0,93.01295813050996
2019-06-27,0.0,0.0,0,0,0.0,0.0,93.01295813050996
2019-06-28,0.0,0.0,0,0,0.0,0.0,93.01295813050996
2019-06-29,0.0,0.0,0,0,0.0,0.0,93.01295813050996
2019-06-30,0.0,0.0,0,0,0.0,0.0,93.01295813050996
2019-07-01,0.0,0.0,0,0,0.0,0.0,93.01295813050996
2019-07-02,0.0,0.0,0,0,0.0,0.0,93.01295813050996
2019-07-03,0.0,0.0,0,0,0.0,0.0,93.01295813050996
2019-07-04,0.0,0.0,0,0,0.0,0.0,93.01295813050996
2019-07-05,0.0,0.0,0,0,0.0,0.0,93.01295813050996
2019-07-06,0.0,0.0,0,0,0.0,0.0,93.01295813050996
2019-07-07,0.0,0.0,0,0,0.0,0.0,93.01295813050996
2019-07-08,0.0,0.0,0,0,0.0,0.0,93.01295813050996
2019-07-09,0.0,0.0,0,0,0.0,0.0,93.01295813050996
2019-07-10,0.0,0.0,0,0,0.0,0.0,93.01295813050996
2019-07-11,0.0,0.0,0,0,0.0,0.0,93.01295813050996
2019-07-12,0.0,0.0,0,0,0.0,0.0,93.01295813050996
2019-07-13,0.0,0.0,0,0,0.0,0.0,93.01295813050996
2019-07-14,0.0,0.0,0,0,0.0,0.0,93.01295813050996
2019-07-15,0.0,0.0,0,0,0.0,0.0,93.01295813050996
2019-07-16,0.0,0.0,0,0,0.0,0.0,93.01295813050996
2019-07-17,0.0,0.0,0,0,0.0,0.0,93.01295813050996
2019-07-18,0.0,0.0,0,0,0.0,0.0,93.01295813050996
2019-07-19,0.0,0.0,0,0,0.0,0.0,93.01295813050996
2019-07-20,0.0,0.0,0,0,0.0,0.0,93.01295813050996
2019-07-21,0.0,0.0,0,0,0.0,0.0,93.01295813050996
2019-07-22,0.0,0.0,0,0,0.0,0.0,93.01295813050996
2019-07-23,0.0,0.0,0,0,0.0,0.0,93.01295813050996
2019-07-24,0.0,0.0,0,0,0.0,0.0,93.01295813050996
2019-07-25,0.0,0.0,0,0,0.0,0.0,93.01295813050996
2019-07-26,0.0,0.0,0,0,0.0,0.0,93.01295813050996
2019-07-27,0.0,0.0,0,0,0.0,0.0,93.01295813050996
2019-07-28,0.0,0.0,0,0,0.0,0.0,93.01295813050996
2019-07-29,0.0,0.0,0,0,0.0,0.0,93.01295813050996
2019-07-30,0.0,0.0,0,0,0.0,0.0,93.01295813050996
2019-07-31,0.0,0.0,0,0,0.0,0.0,93.01295813050996
2019-08-01,0.0,0.0,0,0,0.0,0.0,93.01295813050996
2019-08-02,6.33030303030303,835.6,132,132,6.33030303030303,0.0,111.47973600387638
2019-08-03,6.116417910447761,819.6,134,134,6.116417910447761,0.0,110.85578972833821
2019-08-04,5.9045000000000005,1180.9,200,200,6.0185,0.0,110.23758220163795
2019-08-05,3.8910408432147565,2953.3,759,759,3.908300395256917,0.0,104.36391346453978
2019-08-06,4.339338235294117,2360.6,544,544,4.350735294117648,0.0,105.67168788246408
2019-08-07,6.169021739130435,3405.3,552,552,6.2054347826086955,0.0,111.00924576589618
2019-08-08,5.991101694915255,5655.6,944,944,6.022987288135593,0.0,110.49021691056127
2019-08-09,7.3856,5539.2,750,750,7.420266666666667,-0.002,114.55825130346668
2019-08-10,6.690225563909774,3559.2,532,532,6.788157894736843,-0.0037593984962406013,112.52970303514137
2019-08-11,7.230783242258652,3969.7,549,549,7.322768670309654,-0.0036429872495446266,114.10661942066447
2019-08-12,6.7723132969034605,3718.0,549,549,7.212204007285974,-0.00273224043715847,112.76916960160209
2019-08-13,6.663205417607224,2951.8,443,443,6.84627539503386,0.0,112.45087978805722
2019-08-14,5.480148423005566,2953.8,539,539,5.5064935064935066,0.0,108.99966258308947
2019-08-15,5.582444061962135,3243.4,581,581,5.609982788296041,0.0,109.29807970988136
2019-08-16,6.20078277886497,3168.6,511,511,6.219373776908023,-0.005870841487279843,111.10189916068583
2019-08-17,7.6683006535947715,2346.5,306,306,7.791830065359478,-0.05065359477124183,115.38294644832773
2019-08-18,7.656626506024097,2542.0,332,332,7.957530120481928,-0.004518072289156626,115.34889059207305
2019-08-19,9.191891891891892,3741.1,407,407,9.596314496314497,-0.006142506142506142,119.82757111048917
2019-08-20,8.464571428571428,2962.6,350,350,8.73,0.0,117.70582980132946
2019-08-21,6.0160447761194025,1612.3,268,268,6.101492537313433,-0.016791044776119403,110.56298093747584
2019-08-22,6.1596153846153845,1601.5,260,260,6.227307692307692,0.0,110.9818055219464
2019-08-23,7.458675078864354,2364.4,317,317,7.481072555205047,0.0,114.77142612985443
2019-08-24,5.6494071146245055,1429.3,253,253,5.6869565217391305,0.0,109.49342451617564
2019-08-25,5.806179775280899,1033.5,178,178,5.806179775280899,0.0,109.95076216448403
2019-08-26,5.637668161434978,1257.2,223,223,5.681614349775785,-0.020179372197309416,109.45917960878667
2019-08-27,5.173858921161826,1246.9,241,241,5.173858921161826,0.0,108.10615398351433
2019-08-28,5.499452054794521,2007.3,365,365,5.504657534246576,0.0,109.05597519224727
2019-08-29,5.501255230125523,1314.8,239,239,5.501255230125523,0.0,109.06123542041408
2019-08-30,5.437617554858934,1734.6,319,319,5.437617554858934,0.0,108.87559141444785
2019-08-31,5.6953125,1093.5,192,192,5.6953125,0.0,109.62733983600512
2019-09-01,4.764044943820225,848.0,178,178,4.764044943820225,0.0,106.91064349171945
2019-09-02,4.793121693121693,905.9,189,189,4.803703703703704,-0.010582010582010581,106.99546626687878
2019-09-03,4.809338521400778,1236.0,257,257,4.809338521400778,0.0,107.04277404412211
2019-09-04,5.398561151079137,1500.8,278,278,5.398561151079137,0.0,108.76165596306718
2019-09-05,6.6956140350877185,1526.6,228,228,6.6956140350877185,0.0,112.5454222984758
2019-09-06,5.895172413793103,854.8,145,145,6.01448275862069,0.0,110.21037174081911
2019-09-07,4.530409356725147,774.7,171,171,4.530409356725147,0.0,106.22908109738462
2019-09-08,5.80377358490566,922.8,159,159,5.80377358490566,0.0,109.94374281912759
2019-09-09,5.640119760479042,941.9,167,167,5.667664670658683,0.0,109.46633142044
2019-09-10,4.86936170212766,1144.3,235,235,4.86936170212766,0.0,107.2178738364117
2019-09-11,4.4456410256410255,866.9,195,195,4.4456410256410255,0.0,105.98179468260591
2019-09-12,4.097129186602871,856.3,209,209,4.097129186602871,0.0,104.96511496175407
2019-09-13,4.495238095238095,1321.6,294,294,4.50204081632653,-0.006802721088435374,106.12647939406989
2019-09-14,4.746753246753247,731.0,154,154,4.785714285714286,-0.03896103896103896,106.86020010421322
2019-09-15,5.389108910891089,1088.6,202,202,5.421782178217822,-0.009900990099009901,108.73408186130257
2019-09-16,5.5752336448598125,1193.1,214,214,5.685046728971963,-0.028037383177570093,109.27704546075213
2019-09-17,5.032258064516129,624.0,124,124,5.238709677419355,0.0,107.69307556470294
2019-09-18,4.410975609756098,723.4,164,164,4.423170731707317,-0.012195121951219513,105.88066863350993
2019-09-19,6.340845070422535,900.4,142,142,6.340845070422535,0.0,111.51048927307805
2019-09-20,7.2570588235294125,1233.7,170,170,7.377058823529412,-0.011764705882352941,114.18327062053562
2019-09-21,4.996153846153846,649.5,130,130,4.996153846153846,0.0,107.58775223695763
2019-09-22,5.105369127516779,760.7,149,149,5.105369127516779,0.0,107.9063553641147
2019-09-23,4.1968531468531465,1200.3,286,286,4.1968531468531465,0.0,105.25602998016294
2019-09-24,4.711067193675889,1191.9,253,253,4.711067193675889,0.0,106.75609664941776
2019-09-25,5.987781350482315,1862.2,311,311,5.987781350482315,0.0,110.48053079240664
2019-09-26,5.5753303964757706,1265.6,227,227,5.682819383259912,0.0,109.2773277048394
2019-09-27,5.284295612009237,2288.1,433,433,5.362817551963048,-0.07852193995381063,108.42832020986813
2019-09-28,6.817133956386294,2188.3,321,321,6.872897196261682,-0.024922118380062305,112.89992055599483
2019-09-29,6.432363636363637,1768.9,275,275,6.439636363636364,-0.007272727272727273,111.77746749204057
2019-09-30,6.589686098654709,1469.5,223,223,6.865470852017937,0.0,112.23640902322998
2019-10-01,5.764204545454546,1014.5,176,176,5.7727272727272725,-0.008522727272727272,109.82831190551914
2019-10-02,7.032824427480915,921.3,131,131,7.032824427480915,0.0,113.52913340726577
2019-10-03,5.4832167832167835,784.1,143,143,5.523776223776224,0.0,109.00861361216104
2019-10-04,0.0,0.0,0,0,0.0,0.0,93.01295813050996
2019-10-05,0.0,0.0,0,0,0.0,0.0,93.01295813050996
2019-10-06,0.0,0.0,0,0,0.0,0.0,93.01295813050996
2019-10-07,0.0,0.0,0,0,0.0,0.0,93.01295813050996
2019-10-08,0.0,0.0,0,0,0.0,0.0,93.01295813050996
2019-10-09,0.0,0.0,0,0,0.0,0.0,93.01295813050996
2019-10-10,0.0,0.0,0,0,0.0,0.0,93.01295813050996
2019-10-11,0.0,0.0,0,0,0.0,0.0,93.01295813050996
2019-10-12,0.0,0.0,0,0,0.0,0.0,93.01295813050996
2019-10-13,0.0,0.0,0,0,0.0,0.0,93.01295813050996
2019-10-14,0.0,0.0,0,0,0.0,0.0,93.01295813050996
2019-10-15,0.0,0.0,0,0,0.0,0.0,93.01295813050996
2019-10-16,0.0,0.0,0,0,0.0,0.0,93.01295813050996
2019-10-17,0.0,0.0,0,0,0.0,0.0,93.01295813050996
2019-10-18,0.0,0.0,0,0,0.0,0.0,93.01295813050996
2019-10-19,0.0,0.0,0,0,0.0,0.0,93.01295813050996
2019-10-20,0.0,0.0,0,0,0.0,0.0,93.01295813050996
2019-10-21,0.0,0.0,0,0,0.0,0.0,93.01295813050996
2019-10-22,0.0,0.0,0,0,0.0,0.0,93.01295813050996
2019-10-23,0.0,0.0,0,0,0.0,0.0,93.01295813050996
2019-10-24,0.0,0.0,0,0,0.0,0.0,93.01295813050996
2019-10-25,0.0,0.0,0,0,0.0,0.0,93.01295813050996
2019-10-26,0.0,0.0,0,0,0.0,0.0,93.01295813050996
2019-10-27,0.0,0.0,0,0,0.0,0.0,93.01295813050996
2019-10-28,0.0,0.0,0,0,0.0,0.0,93.01295813050996
2019-10-29,0.0,0.0,0,0,0.0,0.0,93.01295813050996
2019-10-30,0.0,0.0,0,0,0.0,0.0,93.01295813050996
2019-10-31,0.0,0.0,0,0,0.0,0.0,93.01295813050996
2019-11-01,0.0,0.0,0,0,0.0,0.0,93.01295813050996
2019-11-02,0.0,0.0,0,0,0.0,0.0,93.01295813050996
2019-11-03,0.0,0.0,0,0,0.0,0.0,93.01295813050996
2019-11-04,0.0,0.0,0,0,0.0,0.0,93.01295813050996
2019-11-05,0.0,0.0,0,0,0.0,0.0,93.01295813050996
2019-11-06,0.0,0.0,0,0,0.0,0.0,93.01295813050996
2019-11-07,0.0,0.0,0,0,0.0,0.0,93.01295813050996
2019-11-08,0.0,0.0,0,0,0.0,0.0,93.01295813050996
2019-11-09,0.0,0.0,0,0,0.0,0.0,93.01295813050996
2019-11-10,0.0,0.0,0,0,0.0,0.0,93.01295813050996
2019-11-11,0.0,0.0,0,0,0.0,0.0,93.01295813050996
2019-11-12,0.0,0.0,0,0,0.0,0.0,93.01295813050996
2019-11-13,0.0,0.0,0,0,0.0,0.0,93.01295813050996
2019-11-14,0.0,0.0,0,0,0.0,0.0,93.01295813050996
2019-11-15,0.0,0.0,0,0,0.0,0.0,93.01295813050996
2019-11-16,0.0,0.0,0,0,0.0,0.0,93.01295813050996
2019-11-17,0.0,0.0,0,0,0.0,0.0,93.01295813050996
2019-11-18,0.0,0.0,0,0,0.0,0.0,93.01295813050996
2019-11-19,0.0,0.0,0,0,0.0,0.0,93.01295813050996
2019-11-20,0.0,0.0,0,0,0.0,0.0,93.01295813050996
2019-11-21,0.0,0.0,0,0,0.0,0.0,93.01295813050996
2019-11-22,0.0,0.0,0,0,0.0,0.0,93.01295813050996
2019-11-23,0.0,0.0,0,0,0.0,0.0,93.01295813050996
2019-11-24,0.0,0.0,0,0,0.0,0.0,93.01295813050996
2019-11-25,0.0,0.0,0,0,0.0,0.0,93.01295813050996
2019-11-26,0.0,0.0,0,0,0.0,0.0,93.01295813050996
2019-11-27,0.0,0.0,0,0,0.0,0.0,93.01295813050996
2019-11-28,0.0,0.0,0,0,0.0,0.0,93.01295813050996
2019-11-29,0.0,0.0,0,0,0.0,0.0,93.01295813050996
2019-11-30,0.0,0.0,0,0,0.0,0.0,93.01295813050996
2019-12-01,0.0,0.0,0,0,0.0,0.0,93.01295813050996
2019-12-02,0.0,0.0,0,0,0.0,0.0,93.01295813050996
2019-12-03,0.0,0.0,0,0,0.0,0.0,93.01295813050996
2019-12-04,0.0,0.0,0,0,0.0,0.0,93.01295813050996
2019-12-05,0.0,0.0,0,0,0.0,0.0,93.01295813050996
2019-12-06,0.0,0.0,0,0,0.0,0.0,93.01295813050996
2019-12-07,0.0,0.0,0,0,0.0,0.0,93.01295813050996
2019-12-08,0.0,0.0,0,0,0.0,0.0,93.01295813050996
2019-12-09,0.0,0.0,0,0,0.0,0.0,93.01295813050996
2019-12-10,0.0,0.0,0,0,0.0,0.0,93.01295813050996
2019-12-11,0.0,0.0,0,0,0.0,0.0,93.01295813050996
2019-12-12,0.0,0.0,0,0,0.0,0.0,93.01295813050996
2019-12-13,0.0,0.0,0,0,0.0,0.0,93.01295813050996
2019-12-14,0.0,0.0,0,0,0.0,0.0,93.01295813050996
2019-12-15,0.0,0.0,0,0,0.0,0.0,93.01295813050996
2019-12-16,0.0,0.0,0,0,0.0,0.0,93.01295813050996
2019-12-17,0.0,0.0,0,0,0.0,0.0,93.01295813050996
2019-12-18,0.0,0.0,0,0,0.0,0.0,93.01295813050996
2019-12-19,0.0,0.0,0,0,0.0,0.0,93.01295813050996
2019-12-20,0.0,0.0,0,0,0.0,0.0,93.01295813050996
2019-12-21,0.0,0.0,0,0,0.0,0.0,93.01295813050996
2019-12-22,0.0,0.0,0,0,0.0,0.0,93.01295813050996
2019-12-23,0.0,0.0,0,0,0.0,0.0,93.01295813050996
2019-12-24,0.0,0.0,0,0,0.0,0.0,93.01295813050996
2019-12-25,0.0,0.0,0,0,0.0,0.0,93.01295813050996
2019-12-26,0.0,0.0,0,0,0.0,0.0,93.01295813050996
2019-12-27,0.0,0.0,0,0,0.0,0.0,93.01295813050996
2019-12-28,0.0,0.0,0,0,0.0,0.0,93.01295813050996
2019-12-29,0.0,0.0,0,0,0.0,0.0,93.01295813050996
2019-12-30,0.0,0.0,0,0,0.0,0.0,93.01295813050996
2019-12-31,0.0,0.0,0,0,0.0,0.0,93.01295813050996
2020-01-01,0.0,0.0,0,0,0.0,0.0,93.01295813050996
2020-01-02,0.0,0.0,0,0,0.0,0.0,93.01295813050996
2020-01-03,0.0,0.0,0,0,0.0,0.0,93.01295813050996
2020-01-04,0.0,0.0,0,0,0.0,0.0,93.01295813050996
2020-01-05,0.0,0.0,0,0,0.0,0.0,93.01295813050996
2020-01-06,0.0,0.0,0,0,0.0,0.0,93.01295813050996
2020-01-07,7.934939759036145,658.6,83,83,7.981927710843373,0.0,116.16078679956654
2020-01-08,8.47910447761194,568.1,67,67,8.47910447761194,0.0,117.74822565302394
2020-01-09,6.714423076923077,698.3,104,104,6.738461538461538,-0.02403846153846154,112.60029208842452
2020-01-10,4.990338164251208,1033.0,207,207,4.990338164251208,0.0,107.57078671329089
2020-01-11,6.083582089552239,407.6,67,67,6.1358208955223885,-0.05223880597014925,110.76000097891111
2020-01-12,6.847619047619047,431.4,63,63,6.847619047619047,0.0,112.98885175021249
2020-01-13,8.834502923976608,1510.7,171,171,9.119883040935672,0.0,118.78499500421275
2020-01-14,16.069339622641508,6813.4,424,424,17.935377358490566,0.0,139.89048104884034
2020-01-15,14.587947882736156,4478.5,307,307,15.272964169381108,0.0,135.568960882536
2020-01-16,13.523636363636363,2975.2,220,220,13.792727272727273,-0.011363636363636364,132.46414831397558
2020-01-17,8.37639751552795,1348.6,161,161,8.600621118012423,-0.046583850931677016,117.44860861324337
2020-01-18,6.45578947368421,613.3,95,94,6.496842105263158,-0.031578947368421054,111.8458054108141
2020-01-19,7.824050632911392,618.1,79,79,7.8354430379746836,0.0,115.83730072774424
2020-01-20,8.75974025974026,674.5,77,77,9.032467532467532,0.0,118.56689714901297
2020-01-21,7.415384615384615,578.4,78,78,7.415384615384615,0.0,114.64513906756238
2020-01-22,7.192957746478873,510.7,71,71,7.192957746478873,0.0,113.99627477757687
2020-01-23,6.386904761904762,536.5,84,84,6.386904761904762,0.0,111.64485473511776
2020-01-24,0.0,0.0,0,0,0.0,0.0,93.01295813050996
2020-01-25,0.0,0.0,0,0,0.0,0.0,93.01295813050996
2020-01-26,0.0,0.0,0,0,0.0,0.0,93.01295813050996
2020-01-27,0.0,0.0,0,0,0.0,0.0,93.01295813050996
2020-01-28,0.0,0.0,0,0,0.0,0.0,93.01295813050996
2020-01-29,0.0,0.0,0,0,0.0,0.0,93.01295813050996
2020-01-30,0.0,0.0,0,0,0.0,0.0,93.01295813050996
2020-01-31,0.0,0.0,0,0,0.0,0.0,93.01295813050996
2020-02-01,0.0,0.0,0,0,0.0,0.0,93.01295813050996
2020-02-02,0.0,0.0,0,0,0.0,0.0,93.01295813050996
2020-02-03,0.0,0.0,0,0,0.0,0.0,93.01295813050996
2020-02-04,0.0,0.0,0,0,0.0,0.0,93.01295813050996
2020-02-05,0.0,0.0,0,0,0.0,0.0,93.01295813050996
2020-02-06,0.0,0.0,0,0,0.0,0.0,93.01295813050996
2020-02-07,0.0,0.0,0,0,0.0,0.0,93.01295813050996
2020-02-08,0.0,0.0,0,0,0.0,0.0,93.01295813050996
2020-02-09,0.0,0.0,0,0,0.0,0.0,93.01295813050996
2020-02-10,0.0,0.0,0,0,0.0,0.0,93.01295813050996
2020-02-11,0.0,0.0,0,0,0.0,0.0,93.01295813050996
2020-02-12,0.0,0.0,0,0,0.0,0.0,93.01295813050996
2020-02-13,0.0,0.0,0,0,0.0,0.0,93.01295813050996
2020-02-14,0.0,0.0,0,0,0.0,0.0,93.01295813050996
2020-02-15,0.0,0.0,0,0,0.0,0.0,93.01295813050996
2020-02-16,0.0,0.0,0,0,0.0,0.0,93.01295813050996
2020-02-17,0.0,0.0,0,0,0.0,0.0,93.01295813050996
2020-02-18,0.0,0.0,0,0,0.0,0.0,93.01295813050996
2020-02-19,0.0,0.0,0,0,0.0,0.0,93.01295813050996
2020-02-20,0.0,0.0,0,0,0.0,0.0,93.01295813050996
2020-02-21,0.0,0.0,0,0,0.0,0.0,93.01295813050996
2020-02-22,0.0,0.0,0,0,0.0,0.0,93.01295813050996
2020-02-23,0.0,0.0,0,0,0.0,0.0,93.01295813050996
2020-02-24,0.0,0.0,0,0,0.0,0.0,93.01295813050996
2020-02-25,0.0,0.0,0,0,0.0,0.0,93.01295813050996
2020-02-26,0.0,0.0,0,0,0.0,0.0,93.01295813050996
2020-02-27,0.0,0.0,0,0,0.0,0.0,93.01295813050996
2020-02-28,0.0,0.0,0,0,0.0,0.0,93.01295813050996
2020-02-29,0.0,0.0,0,0,0.0,0.0,93.01295813050996
2020-03-01,0.0,0.0,0,0,0.0,0.0,93.01295813050996
2020-03-02,0.0,0.0,0,0,0.0,0.0,93.01295813050996
2020-03-03,0.0,0.0,0,0,0.0,0.0,93.01295813050996
2020-03-04,0.0,0.0,0,0,0.0,0.0,93.01295813050996
2020-03-05,0.0,0.0,0,0,0.0,0.0,93.01295813050996
2020-03-06,0.0,0.0,0,0,0.0,0.0,93.01295813050996
2020-03-07,0.0,0.0,0,0,0.0,0.0,93.01295813050996
2020-03-08,0.0,0.0,0,0,0.0,0.0,93.01295813050996
2020-03-09,0.0,0.0,0,0,0.0,0.0,93.01295813050996
2020-03-10,0.0,0.0,0,0,0.0,0.0,93.01295813050996
2020-03-11,0.0,0.0,0,0,0.0,0.0,93.01295813050996
2020-03-12,0.0,0.0,0,0,0.0,0.0,93.01295813050996
2020-03-13,0.0,0.0,0,0,0.0,0.0,93.01295813050996
2020-03-14,0.0,0.0,0,0,0.0,0.0,93.01295813050996
2020-03-15,0.0,0.0,0,0,0.0,0.0,93.01295813050996
2020-03-16,0.0,0.0,0,0,0.0,0.0,93.01295813050996
2020-03-17,0.0,0.0,0,0,0.0,0.0,93.01295813050996
2020-03-18,0.0,0.0,0,0,0.0,0.0,93.01295813050996
2020-03-19,0.0,0.0,0,0,0.0,0.0,93.01295813050996
2020-03-20,0.0,0.0,0,0,0.0,0.0,93.01295813050996
2020-03-21,0.0,0.0,0,0,0.0,0.0,93.01295813050996
2020-03-22,6.627272727272727,1749.6,264,264,6.636742424242424,0.0,112.34605684235886
2020-03-23,5.49468438538206,1653.9,301,301,5.49468438538206,0.0,109.04206693357591
2020-03-24,5.359352517985612,1489.9,278,278,5.359352517985612,0.0,108.6472764279027
2020-03-25,5.3911475409836065,1644.3,305,305,5.3911475409836065,0.0,108.74002895876446
2020-03-26,4.528252788104089,1218.1,269,269,4.528252788104089,0.0,106.22278994931429
2020-03-27,4.4463035019455255,1142.7,257,257,4.4463035019455255,0.0,105.98372726035187
2020-03-28,5.006701030927835,971.3,194,194,5.006701030927835,0.0,107.61852051415987
2020-03-29,5.122935779816514,1116.8,218,218,5.122935779816514,0.0,107.95760085180225
2020-03-30,4.467716535433071,1134.8,254,254,4.467716535433071,0.0,106.04619342210061
2020-03-31,4.3781879194630875,1304.7,298,298,4.3781879194630875,0.0,105.78502029081238
2020-04-01,4.20969696969697,1389.2,330,330,4.20969696969697,0.0,105.29349801642697
2020-04-02,4.450617283950617,1081.5,243,243,4.460905349794238,-0.0102880658436214,105.99631143739693
2020-04-03,4.276209677419355,1060.5,248,248,4.276209677419355,0.0,105.48752907519078
2020-04-04,4.2384615384615385,881.6,208,208,4.2384615384615385,0.0,105.37741009764262
2020-04-05,4.142533936651584,915.5,221,221,4.142533936651584,0.0,105.09756982679474
2020-04-06,4.086934673366834,813.3,199,199,4.13467336683417,0.0,104.93537549895808
2020-04-07,4.618905472636816,928.4,201,201,4.618905472636816,0.0,106.4872422165875
2020-04-08,4.9831111111111115,1121.2,225,225,4.994222222222223,-0.011111111111111112,107.5497039334653
2020-04-09,4.130578512396695,999.6,242,242,4.130578512396695,0.0,105.0626934294027
2020-04-10,4.277064220183486,932.4,218,218,4.277064220183486,0.0,105.49002194975506
2020-04-11,5.152582159624413,1097.5,213,213,5.164319248826291,-0.011737089201877934,108.04408535468328
2020-04-12,4.436320754716981,940.5,212,212,4.436320754716981,0.0,105.95460556195086
2020-04-13,4.224107142857143,946.2,224,224,4.224107142857143,0.0,105.3355354142564
2020-04-14,4.211242603550296,711.7,169,169,4.211242603550296,0.0,105.29800694386793
2020-04-15,4.051196172248804,846.7,209,209,4.051196172248804,0.0,104.83111904259029
2020-04-16,4.754123711340206,922.3,194,194,4.754123711340206,0.0,106.88170124431652
2020-04-17,4.771689497716895,1045.0,219,219,4.771689497716895,0.0,106.93294420593092
2020-04-18,4.5312820512820515,883.6,195,195,4.5312820512820515,0.0,106.23162692441004
2020-04-19,5.159006211180125,830.6,161,161,5.1745341614906835,-0.015527950310559006,108.06282561601965
2020-04-20,5.071859296482412,1009.3,199,199,5.071859296482412,0.0,107.80860039040753
2020-04-21,4.8936170212765955,920.0,188,188,4.898936170212766,0.0,107.28863152191694
2020-04-22,4.6325791855203615,1023.8,221,221,4.6325791855203615,0.0,106.52713121041859
2020-04-23,4.653072625698324,832.9,179,179,4.653072625698324,0.0,106.58691473196818
2020-04-24,4.470879120879121,813.7,182,182,4.470879120879121,0.0,106.05541932529327
2020-04-25,4.30989010989011,784.4,182,182,4.30989010989011,0.0,105.58578172788987
2020-04-26,4.211206896551724,488.5,116,116,4.211206896551724,0.0,105.29790277931087
2020-04-27,4.0062111801242235,645.0,161,161,4.0062111801242235,0.0,104.69988869655107
2020-04-28,3.9778571428571428,556.9,140,140,3.9778571428571428,0.0,104.61717421897902
2020-04-29,4.410071942446043,613.0,139,139,4.410071942446043,0.0,105.87803245268157
2020-04-30,4.098514851485149,827.9,202,202,4.098514851485149,0.0,104.96915722726102
2020-05-01,4.592073170731707,753.1,164,164,4.592073170731707,0.0,106.40896694970996
2020-05-02,4.997014925373135,669.6,134,134,5.175373134328358,0.0,107.59026417968735
2020-05-03,4.60327868852459,842.4,183,183,4.796174863387979,0.0,106.4416557178537
2020-05-04,5.169202898550725,1426.7,276,276,5.198188405797102,0.0,108.09257142120713
2020-05-05,5.144262295081967,1255.2,244,244,5.1795081967213115,0.0,108.01981462234923
2020-05-06,4.455252918287938,1145.0,257,257,4.455252918287938,0.0,106.00983452297429
2020-05-07,4.574226804123711,887.4,194,194,4.574226804123711,0.0,106.35690547865258
2020-05-08,5.339226519337016,966.4,181,181,5.430939226519337,0.0,108.58856480782002
2020-05-09,4.91496062992126,624.2,127,127,4.91496062992126,0.0,107.350895157318
2020-05-10,5.167428571428571,904.3,175,175,5.167428571428571,0.0,108.08739534911663
2020-05-11,5.842616033755275,1384.7,237,237,5.842616033755275,0.0,110.05705412058185
2020-05-12,5.225157232704402,830.8,159,159,5.225157232704402,0.0,108.25580156278514
2020-05-13,5.643979057591623,1078.0,191,191,5.643979057591623,0.0,109.4775897728734
2020-05-14,4.9731843575419,890.2,179,179,4.9731843575419,0.0,107.52074557992539
2020-05-15,5.908724832214765,880.4,149,149,5.9221476510067115,-0.013422818791946308,110.24990689410352
2020-05-16,5.554198473282443,727.6,131,131,5.554198473282443,0.0,109.21568159883465
2020-05-17,5.7,855.0,150,150,5.733333333333333,-0.02666666666666667,109.6410142242401
2020-05-18,6.119135802469136,991.3,162,162,6.314197530864197,-0.012345679012345678,110.86371837061682
2020-05-19,5.077456647398844,878.4,173,173,5.086705202312139,0.0,107.82492899830486
2020-05-20,5.125146198830409,876.4,171,171,5.226900584795321,-0.008771929824561403,107.96404909239062
2020-05-21,5.499315068493151,802.9,146,146,5.566438356164384,0.0,109.05557557542215
2020-05-22,5.273983739837399,648.7,123,123,5.528455284552845,-0.012195121951219513,108.39823838725327
2020-05-23,5.3895104895104895,770.7,143,143,5.3895104895104895,0.0,108.73525334758493
2020-05-24,5.263313609467455,889.5,169,169,5.263313609467455,0.0,108.36711145281137
2020-05-25,5.501190476190477,924.2,168,168,5.501190476190477,0.0,109.06104652005192
2020-05-26,4.951020408163266,970.4,196,196,4.951020408163266,0.0,107.45608884421898
2020-05-27,5.092553191489362,957.4,188,188,5.285638297872341,0.0,107.86896867935022
2020-05-28,4.737743190661479,1217.6,257,257,4.73852140077821,0.0,106.83391594314277
2020-05-29,4.341395348837209,933.4,215,215,4.341395348837209,0.0,105.67768889990018
2020-05-30,4.9872093023255815,857.8000000000001,172,172,4.9872093023255815,0.0,107.56165918844724
2020-05-31,4.949411764705882,841.4,170,170,4.949411764705882,0.0,107.45139610498316
2020-06-01,5.401685393258427,961.5,178,178,5.401685393258427,0.0,108.7707700111738
2020-06-02,4.448333333333333,800.7,180,180,4.448333333333333,0.0,105.98964869020753
2020-06-03,3.7842105263157895,719.0,190,190,3.803157894736842,0.0,104.05226776245082
2020-06-04,4.3,606.3,141,141,4.326950354609929,0.0,105.5569302713941
2020-06-05,5.0912,636.4,125,125,5.1848,0.0,107.86502114531677
2020-06-06,4.472916666666666,644.1,144,144,4.472916666666666,0.0,106.06136325961762
2020-06-07,4.1703947368421055,633.9,152,152,4.1703947368421055,0.0,105.17884543177442
2020-06-08,4.733644859813084,1013.0,214,214,4.739719626168224,0.0,106.82196028082035
2020-06-09,5.3832369942196525,931.3,173,173,5.716184971098266,0.0,108.71695228940953
2020-06-10,4.518248175182482,619.0,137,137,4.518248175182482,0.0,106.19360446425173
2020-06-11,5.5168,689.6,125,125,5.570399999999999,0.0,109.10658266698195
2020-06-12,5.0811688311688314,782.5,154,154,5.097402597402597,0.0,107.83575819127987
2020-06-13,4.3423841059602655,655.7,151,151,4.3423841059602655,0.0,105.68057330497126
2020-06-14,5.135,718.9,140,140,5.145714285714286,0.0,107.99279462898438
2020-06-15,4.368345323741008,607.2,139,139,4.368345323741008,0.0,105.75630744278175
2020-06-16,4.472815533980582,921.4,206,206,4.472815533980582,0.0,106.06106823506023
2020-06-17,4.540890688259109,1121.6,247,247,4.540890688259109,0.0,106.25965726732913
2020-06-18,4.142735042735042,969.4,234,234,4.142735042735042,0.0,105.09815649402921
2020-06-19,4.3947183098591545,1248.1,284,284,4.3947183098591545,0.0,105.83324279234871
2020-06-20,5.3559210526315795,814.1,152,152,5.3559210526315795,0.0,108.6372661474833
2020-06-21,4.5123376623376625,694.9,154,154,4.5123376623376625,0.0,106.17636229949272
2020-06-22,4.670238095238095,784.6,168,168,4.691666666666667,0.0,106.63698988817565
2020-06-23,3.8072727272727276,628.2,165,165,3.8072727272727276,0.0,104.11954488019765
2020-06-24,4.8821705426356585,629.8,129,129,4.8821705426356585,0.0,107.2552398221069
2020-06-25,6.1354609929078014,865.1,141,141,6.1354609929078014,0.0,110.91134226225805
2020-06-26,5.222929936305732,820.0,157,157,5.2305732484076435,0.0,108.24930408744225
2020-06-27,4.139041095890411,604.3,146,146,4.139041095890411,0.0,105.08738050186435
2020-06-28,6.219289340101523,1225.2,197,197,6.411675126903553,0.0,111.15588655337767
2020-06-29,6.270714285714286,877.9,140,140,6.274285714285714,0.0,111.30590354991557
2020-06-30,4.688571428571429,820.5,175,175,4.835428571428571,0.0,106.6904719399391
2020-07-01,4.5026785714285715,504.3,112,112,4.5026785714285715,0.0,106.14818477222065
2020-07-02,4.739072847682119,715.6,151,151,4.739072847682119,0.0,106.83779482235762
2020-07-03,5.273076923076923,548.4,104,104,5.35,0.0,108.39559301883925
2020-07-04,0.0,0.0,0,0,0.0,0.0,93.01295813050996
2020-07-05,0.0,0.0,0,0,0.0,0.0,93.01295813050996
2020-07-06,0.0,0.0,0,0,0.0,0.0,93.01295813050996
2020-07-07,0.0,0.0,0,0,0.0,0.0,93.01295813050996
2020-07-08,0.0,0.0,0,0,0.0,0.0,93.01295813050996
2020-07-09,0.0,0.0,0,0,0.0,0.0,93.01295813050996
2020-07-10,0.0,0.0,0,0,0.0,0.0,93.01295813050996
2020-07-11,0.0,0.0,0,0,0.0,0.0,93.01295813050996
2020-07-12,0.0,0.0,0,0,0.0,0.0,93.01295813050996
2020-07-13,0.0,0.0,0,0,0.0,0.0,93.01295813050996
2020-07-14,0.0,0.0,0,0,0.0,0.0,93.01295813050996
2020-07-15,0.0,0.0,0,0,0.0,0.0,93.01295813050996
2020-07-16,0.0,0.0,0,0,0.0,0.0,93.01295813050996
2020-07-17,0.0,0.0,0,0,0.0,0.0,93.01295813050996
2020-07-18,0.0,0.0,0,0,0.0,0.0,93.01295813050996
2020-07-19,0.0,0.0,0,0,0.0,0.0,93.01295813050996
2020-07-20,0.0,0.0,0,0,0.0,0.0,93.01295813050996
2020-07-21,0.0,0.0,0,0,0.0,0.0,93.01295813050996
2020-07-22,0.0,0.0,0,0,0.0,0.0,93.01295813050996
2020-07-23,0.0,0.0,0,0,0.0,0.0,93.01295813050996
2020-07-24,0.0,0.0,0,0,0.0,0.0,93.01295813050996
2020-07-25,0.0,0.0,0,0,0.0,0.0,93.01295813050996
2020-07-26,0.0,0.0,0,0,0.0,0.0,93.01295813050996
2020-07-27,0.0,0.0,0,0,0.0,0.0,93.01295813050996
2020-07-28,0.0,0.0,0,0,0.0,0.0,93.01295813050996
2020-07-29,0.0,0.0,0,0,0.0,0.0,93.01295813050996
2020-07-30,0.0,0.0,0,0,0.0,0.0,93.01295813050996
2020-07-31,0.0,0.0,0,0,0.0,0.0,93.01295813050996
2020-08-01,0.0,0.0,0,0,0.0,0.0,93.01295813050996
2020-08-02,0.0,0.0,0,0,0.0,0.0,93.01295813050996
2020-08-03,0.0,0.0,0,0,0.0,0.0,93.01295813050996
2020-08-04,0.0,0.0,0,0,0.0,0.0,93.01295813050996
2020-08-05,0.0,0.0,0,0,0.0,0.0,93.01295813050996
2020-08-06,0.0,0.0,0,0,0.0,0.0,93.01295813050996
2020-08-07,0.0,0.0,0,0,0.0,0.0,93.01295813050996
2020-08-08,0.0,0.0,0,0,0.0,0.0,93.01295813050996
2020-08-09,0.0,0.0,0,0,0.0,0.0,93.01295813050996
2020-08-10,0.0,0.0,0,0,0.0,0.0,93.01295813050996
2020-08-11,0.0,0.0,0,0,0.0,0.0,93.01295813050996
2020-08-12,0.0,0.0,0,0,0.0,0.0,93.01295813050996
2020-08-13,0.0,0.0,0,0,0.0,0.0,93.01295813050996
2020-08-14,0.0,0.0,0,0,0.0,0.0,93.01295813050996
2020-08-15,0.0,0.0,0,0,0.0,0.0,93.01295813050996
2020-08-16,0.0,0.0,0,0,0.0,0.0,93.01295813050996
2020-08-17,0.0,0.0,0,0,0.0,0.0,93.01295813050996
2020-08-18,0.0,0.0,0,0,0.0,0.0,93.01295813050996
2020-08-19,0.0,0.0,0,0,0.0,0.0,93.01295813050996
2020-08-20,0.0,0.0,0,0,0.0,0.0,93.01295813050996
2020-08-21,0.0,0.0,0,0,0.0,0.0,93.01295813050996
2020-08-22,0.0,0.0,0,0,0.0,0.0,93.01295813050996
2020-08-23,0.0,0.0,0,0,0.0,0.0,93.01295813050996
2020-08-24,0.0,0.0,0,0,0.0,0.0,93.01295813050996
2020-08-25,0.0,0.0,0,0,0.0,0.0,93.01295813050996
2020-08-26,0.0,0.0,0,0,0.0,0.0,93.01295813050996
2020-08-27,0.0,0.0,0,0,0.0,0.0,93.01295813050996
2020-08-28,0.0,0.0,0,0,0.0,0.0,93.01295813050996
2020-08-29,0.0,0.0,0,0,0.0,0.0,93.01295813050996
2020-08-30,0.0,0.0,0,0,0.0,0.0,93.01295813050996
2020-08-31,0.0,0.0,0,0,0.0,0.0,93.01295813050996
2020-09-01,0.0,0.0,0,0,0.0,0.0,93.01295813050996
2020-09-02,0.0,0.0,0,0,0.0,0.0,93.01295813050996
2020-09-03,0.0,0.0,0,0,0.0,0.0,93.01295813050996
2020-09-04,0.0,0.0,0,0,0.0,0.0,93.01295813050996
2020-09-05,0.0,0.0,0,0,0.0,0.0,93.01295813050996
2020-09-06,0.0,0.0,0,0,0.0,0.0,93.01295813050996
2020-09-07,0.0,0.0,0,0,0.0,0.0,93.01295813050996
2020-09-08,0.0,0.0,0,0,0.0,0.0,93.01295813050996
2020-09-09,0.0,0.0,0,0,0.0,0.0,93.01295813050996
2020-09-10,0.0,0.0,0,0,0.0,0.0,93.01295813050996
2020-09-11,0.0,0.0,0,0,0.0,0.0,93.01295813050996
2020-09-12,0.0,0.0,0,0,0.0,0.0,93.01295813050996
2020-09-13,0.0,0.0,0,0,0.0,0.0,93.01295813050996
2020-09-14,0.0,0.0,0,0,0.0,0.0,93.01295813050996
2020-09-15,0.0,0.0,0,0,0.0,0.0,93.01295813050996
2020-09-16,0.0,0.0,0,0,0.0,0.0,93.01295813050996
2020-09-17,0.0,0.0,0,0,0.0,0.0,93.01295813050996
2020-09-18,0.0,0.0,0,0,0.0,0.0,93.01295813050996
2020-09-19,0.0,0.0,0,0,0.0,0.0,93.01295813050996
2020-09-20,0.0,0.0,0,0,0.0,0.0,93.01295813050996
2020-09-21,0.0,0.0,0,0,0.0,0.0,93.01295813050996
2020-09-22,0.0,0.0,0,0,0.0,0.0,93.01295813050996
2020-09-23,0.0,0.0,0,0,0.0,0.0,93.01295813050996
2020-09-24,0.0,0.0,0,0,0.0,0.0,93.01295813050996
2020-09-25,0.0,0.0,0,0,0.0,0.0,93.01295813050996
2020-09-26,0.0,0.0,0,0,0.0,0.0,93.01295813050996
2020-09-27,0.0,0.0,0,0,0.0,0.0,93.01295813050996
2020-09-28,0.0,0.0,0,0,0.0,0.0,93.01295813050996
2020-09-29,0.0,0.0,0,0,0.0,0.0,93.01295813050996
2020-09-30,0.0,0.0,0,0,0.0,0.0,93.01295813050996
2020-10-01,0.0,0.0,0,0,0.0,0.0,93.01295813050996
2020-10-02,0.0,0.0,0,0,0.0,0.0,93.01295813050996
2020-10-03,0.0,0.0,0,0,0.0,0.0,93.01295813050996
2020-10-04,0.0,0.0,0,0,0.0,0.0,93.01295813050996
2020-10-05,0.0,0.0,0,0,0.0,0.0,93.01295813050996
2020-10-06,0.0,0.0,0,0,0.0,0.0,93.01295813050996
2020-10-07,0.0,0.0,0,0,0.0,0.0,93.01295813050996
2020-10-08,0.0,0.0,0,0,0.0,0.0,93.01295813050996
2020-10-09,0.0,0.0,0,0,0.0,0.0,93.01295813050996
2020-10-10,0.0,0.0,0,0,0.0,0.0,93.01295813050996
2020-10-11,0.0,0.0,0,0,0.0,0.0,93.01295813050996
2020-10-12,0.0,0.0,0,0,0.0,0.0,93.01295813050996
2020-10-13,0.0,0.0,0,0,0.0,0.0,93.01295813050996
2020-10-14,0.0,0.0,0,0,0.0,0.0,93.01295813050996
2020-10-15,0.0,0.0,0,0,0.0,0.0,93.01295813050996
2020-10-16,0.0,0.0,0,0,0.0,0.0,93.01295813050996
2020-10-17,0.0,0.0,0,0,0.0,0.0,93.01295813050996
2020-10-18,0.0,0.0,0,0,0.0,0.0,93.01295813050996
2020-10-19,0.0,0.0,0,0,0.0,0.0,93.01295813050996
2020-10-20,0.0,0.0,0,0,0.0,0.0,93.01295813050996
2020-10-21,0.0,0.0,0,0,0.0,0.0,93.01295813050996
2020-10-22,0.0,0.0,0,0,0.0,0.0,93.01295813050996
2020-10-23,0.0,0.0,0,0,0.0,0.0,93.01295813050996
2020-10-24,0.0,0.0,0,0,0.0,0.0,93.01295813050996
2020-10-25,0.0,0.0,0,0,0.0,0.0,93.01295813050996
2020-10-26,0.0,0.0,0,0,0.0,0.0,93.01295813050996
2020-10-27,0.0,0.0,0,0,0.0,0.0,93.01295813050996
2020-10-28,0.0,0.0,0,0,0.0,0.0,93.01295813050996
2020-10-29,0.0,0.0,0,0,0.0,0.0,93.01295813050996
2020-10-30,0.0,0.0,0,0,0.0,0.0,93.01295813050996
2020-10-31,0.0,0.0,0,0,0.0,0.0,93.01295813050996
2020-11-01,0.0,0.0,0,0,0.0,0.0,93.01295813050996
2020-11-02,0.0,0.0,0,0,0.0,0.0,93.01295813050996
2020-11-03,0.0,0.0,0,0,0.0,0.0,93.01295813050996
2020-11-04,0.0,0.0,0,0,0.0,0.0,93.01295813050996
2020-11-05,0.0,0.0,0,0,0.0,0.0,93.01295813050996
2020-11-06,0.0,0.0,0,0,0.0,0.0,93.01295813050996
2020-11-07,0.0,0.0,0,0,0.0,0.0,93.01295813050996
2020-11-08,0.0,0.0,0,0,0.0,0.0,93.01295813050996
2020-11-09,0.0,0.0,0,0,0.0,0.0,93.01295813050996
2020-11-10,0.0,0.0,0,0,0.0,0.0,93.01295813050996
2020-11-11,0.0,0.0,0,0,0.0,0.0,93.01295813050996
2020-11-12,0.0,0.0,0,0,0.0,0.0,93.01295813050996
2020-11-13,0.0,0.0,0,0,0.0,0.0,93.01295813050996
2020-11-14,0.0,0.0,0,0,0.0,0.0,93.01295813050996
2020-11-15,0.0,0.0,0,0,0.0,0.0,93.01295813050996
2020-11-16,0.0,0.0,0,0,0.0,0.0,93.01295813050996
2020-11-17,0.0,0.0,0,0,0.0,0.0,93.01295813050996
2020-11-18,0.0,0.0,0,0,0.0,0.0,93.01295813050996
2020-11-19,0.0,0.0,0,0,0.0,0.0,93.01295813050996
2020-11-20,0.0,0.0,0,0,0.0,0.0,93.01295813050996
2020-11-21,0.0,0.0,0,0,0.0,0.0,93.01295813050996
2020-11-22,0.0,0.0,0,0,0.0,0.0,93.01295813050996
2020-11-23,0.0,0.0,0,0,0.0,0.0,93.01295813050996
2020-11-24,0.0,0.0,0,0,0.0,0.0,93.01295813050996
2020-11-25,0.0,0.0,0,0,0.0,0.0,93.01295813050996
2020-11-26,0.0,0.0,0,0,0.0,0.0,93.01295813050996
2020-11-27,0.0,0.0,0,0,0.0,0.0,93.01295813050996
2020-11-28,0.0,0.0,0,0,0.0,0.0,93.01295813050996
2020-11-29,0.0,0.0,0,0,0.0,0.0,93.01295813050996
2020-11-30,0.0,0.0,0,0,0.0,0.0,93.01295813050996
2020-12-01,0.0,0.0,0,0,0.0,0.0,93.01295813050996
2020-12-02,0.0,0.0,0,0,0.0,0.0,93.01295813050996
2020-12-03,0.0,0.0,0,0,0.0,0.0,93.01295813050996
2020-12-04,0.0,0.0,0,0,0.0,0.0,93.01295813050996
2020-12-05,0.0,0.0,0,0,0.0,0.0,93.01295813050996
2020-12-06,0.0,0.0,0,0,0.0,0.0,93.01295813050996
2020-12-07,0.0,0.0,0,0,0.0,0.0,93.01295813050996
2020-12-08,0.0,0.0,0,0,0.0,0.0,93.01295813050996
2020-12-09,0.0,0.0,0,0,0.0,0.0,93.01295813050996
2020-12-10,0.0,0.0,0,0,0.0,0.0,93.01295813050996
2020-12-11,0.0,0.0,0,0,0.0,0.0,93.01295813050996
2020-12-12,0.0,0.0,0,0,0.0,0.0,93.01295813050996
2020-12-13,0.0,0.0,0,0,0.0,0.0,93.01295813050996
2020-12-14,0.0,0.0,0,0,0.0,0.0,93.01295813050996
2020-12-15,0.0,0.0,0,0,0.0,0.0,93.01295813050996
2020-12-16,0.0,0.0,0,0,0.0,0.0,93.01295813050996
2020-12-17,0.0,0.0,0,0,0.0,0.0,93.01295813050996
2020-12-18,0.0,0.0,0,0,0.0,0.0,93.01295813050996
2020-12-19,0.0,0.0,0,0,0.0,0.0,93.01295813050996
2020-12-20,0.0,0.0,0,0,0.0,0.0,93.01295813050996
2020-12-21,0.0,0.0,0,0,0.0,0.0,93.01295813050996
2020-12-22,0.0,0.0,0,0,0.0,0.0,93.01295813050996
2020-12-23,0.0,0.0,0,0,0.0,0.0,93.01295813050996
2020-12-24,0.0,0.0,0,0,0.0,0.0,93.01295813050996
2020-12-25,0.0,0.0,0,0,0.0,0.0,93.01295813050996
2020-12-26,0.0,0.0,0,0,0.0,0.0,93.01295813050996
2020-12-27,0.0,0.0,0,0,0.0,0.0,93.01295813050996
2020-12-28,0.0,0.0,0,0,0.0,0.0,93.01295813050996
2020-12-29,0.0,0.0,0,0,0.0,0.0,93.01295813050996
2020-12-30,0.0,0.0,0,0,0.0,0.0,93.01295813050996
2020-12-31,6.9255555555555555,623.3,90,90,7.318888888888889,0.0,113.2162083512156
2021-01-01,4.974074074074074,402.9,81,81,4.974074074074074,0.0,107.52334106350513
2021-01-02,4.7317073170731705,388.0,82,82,4.7317073170731705,0.0,106.8163080756689
2021-01-03,7.327941176470588,498.3,68,68,7.327941176470588,0.0,114.39004882066921
2021-01-04,8.137614678899082,887.0,109,109,8.155045871559633,0.0,116.75203064803551
2021-01-05,9.606930693069307,970.3,101,101,9.818811881188118,0.0,121.03832347312998
2021-01-06,11.88090909090909,1306.9,110,110,12.00909090909091,0.0,127.6719796757985
2021-01-07,9.516176470588235,1294.2,136,136,9.67720588235294,-0.014705882352941176,120.77357499906715
2021-01-08,8.729166666666666,628.5,72,72,8.8875,-0.14583333333333334,118.47770777697532
2021-01-09,6.182666666666666,463.7,75,75,6.182666666666666,0.0,111.04905078703081
2021-01-10,7.627058823529412,648.3,85,85,7.770588235294118,-0.08235294117647059,115.26263566521634
2021-01-11,7.469387755102041,366.0,49,49,7.469387755102041,0.0,114.80267717922183
2021-01-12,7.680357142857143,430.1,56,56,7.680357142857143,0.0,115.41811767284494
2021-01-13,7.638271604938272,618.7,81,81,7.638271604938272,0.0,115.29534562280114
2021-01-14,0.0,0.0,0,0,0.0,0.0,93.01295813050996
2021-01-15,0.0,0.0,0,0,0.0,0.0,93.01295813050996
2021-01-16,0.0,0.0,0,0,0.0,0.0,93.01295813050996
2021-01-17,0.0,0.0,0,0,0.0,0.0,93.01295813050996
2021-01-18,0.0,0.0,0,0,0.0,0.0,93.01295813050996
2021-01-19,0.0,0.0,0,0,0.0,0.0,93.01295813050996
2021-01-20,0.0,0.0,0,0,0.0,0.0,93.01295813050996
2021-01-21,0.0,0.0,0,0,0.0,0.0,93.01295813050996
2021-01-22,0.0,0.0,0,0,0.0,0.0,93.01295813050996
2021-01-23,0.0,0.0,0,0,0.0,0.0,93.01295813050996
2021-01-24,0.0,0.0,0,0,0.0,0.0,93.01295813050996
2021-01-25,0.0,0.0,0,0,0.0,0.0,93.01295813050996
2021-01-26,0.0,0.0,0,0,0.0,0.0,93.01295813050996
2021-01-27,0.0,0.0,0,0,0.0,0.0,93.01295813050996
2021-01-28,0.0,0.0,0,0,0.0,0.0,93.01295813050996
2021-01-29,0.0,0.0,0,0,0.0,0.0,93.01295813050996
2021-01-30,0.0,0.0,0,0,0.0,0.0,93.01295813050996
2021-01-31,0.0,0.0,0,0,0.0,0.0,93.01295813050996
2021-02-01,0.0,0.0,0,0,0.0,0.0,93.01295813050996
2021-02-02,0.0,0.0,0,0,0.0,0.0,93.01295813050996
2021-02-03,0.0,0.0,0,0,0.0,0.0,93.01295813050996
2021-02-04,4.860655737704918,296.5,61,61,4.860655737704918,0.0,107.19247677241673
2021-02-05,4.808988764044944,428.0,89,89,4.825842696629214,-0.016853932584269662,107.04175373097614
2021-02-06,4.888888888888889,396.0,81,80,4.962962962962963,-0.07407407407407407,107.27483860076582
2021-02-07,8.26619718309859,586.9,71,71,8.698591549295775,0.0,117.12713189233406
2021-02-08,7.628571428571429,694.2,91,91,7.937362637362637,0.0,115.2670482409157
2021-02-09,7.883870967741936,733.2,93,93,8.216129032258065,0.0,116.0118087774123
2021-02-10,8.82394366197183,626.5,71,71,8.995774647887325,0.0,118.75419149527875
2021-02-11,7.33265306122449,718.6,98,98,7.741836734693878,0.0,114.40379434417711
2021-02-12,9.542307692307691,496.2,52,52,9.542307692307691,0.0,120.84980507284764
2021-02-13,9.217948717948717,719.0,78,78,11.38205128205128,0.0,119.9035841570326
2021-02-14,0.0,0.0,0,0,0.0,0.0,93.01295813050996
2021-02-15,0.0,0.0,0,0,0.0,0.0,93.01295813050996
2021-02-16,0.0,0.0,0,0,0.0,0.0,93.01295813050996
2021-02-17,0.0,0.0,0,0,0.0,0.0,93.01295813050996
2021-02-18,0.0,0.0,0,0,0.0,0.0,93.01295813050996
2021-02-19,0.0,0.0,0,0,0.0,0.0,93.01295813050996
2021-02-20,0.0,0.0,0,0,0.0,0.0,93.01295813050996
2021-02-21,0.0,0.0,0,0,0.0,0.0,93.01295813050996
2021-02-22,0.0,0.0,0,0,0.0,0.0,93.01295813050996
2021-02-23,0.0,0.0,0,0,0.0,0.0,93.01295813050996
2021-02-24,0.0,0.0,0,0,0.0,0.0,93.01295813050996
2021-02-25,0.0,0.0,0,0,0.0,0.0,93.01295813050996
2021-02-26,0.0,0.0,0,0,0.0,0.0,93.01295813050996
2021-02-27,0.0,0.0,0,0,0.0,0.0,93.01295813050996
2021-02-28,0.0,0.0,0,0,0.0,0.0,93.01295813050996
2021-03-01,0.0,0.0,0,0,0.0,0.0,93.01295813050996
2021-03-02,0.0,0.0,0,0,0.0,0.0,93.01295813050996
2021-03-03,0.0,0.0,0,0,0.0,0.0,93.01295813050996
2021-03-04,0.0,0.0,0,0,0.0,0.0,93.01295813050996
2021-03-05,0.0,0.0,0,0,0.0,0.0,93.01295813050996
2021-03-06,0.0,0.0,0,0,0.0,0.0,93.01295813050996
2021-03-07,0.0,0.0,0,0,0.0,0.0,93.01295813050996
2021-03-08,0.0,0.0,0,0,0.0,0.0,93.01295813050996
2021-03-09,0.0,0.0,0,0,0.0,0.0,93.01295813050996
2021-03-10,0.0,0.0,0,0,0.0,0.0,93.01295813050996
2021-03-11,0.0,0.0,0,0,0.0,0.0,93.01295813050996
2021-03-12,0.0,0.0,0,0,0.0,0.0,93.01295813050996
2021-03-13,0.0,0.0,0,0,0.0,0.0,93.01295813050996
2021-03-14,0.0,0.0,0,0,0.0,0.0,93.01295813050996
2021-03-15,0.0,0.0,0,0,0.0,0.0,93.01295813050996
2021-03-16,0.0,0.0,0,0,0.0,0.0,93.01295813050996
2021-03-17,0.0,0.0,0,0,0.0,0.0,93.01295813050996
2021-03-18,0.0,0.0,0,0,0.0,0.0,93.01295813050996
2021-03-19,0.0,0.0,0,0,0.0,0.0,93.01295813050996
2021-03-20,0.0,0.0,0,0,0.0,0.0,93.01295813050996
2021-03-21,0.0,0.0,0,0,0.0,0.0,93.01295813050996
2021-03-22,0.0,0.0,0,0,0.0,0.0,93.01295813050996
2021-03-23,0.0,0.0,0,0,0.0,0.0,93.01295813050996
2021-03-24,0.0,0.0,0,0,0.0,0.0,93.01295813050996
2021-03-25,0.0,0.0,0,0,0.0,0.0,93.01295813050996
2021-03-26,0.0,0.0,0,0,0.0,0.0,93.01295813050996
2021-03-27,0.0,0.0,0,0,0.0,0.0,93.01295813050996
2021-03-28,0.0,0.0,0,0,0.0,0.0,93.01295813050996
2021-03-29,0.0,0.0,0,0,0.0,0.0,93.01295813050996
2021-03-30,0.0,0.0,0,0,0.0,0.0,93.01295813050996
2021-03-31,0.0,0.0,0,0,0.0,0.0,93.01295813050996
2021-04-01,0.0,0.0,0,0,0.0,0.0,93.01295813050996
2021-04-02,0.0,0.0,0,0,0.0,0.0,93.01295813050996
2021-04-03,0.0,0.0,0,0,0.0,0.0,93.01295813050996
2021-04-04,0.0,0.0,0,0,0.0,0.0,93.01295813050996
2021-04-05,0.0,0.0,0,0,0.0,0.0,93.01295813050996
2021-04-06,0.0,0.0,0,0,0.0,0.0,93.01295813050996
2021-04-07,0.0,0.0,0,0,0.0,0.0,93.01295813050996
2021-04-08,0.0,0.0,0,0,0.0,0.0,93.01295813050996
2021-04-09,0.0,0.0,0,0,0.0,0.0,93.01295813050996
2021-04-10,0.0,0.0,0,0,0.0,0.0,93.01295813050996
2021-04-11,0.0,0.0,0,0,0.0,0.0,93.01295813050996
2021-04-12,0.0,0.0,0,0,0.0,0.0,93.01295813050996
2021-04-13,0.0,0.0,0,0,0.0,0.0,93.01295813050996
2021-04-14,0.0,0.0,0,0,0.0,0.0,93.01295813050996
2021-04-15,0.0,0.0,0,0,0.0,0.0,93.01295813050996
2021-04-16,0.0,0.0,0,0,0.0,0.0,93.01295813050996
2021-04-17,0.0,0.0,0,0,0.0,0.0,93.01295813050996
2021-04-18,0.0,0.0,0,0,0.0,0.0,93.01295813050996
2021-04-19,0.0,0.0,0,0,0.0,0.0,93.01295813050996
2021-04-20,0.0,0.0,0,0,0.0,0.0,93.01295813050996
2021-04-21,0.0,0.0,0,0,0.0,0.0,93.01295813050996
2021-04-22,0.0,0.0,0,0,0.0,0.0,93.01295813050996
2021-04-23,0.0,0.0,0,0,0.0,0.0,93.01295813050996
2021-04-24,0.0,0.0,0,0,0.0,0.0,93.01295813050996
2021-04-25,0.0,0.0,0,0,0.0,0.0,93.01295813050996
2021-04-26,0.0,0.0,0,0,0.0,0.0,93.01295813050996
2021-04-27,0.0,0.0,0,0,0.0,0.0,93.01295813050996
2021-04-28,0.0,0.0,0,0,0.0,0.0,93.01295813050996
2021-04-29,0.0,0.0,0,0,0.0,0.0,93.01295813050996
2021-04-30,0.0,0.0,0,0,0.0,0.0,93.01295813050996
2021-05-01,0.0,0.0,0,0,0.0,0.0,93.01295813050996
2021-05-02,0.0,0.0,0,0,0.0,0.0,93.01295813050996
2021-05-03,0.0,0.0,0,0,0.0,0.0,93.01295813050996
2021-05-04,0.0,0.0,0,0,0.0,0.0,93.01295813050996
2021-05-05,0.0,0.0,0,0,0.0,0.0,93.01295813050996
2021-05-06,0.0,0.0,0,0,0.0,0.0,93.01295813050996
2021-05-07,0.0,0.0,0,0,0.0,0.0,93.01295813050996
2021-05-08,0.0,0.0,0,0,0.0,0.0,93.01295813050996
2021-05-09,0.0,0.0,0,0,0.0,0.0,93.01295813050996
2021-05-10,0.0,0.0,0,0,0.0,0.0,93.01295813050996
2021-05-11,0.0,0.0,0,0,0.0,0.0,93.01295813050996
2021-05-12,0.0,0.0,0,0,0.0,0.0,93.01295813050996
2021-05-13,0.0,0.0,0,0,0.0,0.0,93.01295813050996
2021-05-14,0.0,0.0,0,0,0.0,0.0,93.01295813050996
2021-05-15,0.0,0.0,0,0,0.0,0.0,93.01295813050996
2021-05-16,0.0,0.0,0,0,0.0,0.0,93.01295813050996
2021-05-17,0.0,0.0,0,0,0.0,0.0,93.01295813050996
2021-05-18,0.0,0.0,0,0,0.0,0.0,93.01295813050996
2021-05-19,0.0,0.0,0,0,0.0,0.0,93.01295813050996
2021-05-20,0.0,0.0,0,0,0.0,0.0,93.01295813050996
2021-05-21,0.0,0.0,0,0,0.0,0.0,93.01295813050996
2021-05-22,0.0,0.0,0,0,0.0,0.0,93.01295813050996
2021-05-23,0.0,0.0,0,0,0.0,0.0,93.01295813050996
2021-05-24,0.0,0.0,0,0,0.0,0.0,93.01295813050996
2021-05-25,0.0,0.0,0,0,0.0,0.0,93.01295813050996
2021-05-26,0.0,0.0,0,0,0.0,0.0,93.01295813050996
2021-05-27,0.0,0.0,0,0,0.0,0.0,93.01295813050996
2021-05-28,0.0,0.0,0,0,0.0,0.0,93.01295813050996
2021-05-29,0.0,0.0,0,0,0.0,0.0,93.01295813050996
2021-05-30,0.0,0.0,0,0,0.0,0.0,93.01295813050996
2021-05-31,0.0,0.0,0,0,0.0,0.0,93.01295813050996
2021-06-01,0.0,0.0,0,0,0.0,0.0,93.01295813050996
2021-06-02,0.0,0.0,0,0,0.0,0.0,93.01295813050996
2021-06-03,0.0,0.0,0,0,0.0,0.0,93.01295813050996
2021-06-04,0.0,0.0,0,0,0.0,0.0,93.01295813050996
2021-06-05,0.0,0.0,0,0,0.0,0.0,93.01295813050996
2021-06-06,0.0,0.0,0,0,0.0,0.0,93.01295813050996
2021-06-07,0.0,0.0,0,0,0.0,0.0,93.01295813050996
2021-06-08,0.0,0.0,0,0,0.0,0.0,93.01295813050996
2021-06-09,0.0,0.0,0,0,0.0,0.0,93.01295813050996
2021-06-10,0.0,0.0,0,0,0.0,0.0,93.01295813050996
2021-06-11,0.0,0.0,0,0,0.0,0.0,93.01295813050996
2021-06-12,0.0,0.0,0,0,0.0,0.0,93.01295813050996
2021-06-13,0.0,0.0,0,0,0.0,0.0,93.01295813050996
2021-06-14,0.0,0.0,0,0,0.0,0.0,93.01295813050996
2021-06-15,0.0,0.0,0,0,0.0,0.0,93.01295813050996
2021-06-16,0.0,0.0,0,0,0.0,0.0,93.01295813050996
2021-06-17,0.0,0.0,0,0,0.0,0.0,93.01295813050996
2021-06-18,0.0,0.0,0,0,0.0,0.0,93.01295813050996
2021-06-19,0.0,0.0,0,0,0.0,0.0,93.01295813050996
2021-06-20,0.0,0.0,0,0,0.0,0.0,93.01295813050996
2021-06-21,0.0,0.0,0,0,0.0,0.0,93.01295813050996
2021-06-22,0.0,0.0,0,0,0.0,0.0,93.01295813050996
2021-06-23,0.0,0.0,0,0,0.0,0.0,93.01295813050996
2021-06-24,0.0,0.0,0,0,0.0,0.0,93.01295813050996
2021-06-25,0.0,0.0,0,0,0.0,0.0,93.01295813050996
2021-06-26,0.0,0.0,0,0,0.0,0.0,93.01295813050996
2021-06-27,0.0,0.0,0,0,0.0,0.0,93.01295813050996
2021-06-28,0.0,0.0,0,0,0.0,0.0,93.01295813050996
2021-06-29,0.0,0.0,0,0,0.0,0.0,93.01295813050996
2021-06-30,0.0,0.0,0,0,0.0,0.0,93.01295813050996
2021-07-01,0.0,0.0,0,0,0.0,0.0,93.01295813050996
2021-07-02,0.0,0.0,0,0,0.0,0.0,93.01295813050996
2021-07-03,0.0,0.0,0,0,0.0,0.0,93.01295813050996
2021-07-04,0.0,0.0,0,0,0.0,0.0,93.01295813050996
2021-07-05,0.0,0.0,0,0,0.0,0.0,93.01295813050996
2021-07-06,0.0,0.0,0,0,0.0,0.0,93.01295813050996
2021-07-07,0.0,0.0,0,0,0.0,0.0,93.01295813050996
2021-07-08,0.0,0.0,0,0,0.0,0.0,93.01295813050996
2021-07-09,0.0,0.0,0,0,0.0,0.0,93.01295813050996
2021-07-10,0.0,0.0,0,0,0.0,0.0,93.01295813050996
2021-07-11,0.0,0.0,0,0,0.0,0.0,93.01295813050996
2021-07-12,0.0,0.0,0,0,0.0,0.0,93.01295813050996
2021-07-13,0.0,0.0,0,0,0.0,0.0,93.01295813050996
2021-07-14,0.0,0.0,0,0,0.0,0.0,93.01295813050996
2021-07-15,0.0,0.0,0,0,0.0,0.0,93.01295813050996
2021-07-16,0.0,0.0,0,0,0.0,0.0,93.01295813050996
2021-07-17,0.0,0.0,0,0,0.0,0.0,93.01295813050996
2021-07-18,0.0,0.0,0,0,0.0,0.0,93.01295813050996
2021-07-19,0.0,0.0,0,0,0.0,0.0,93.01295813050996
2021-07-20,0.0,0.0,0,0,0.0,0.0,93.01295813050996
2021-07-21,0.0,0.0,0,0,0.0,0.0,93.01295813050996
2021-07-22,0.0,0.0,0,0,0.0,0.0,93.01295813050996
2021-07-23,0.0,0.0,0,0,0.0,0.0,93.01295813050996
2021-07-24,0.0,0.0,0,0,0.0,0.0,93.01295813050996
2021-07-25,0.0,0.0,0,0,0.0,0.0,93.01295813050996
2021-07-26,0.0,0.0,0,0,0.0,0.0,93.01295813050996
2021-07-27,0.0,0.0,0,0,0.0,0.0,93.01295813050996
2021-07-28,0.0,0.0,0,0,0.0,0.0,93.01295813050996
2021-07-29,0.0,0.0,0,0,0.0,0.0,93.01295813050996
2021-07-30,0.0,0.0,0,0,0.0,0.0,93.01295813050996
2021-07-31,0.0,0.0,0,0,0.0,0.0,93.01295813050996
2021-08-01,0.0,0.0,0,0,0.0,0.0,93.01295813050996
2021-08-02,0.0,0.0,0,0,0.0,0.0,93.01295813050996
2021-08-03,0.0,0.0,0,0,0.0,0.0,93.01295813050996
2021-08-04,0.0,0.0,0,0,0.0,0.0,93.01295813050996
2021-08-05,0.0,0.0,0,0,0.0,0.0,93.01295813050996
2021-08-06,0.0,0.0,0,0,0.0,0.0,93.01295813050996
2021-08-07,0.0,0.0,0,0,0.0,0.0,93.01295813050996
2021-08-08,0.0,0.0,0,0,0.0,0.0,93.01295813050996
2021-08-09,0.0,0.0,0,0,0.0,0.0,93.01295813050996
2021-08-10,0.0,0.0,0,0,0.0,0.0,93.01295813050996
2021-08-11,0.0,0.0,0,0,0.0,0.0,93.01295813050996
2021-08-12,0.0,0.0,0,0,0.0,0.0,93.01295813050996
2021-08-13,0.0,0.0,0,0,0.0,0.0,93.01295813050996
2021-08-14,0.0,0.0,0,0,0.0,0.0,93.01295813050996
2021-08-15,0.0,0.0,0,0,0.0,0.0,93.01295813050996
2021-08-16,0.0,0.0,0,0,0.0,0.0,93.01295813050996
2021-08-17,0.0,0.0,0,0,0.0,0.0,93.01295813050996
2021-08-18,0.0,0.0,0,0,0.0,0.0,93.01295813050996
2021-08-19,0.0,0.0,0,0,0.0,0.0,93.01295813050996
2021-08-20,0.0,0.0,0,0,0.0,0.0,93.01295813050996
2021-08-21,0.0,0.0,0,0,0.0,0.0,93.01295813050996
2021-08-22,0.0,0.0,0,0,0.0,0.0,93.01295813050996
2021-08-23,0.0,0.0,0,0,0.0,0.0,93.01295813050996
2021-08-24,0.0,0.0,0,0,0.0,0.0,93.01295813050996
2021-08-25,0.0,0.0,0,0,0.0,0.0,93.01295813050996
2021-08-26,0.0,0.0,0,0,0.0,0.0,93.01295813050996
2021-08-27,0.0,0.0,0,0,0.0,0.0,93.01295813050996
2021-08-28,0.0,0.0,0,0,0.0,0.0,93.01295813050996
2021-08-29,0.0,0.0,0,0,0.0,0.0,93.01295813050996
2021-08-30,0.0,0.0,0,0,0.0,0.0,93.01295813050996
2021-08-31,0.0,0.0,0,0,0.0,0.0,93.01295813050996
2021-09-01,0.0,0.0,0,0,0.0,0.0,93.01295813050996
2021-09-02,0.0,0.0,0,0,0.0,0.0,93.01295813050996
2021-09-03,0.0,0.0,0,0,0.0,0.0,93.01295813050996
2021-09-04,0.0,0.0,0,0,0.0,0.0,93.01295813050996
2021-09-05,0.0,0.0,0,0,0.0,0.0,93.01295813050996
2021-09-06,0.0,0.0,0,0,0.0,0.0,93.01295813050996
2021-09-07,0.0,0.0,0,0,0.0,0.0,93.01295813050996
2021-09-08,0.0,0.0,0,0,0.0,0.0,93.01295813050996
2021-09-09,0.0,0.0,0,0,0.0,0.0,93.01295813050996
2021-09-10,0.0,0.0,0,0,0.0,0.0,93.01295813050996
2021-09-11,0.0,0.0,0,0,0.0,0.0,93.01295813050996
2021-09-12,0.0,0.0,0,0,0.0,0.0,93.01295813050996
2021-09-13,0.0,0.0,0,0,0.0,0.0,93.01295813050996
2021-09-14,0.0,0.0,0,0,0.0,0.0,93.01295813050996
2021-09-15,0.0,0.0,0,0,0.0,0.0,93.01295813050996
2021-09-16,0.0,0.0,0,0,0.0,0.0,93.01295813050996
2021-09-17,0.0,0.0,0,0,0.0,0.0,93.01295813050996
2021-09-18,0.0,0.0,0,0,0.0,0.0,93.01295813050996
2021-09-19,0.0,0.0,0,0,0.0,0.0,93.01295813050996
2021-09-20,0.0,0.0,0,0,0.0,0.0,93.01295813050996
2021-09-21,0.0,0.0,0,0,0.0,0.0,93.01295813050996
2021-09-22,0.0,0.0,0,0,0.0,0.0,93.01295813050996
2021-09-23,0.0,0.0,0,0,0.0,0.0,93.01295813050996
2021-09-24,0.0,0.0,0,0,0.0,0.0,93.01295813050996
2021-09-25,0.0,0.0,0,0,0.0,0.0,93.01295813050996
2021-09-26,0.0,0.0,0,0,0.0,0.0,93.01295813050996
2021-09-27,0.0,0.0,0,0,0.0,0.0,93.01295813050996
2021-09-28,0.0,0.0,0,0,0.0,0.0,93.01295813050996
2021-09-29,0.0,0.0,0,0,0.0,0.0,93.01295813050996
2021-09-30,0.0,0.0,0,0,0.0,0.0,93.01295813050996
2021-10-01,0.0,0.0,0,0,0.0,0.0,93.01295813050996
2021-10-02,0.0,0.0,0,0,0.0,0.0,93.01295813050996
2021-10-03,0.0,0.0,0,0,0.0,0.0,93.01295813050996
2021-10-04,0.0,0.0,0,0,0.0,0.0,93.01295813050996
2021-10-05,0.0,0.0,0,0,0.0,0.0,93.01295813050996
2021-10-06,0.0,0.0,0,0,0.0,0.0,93.01295813050996
2021-10-07,0.0,0.0,0,0,0.0,0.0,93.01295813050996
2021-10-08,0.0,0.0,0,0,0.0,0.0,93.01295813050996
2021-10-09,0.0,0.0,0,0,0.0,0.0,93.01295813050996
2021-10-10,0.0,0.0,0,0,0.0,0.0,93.01295813050996
2021-10-11,0.0,0.0,0,0,0.0,0.0,93.01295813050996
2021-10-12,0.0,0.0,0,0,0.0,0.0,93.01295813050996
2021-10-13,0.0,0.0,0,0,0.0,0.0,93.01295813050996
2021-10-14,0.0,0.0,0,0,0.0,0.0,93.01295813050996
2021-10-15,0.0,0.0,0,0,0.0,0.0,93.01295813050996
2021-10-16,0.0,0.0,0,0,0.0,0.0,93.01295813050996
2021-10-17,0.0,0.0,0,0,0.0,0.0,93.01295813050996
2021-10-18,0.0,0.0,0,0,0.0,0.0,93.01295813050996
2021-10-19,0.0,0.0,0,0,0.0,0.0,93.01295813050996
2021-10-20,0.0,0.0,0,0,0.0,0.0,93.01295813050996
2021-10-21,0.0,0.0,0,0,0.0,0.0,93.01295813050996
2021-10-22,0.0,0.0,0,0,0.0,0.0,93.01295813050996
2021-10-23,0.0,0.0,0,0,0.0,0.0,93.01295813050996
2021-10-24,0.0,0.0,0,0,0.0,0.0,93.01295813050996
2021-10-25,0.0,0.0,0,0,0.0,0.0,93.01295813050996
2021-10-26,0.0,0.0,0,0,0.0,0.0,93.01295813050996
2021-10-27,0.0,0.0,0,0,0.0,0.0,93.01295813050996
2021-10-28,0.0,0.0,0,0,0.0,0.0,93.01295813050996
2021-10-29,0.0,0.0,0,0,0.0,0.0,93.01295813050996
2021-10-30,0.0,0.0,0,0,0.0,0.0,93.01295813050996
2021-10-31,0.0,0.0,0,0,0.0,0.0,93.01295813050996
2021-11-01,0.0,0.0,0,0,0.0,0.0,93.01295813050996
2021-11-02,0.0,0.0,0,0,0.0,0.0,93.01295813050996
2021-11-03,0.0,0.0,0,0,0.0,0.0,93.01295813050996
2021-11-04,0.0,0.0,0,0,0.0,0.0,93.01295813050996
2021-11-05,0.0,0.0,0,0,0.0,0.0,93.01295813050996
2021-11-06,0.0,0.0,0,0,0.0,0.0,93.01295813050996
2021-11-07,0.0,0.0,0,0,0.0,0.0,93.01295813050996
2021-11-08,0.0,0.0,0,0,0.0,0.0,93.01295813050996
2021-11-09,0.0,0.0,0,0,0.0,0.0,93.01295813050996
2021-11-10,0.0,0.0,0,0,0.0,0.0,93.01295813050996
2021-11-11,0.0,0.0,0,0,0.0,0.0,93.01295813050996
2021-11-12,0.0,0.0,0,0,0.0,0.0,93.01295813050996
2021-11-13,0.0,0.0,0,0,0.0,0.0,93.01295813050996
2021-11-14,0.0,0.0,0,0,0.0,0.0,93.01295813050996
2021-11-15,0.0,0.0,0,0,0.0,0.0,93.01295813050996
2021-11-16,0.0,0.0,0,0,0.0,0.0,93.01295813050996
2021-11-17,0.0,0.0,0,0,0.0,0.0,93.01295813050996
2021-11-18,0.0,0.0,0,0,0.0,0.0,93.01295813050996
2021-11-19,0.0,0.0,0,0,0.0,0.0,93.01295813050996
2021-11-20,0.0,0.0,0,0,0.0,0.0,93.01295813050996
2021-11-21,0.0,0.0,0,0,0.0,0.0,93.01295813050996
2021-11-22,0.0,0.0,0,0,0.0,0.0,93.01295813050996
2021-11-23,0.0,0.0,0,0,0.0,0.0,93.01295813050996
2021-11-24,0.0,0.0,0,0,0.0,0.0,93.01295813050996
2021-11-25,0.0,0.0,0,0,0.0,0.0,93.01295813050996
2021-11-26,0.0,0.0,0,0,0.0,0.0,93.01295813050996
2021-11-27,0.0,0.0,0,0,0.0,0.0,93.01295813050996
2021-11-28,0.0,0.0,0,0,0.0,0.0,93.01295813050996
2021-11-29,0.0,0.0,0,0,0.0,0.0,93.01295813050996
2021-11-30,0.0,0.0,0,0,0.0,0.0,93.01295813050996
2021-12-01,0.0,0.0,0,0,0.0,0.0,93.01295813050996
2021-12-02,0.0,0.0,0,0,0.0,0.0,93.01295813050996
2021-12-03,0.0,0.0,0,0,0.0,0.0,93.01295813050996
2021-12-04,0.0,0.0,0,0,0.0,0.0,93.01295813050996
2021-12-05,0.0,0.0,0,0,0.0,0.0,93.01295813050996
2021-12-06,0.0,0.0,0,0,0.0,0.0,93.01295813050996
2021-12-07,0.0,0.0,0,0,0.0,0.0,93.01295813050996
2021-12-08,0.0,0.0,0,0,0.0,0.0,93.01295813050996
2021-12-09,0.0,0.0,0,0,0.0,0.0,93.01295813050996
2021-12-10,0.0,0.0,0,0,0.0,0.0,93.01295813050996
2021-12-11,0.0,0.0,0,0,0.0,0.0,93.01295813050996
2021-12-12,0.0,0.0,0,0,0.0,0.0,93.01295813050996
2021-12-13,0.0,0.0,0,0,0.0,0.0,93.01295813050996
2021-12-14,0.0,0.0,0,0,0.0,0.0,93.01295813050996
2021-12-15,0.0,0.0,0,0,0.0,0.0,93.01295813050996
2021-12-16,0.0,0.0,0,0,0.0,0.0,93.01295813050996
2021-12-17,0.0,0.0,0,0,0.0,0.0,93.01295813050996
2021-12-18,0.0,0.0,0,0,0.0,0.0,93.01295813050996
2021-12-19,0.0,0.0,0,0,0.0,0.0,93.01295813050996
2021-12-20,0.0,0.0,0,0,0.0,0.0,93.01295813050996
2021-12-21,0.0,0.0,0,0,0.0,0.0,93.01295813050996
2021-12-22,0.0,0.0,0,0,0.0,0.0,93.01295813050996
2021-12-23,0.0,0.0,0,0,0.0,0.0,93.01295813050996
2021-12-24,0.0,0.0,0,0,0.0,0.0,93.01295813050996
2021-12-25,0.0,0.0,0,0,0.0,0.0,93.01295813050996
2021-12-26,0.0,0.0,0,0,0.0,0.0,93.01295813050996
2021-12-27,0.0,0.0,0,0,0.0,0.0,93.01295813050996
2021-12-28,0.0,0.0,0,0,0.0,0.0,93.01295813050996
2021-12-29,0.0,0.0,0,0,0.0,0.0,93.01295813050996
2021-12-30,0.0,0.0,0,0,0.0,0.0,93.01295813050996
2021-12-31,0.0,0.0,0,0,0.0,0.0,93.01295813050996
2022-01-01,3.8647727272727277,340.1,88,88,3.8647727272727277,0.0,104.28728404254667
2022-01-02,6.444615384615385,418.9,65,65,6.444615384615385,0.0,111.8132083266329
2022-01-03,5.811249999999999,464.9,80,80,6.04375,0.0,109.96555303835017
2022-01-04,7.066249999999999,565.3,80,80,7.066249999999999,0.0,113.62664258179426
2022-01-05,7.451612903225806,693.0,93,93,7.466666666666667,0.0,114.75082433114187
2022-01-06,7.804672897196262,835.1,107,107,7.813084112149533,0.0,115.78077194240376
2022-01-07,10.367605633802818,736.1,71,71,10.908450704225352,0.0,123.25736655797414
2022-01-08,10.64766355140187,1139.3,107,107,10.813084112149532,0.0,124.07435230592682
2022-01-09,8.613793103448275,749.4,87,87,8.782758620689656,0.0,118.14113969260183
2022-01-10,5.75,402.5,70,70,5.75,0.0,109.78687436541315
2022-01-11,7.7716666666666665,466.3,60,60,7.7716666666666665,0.0,115.68448607351101
2022-01-12,5.2756410256410255,411.5,78,78,5.2756410256410255,0.0,108.40307302607889
2022-01-13,5.822807017543859,331.9,57,57,5.822807017543859,0.0,109.9992672025599
2022-01-14,6.496551724137931,376.8,58,58,6.551724137931035,0.0,111.96471716292834
2022-01-15,6.901298701298701,531.4,77,77,6.901298701298701,0.0,113.1454461874892
2022-01-16,0.0,0.0,0,0,0.0,0.0,93.01295813050996
2022-01-17,0.0,0.0,0,0,0.0,0.0,93.01295813050996
2022-01-18,0.0,0.0,0,0,0.0,0.0,93.01295813050996
2022-01-19,0.0,0.0,0,0,0.0,0.0,93.01295813050996
2022-01-20,0.0,0.0,0,0,0.0,0.0,93.01295813050996
2022-01-21,0.0,0.0,0,0,0.0,0.0,93.01295813050996
2022-01-22,0.0,0.0,0,0,0.0,0.0,93.01295813050996
2022-01-23,0.0,0.0,0,0,0.0,0.0,93.01295813050996
2022-01-24,0.0,0.0,0,0,0.0,0.0,93.01295813050996
2022-01-25,0.0,0.0,0,0,0.0,0.0,93.01295813050996
2022-01-26,0.0,0.0,0,0,0.0,0.0,93.01295813050996
2022-01-27,0.0,0.0,0,0,0.0,0.0,93.01295813050996
2022-01-28,0.0,0.0,0,0,0.0,0.0,93.01295813050996
2022-01-29,0.0,0.0,0,0,0.0,0.0,93.01295813050996
2022-01-30,0.0,0.0,0,0,0.0,0.0,93.01295813050996
2022-01-31,0.0,0.0,0,0,0.0,0.0,93.01295813050996
2022-02-01,0.0,0.0,0,0,0.0,0.0,93.01295813050996
2022-02-02,0.0,0.0,0,0,0.0,0.0,93.01295813050996
2022-02-03,0.0,0.0,0,0,0.0,0.0,93.01295813050996
2022-02-04,0.0,0.0,0,0,0.0,0.0,93.01295813050996
2022-02-05,0.0,0.0,0,0,0.0,0.0,93.01295813050996
2022-02-06,0.0,0.0,0,0,0.0,0.0,93.01295813050996
2022-02-07,0.0,0.0,0,0,0.0,0.0,93.01295813050996
2022-02-08,0.0,0.0,0,0,0.0,0.0,93.01295813050996
2022-02-09,0.0,0.0,0,0,0.0,0.0,93.01295813050996
2022-02-10,0.0,0.0,0,0,0.0,0.0,93.01295813050996
2022-02-11,0.0,0.0,0,0,0.0,0.0,93.01295813050996
2022-02-12,7.336111111111112,264.1,36,36,7.336111111111112,0.0,114.41388217707004
2022-02-13,6.503703703703703,351.2,54,54,6.614814814814815,-0.1111111111111111,111.98558093791094
2022-02-14,2.971942446043166,413.1,139,139,2.971942446043166,0.0,101.68271702527194
2022-02-15,3.692405063291139,291.7,79,79,3.692405063291139,0.0,103.78445260650614
2022-02-16,4.8807017543859645,278.2,57,57,4.8807017543859645,0.0,107.25095506887783
2022-02-17,4.964285714285714,139.0,28,28,4.964285714285714,0.0,107.49478643269347
2022-02-18,3.7923076923076926,147.9,39,39,3.7923076923076926,0.0,104.07588883794445
2022-02-19,3.7838709677419353,117.3,31,31,3.7838709677419353,0.0,104.05127720122044
2022-02-20,3.611764705882353,122.8,34,34,3.611764705882353,0.0,103.54920832818829
2022-02-21,5.434285714285714,190.2,35,35,5.434285714285714,0.0,108.86587175972033
2022-02-22,0.0,0.0,0,0,0.0,0.0,93.01295813050996
2022-02-23,0.0,0.0,0,0,0.0,0.0,93.01295813050996
2022-02-24,0.0,0.0,0,0,0.0,0.0,93.01295813050996
2022-02-25,0.0,0.0,0,0,0.0,0.0,93.01295813050996
2022-02-26,0.0,0.0,0,0,0.0,0.0,93.01295813050996
2022-02-27,0.0,0.0,0,0,0.0,0.0,93.01295813050996
2022-02-28,0.0,0.0,0,0,0.0,0.0,93.01295813050996
2022-03-01,0.0,0.0,0,0,0.0,0.0,93.01295813050996
2022-03-02,0.0,0.0,0,0,0.0,0.0,93.01295813050996
2022-03-03,0.0,0.0,0,0,0.0,0.0,93.01295813050996
2022-03-04,0.0,0.0,0,0,0.0,0.0,93.01295813050996
2022-03-05,0.0,0.0,0,0,0.0,0.0,93.01295813050996
2022-03-06,0.0,0.0,0,0,0.0,0.0,93.01295813050996
2022-03-07,0.0,0.0,0,0,0.0,0.0,93.01295813050996
2022-03-08,0.0,0.0,0,0,0.0,0.0,93.01295813050996
2022-03-09,0.0,0.0,0,0,0.0,0.0,93.01295813050996
2022-03-10,0.0,0.0,0,0,0.0,0.0,93.01295813050996
2022-03-11,0.0,0.0,0,0,0.0,0.0,93.01295813050996
2022-03-12,0.0,0.0,0,0,0.0,0.0,93.01295813050996
2022-03-13,0.0,0.0,0,0,0.0,0.0,93.01295813050996
2022-03-14,0.0,0.0,0,0,0.0,0.0,93.01295813050996
2022-03-15,0.0,0.0,0,0,0.0,0.0,93.01295813050996
2022-03-16,0.0,0.0,0,0,0.0,0.0,93.01295813050996
2022-03-17,0.0,0.0,0,0,0.0,0.0,93.01295813050996
2022-03-18,0.0,0.0,0,0,0.0,0.0,93.01295813050996
2022-03-19,0.0,0.0,0,0,0.0,0.0,93.01295813050996
2022-03-20,0.0,0.0,0,0,0.0,0.0,93.01295813050996
2022-03-21,0.0,0.0,0,0,0.0,0.0,93.01295813050996
2022-03-22,0.0,0.0,0,0,0.0,0.0,93.01295813050996
2022-03-23,0.0,0.0,0,0,0.0,0.0,93.01295813050996
2022-03-24,0.0,0.0,0,0,0.0,0.0,93.01295813050996
2022-03-25,0.0,0.0,0,0,0.0,0.0,93.01295813050996
2022-03-26,0.0,0.0,0,0,0.0,0.0,93.01295813050996
2022-03-27,0.0,0.0,0,0,0.0,0.0,93.01295813050996
2022-03-28,0.0,0.0,0,0,0.0,0.0,93.01295813050996
2022-03-29,0.0,0.0,0,0,0.0,0.0,93.01295813050996
2022-03-30,0.0,0.0,0,0,0.0,0.0,93.01295813050996
2022-03-31,0.0,0.0,0,0,0.0,0.0,93.01295813050996
2022-04-01,0.0,0.0,0,0,0.0,0.0,93.01295813050996
2022-04-02,0.0,0.0,0,0,0.0,0.0,93.01295813050996
2022-04-03,0.0,0.0,0,0,0.0,0.0,93.01295813050996
2022-04-04,0.0,0.0,0,0,0.0,0.0,93.01295813050996
2022-04-05,0.0,0.0,0,0,0.0,0.0,93.01295813050996
2022-04-06,0.0,0.0,0,0,0.0,0.0,93.01295813050996
2022-04-07,0.0,0.0,0,0,0.0,0.0,93.01295813050996
2022-04-08,0.0,0.0,0,0,0.0,0.0,93.01295813050996
2022-04-09,0.0,0.0,0,0,0.0,0.0,93.01295813050996
2022-04-10,0.0,0.0,0,0,0.0,0.0,93.01295813050996
2022-04-11,0.0,0.0,0,0,0.0,0.0,93.01295813050996
2022-04-12,0.0,0.0,0,0,0.0,0.0,93.01295813050996
2022-04-13,0.0,0.0,0,0,0.0,0.0,93.01295813050996
2022-04-14,0.0,0.0,0,0,0.0,0.0,93.01295813050996
2022-04-15,0.0,0.0,0,0,0.0,0.0,93.01295813050996
2022-04-16,0.0,0.0,0,0,0.0,0.0,93.01295813050996
2022-04-17,0.0,0.0,0,0,0.0,0.0,93.01295813050996
2022-04-18,0.0,0.0,0,0,0.0,0.0,93.01295813050996
2022-04-19,0.0,0.0,0,0,0.0,0.0,93.01295813050996
2022-04-20,0.0,0.0,0,0,0.0,0.0,93.01295813050996
2022-04-21,0.0,0.0,0,0,0.0,0.0,93.01295813050996
2022-04-22,0.0,0.0,0,0,0.0,0.0,93.01295813050996
2022-04-23,0.0,0.0,0,0,0.0,0.0,93.01295813050996
2022-04-24,0.0,0.0,0,0,0.0,0.0,93.01295813050996
2022-04-25,0.0,0.0,0,0,0.0,0.0,93.01295813050996
2022-04-26,0.0,0.0,0,0,0.0,0.0,93.01295813050996
2022-04-27,0.0,0.0,0,0,0.0,0.0,93.01295813050996
2022-04-28,0.0,0.0,0,0,0.0,0.0,93.01295813050996
2022-04-29,0.0,0.0,0,0,0.0,0.0,93.01295813050996
2022-04-30,0.0,0.0,0,0,0.0,0.0,93.01295813050996
2022-05-01,0.0,0.0,0,0,0.0,0.0,93.01295813050996
2022-05-02,0.0,0.0,0,0,0.0,0.0,93.01295813050996
2022-05-03,0.0,0.0,0,0,0.0,0.0,93.01295813050996
2022-05-04,0.0,0.0,0,0,0.0,0.0,93.01295813050996
2022-05-05,0.0,0.0,0,0,0.0,0.0,93.01295813050996
2022-05-06,0.0,0.0,0,0,0.0,0.0,93.01295813050996
2022-05-07,0.0,0.0,0,0,0.0,0.0,93.01295813050996
2022-05-08,0.0,0.0,0,0,0.0,0.0,93.01295813050996
2022-05-09,0.0,0.0,0,0,0.0,0.0,93.01295813050996
2022-05-10,0.0,0.0,0,0,0.0,0.0,93.01295813050996
2022-05-11,0.0,0.0,0,0,0.0,0.0,93.01295813050996
2022-05-12,0.0,0.0,0,0,0.0,0.0,93.01295813050996
2022-05-13,0.0,0.0,0,0,0.0,0.0,93.01295813050996
2022-05-14,0.0,0.0,0,0,0.0,0.0,93.01295813050996
2022-05-15,0.0,0.0,0,0,0.0,0.0,93.01295813050996
2022-05-16,0.0,0.0,0,0,0.0,0.0,93.01295813050996
2022-05-17,0.0,0.0,0,0,0.0,0.0,93.01295813050996
2022-05-18,0.0,0.0,0,0,0.0,0.0,93.01295813050996
2022-05-19,0.0,0.0,0,0,0.0,0.0,93.01295813050996
2022-05-20,0.0,0.0,0,0,0.0,0.0,93.01295813050996
2022-05-21,0.0,0.0,0,0,0.0,0.0,93.01295813050996
2022-05-22,0.0,0.0,0,0,0.0,0.0,93.01295813050996
2022-05-23,0.0,0.0,0,0,0.0,0.0,93.01295813050996
2022-05-24,0.0,0.0,0,0,0.0,0.0,93.01295813050996
2022-05-25,0.0,0.0,0,0,0.0,0.0,93.01295813050996
2022-05-26,0.0,0.0,0,0,0.0,0.0,93.01295813050996
2022-05-27,0.0,0.0,0,0,0.0,0.0,93.01295813050996
2022-05-28,0.0,0.0,0,0,0.0,0.0,93.01295813050996
2022-05-29,0.0,0.0,0,0,0.0,0.0,93.01295813050996
2022-05-30,0.0,0.0,0,0,0.0,0.0,93.01295813050996
2022-05-31,0.0,0.0,0,0,0.0,0.0,93.01295813050996
2022-06-01,0.0,0.0,0,0,0.0,0.0,93.01295813050996
2022-06-02,0.0,0.0,0,0,0.0,0.0,93.01295813050996
2022-06-03,0.0,0.0,0,0,0.0,0.0,93.01295813050996
2022-06-04,0.0,0.0,0,0,0.0,0.0,93.01295813050996
2022-06-05,0.0,0.0,0,0,0.0,0.0,93.01295813050996
2022-06-06,0.0,0.0,0,0,0.0,0.0,93.01295813050996
2022-06-07,0.0,0.0,0,0,0.0,0.0,93.01295813050996
2022-06-08,0.0,0.0,0,0,0.0,0.0,93.01295813050996
2022-06-09,0.0,0.0,0,0,0.0,0.0,93.01295813050996
2022-06-10,0.0,0.0,0,0,0.0,0.0,93.01295813050996
2022-06-11,0.0,0.0,0,0,0.0,0.0,93.01295813050996
2022-06-12,0.0,0.0,0,0,0.0,0.0,93.01295813050996
2022-06-13,0.0,0.0,0,0,0.0,0.0,93.01295813050996
2022-06-14,0.0,0.0,0,0,0.0,0.0,93.01295813050996
2022-06-15,0.0,0.0,0,0,0.0,0.0,93.01295813050996
2022-06-16,0.0,0.0,0,0,0.0,0.0,93.01295813050996
2022-06-17,0.0,0.0,0,0,0.0,0.0,93.01295813050996
2022-06-18,0.0,0.0,0,0,0.0,0.0,93.01295813050996
2022-06-19,0.0,0.0,0,0,0.0,0.0,93.01295813050996
2022-06-20,0.0,0.0,0,0,0.0,0.0,93.01295813050996
2022-06-21,0.0,0.0,0,0,0.0,0.0,93.01295813050996
2022-06-22,0.0,0.0,0,0,0.0,0.0,93.01295813050996
2022-06-23,0.0,0.0,0,0,0.0,0.0,93.01295813050996
2022-06-24,0.0,0.0,0,0,0.0,0.0,93.01295813050996
2022-06-25,0.0,0.0,0,0,0.0,0.0,93.01295813050996
2022-06-26,0.0,0.0,0,0,0.0,0.0,93.01295813050996
2022-06-27,0.0,0.0,0,0,0.0,0.0,93.01295813050996
2022-06-28,0.0,0.0,0,0,0.0,0.0,93.01295813050996
2022-06-29,0.0,0.0,0,0,0.0,0.0,93.01295813050996
2022-06-30,0.0,0.0,0,0,0.0,0.0,93.01295813050996
2022-07-01,0.0,0.0,0,0,0.0,0.0,93.01295813050996
2022-07-02,0.0,0.0,0,0,0.0,0.0,93.01295813050996
2022-07-03,0.0,0.0,0,0,0.0,0.0,93.01295813050996
2022-07-04,0.0,0.0,0,0,0.0,0.0,93.01295813050996
2022-07-05,0.0,0.0,0,0,0.0,0.0,93.01295813050996
2022-07-06,0.0,0.0,0,0,0.0,0.0,93.01295813050996
2022-07-07,0.0,0.0,0,0,0.0,0.0,93.01295813050996
2022-07-08,0.0,0.0,0,0,0.0,0.0,93.01295813050996
2022-07-09,0.0,0.0,0,0,0.0,0.0,93.01295813050996
2022-07-10,0.0,0.0,0,0,0.0,0.0,93.01295813050996
2022-07-11,0.0,0.0,0,0,0.0,0.0,93.01295813050996
2022-07-12,0.0,0.0,0,0,0.0,0.0,93.01295813050996
2022-07-13,0.0,0.0,0,0,0.0,0.0,93.01295813050996
2022-07-14,0.0,0.0,0,0,0.0,0.0,93.01295813050996
2022-07-15,0.0,0.0,0,0,0.0,0.0,93.01295813050996
2022-07-16,0.0,0.0,0,0,0.0,0.0,93.01295813050996
2022-07-17,0.0,0.0,0,0,0.0,0.0,93.01295813050996
2022-07-18,0.0,0.0,0,0,0.0,0.0,93.01295813050996
2022-07-19,0.0,0.0,0,0,0.0,0.0,93.01295813050996
2022-07-20,0.0,0.0,0,0,0.0,0.0,93.01295813050996
2022-07-21,0.0,0.0,0,0,0.0,0.0,93.01295813050996
2022-07-22,0.0,0.0,0,0,0.0,0.0,93.01295813050996
2022-07-23,0.0,0.0,0,0,0.0,0.0,93.01295813050996
2022-07-24,0.0,0.0,0,0,0.0,0.0,93.01295813050996
2022-07-25,0.0,0.0,0,0,0.0,0.0,93.01295813050996
2022-07-26,0.0,0.0,0,0,0.0,0.0,93.01295813050996
2022-07-27,0.0,0.0,0,0,0.0,0.0,93.01295813050996
2022-07-28,0.0,0.0,0,0,0.0,0.0,93.01295813050996
2022-07-29,0.0,0.0,0,0,0.0,0.0,93.01295813050996
2022-07-30,0.0,0.0,0,0,0.0,0.0,93.01295813050996
2022-07-31,0.0,0.0,0,0,0.0,0.0,93.01295813050996
2022-08-01,0.0,0.0,0,0,0.0,0.0,93.01295813050996
2022-08-02,0.0,0.0,0,0,0.0,0.0,93.01295813050996
2022-08-03,0.0,0.0,0,0,0.0,0.0,93.01295813050996
2022-08-04,0.0,0.0,0,0,0.0,0.0,93.01295813050996
2022-08-05,0.0,0.0,0,0,0.0,0.0,93.01295813050996
2022-08-06,0.0,0.0,0,0,0.0,0.0,93.01295813050996
2022-08-07,0.0,0.0,0,0,0.0,0.0,93.01295813050996
2022-08-08,0.0,0.0,0,0,0.0,0.0,93.01295813050996
2022-08-09,0.0,0.0,0,0,0.0,0.0,93.01295813050996
2022-08-10,0.0,0.0,0,0,0.0,0.0,93.01295813050996
2022-08-11,0.0,0.0,0,0,0.0,0.0,93.01295813050996
2022-08-12,0.0,0.0,0,0,0.0,0.0,93.01295813050996
2022-08-13,0.0,0.0,0,0,0.0,0.0,93.01295813050996
2022-08-14,0.0,0.0,0,0,0.0,0.0,93.01295813050996
2022-08-15,0.0,0.0,0,0,0.0,0.0,93.01295813050996
2022-08-16,0.0,0.0,0,0,0.0,0.0,93.01295813050996
2022-08-17,0.0,0.0,0,0,0.0,0.0,93.01295813050996
2022-08-18,0.0,0.0,0,0,0.0,0.0,93.01295813050996
2022-08-19,0.0,0.0,0,0,0.0,0.0,93.01295813050996
2022-08-20,0.0,0.0,0,0,0.0,0.0,93.01295813050996
2022-08-21,0.0,0.0,0,0,0.0,0.0,93.01295813050996
2022-08-22,0.0,0.0,0,0,0.0,0.0,93.01295813050996
2022-08-23,0.0,0.0,0,0,0.0,0.0,93.01295813050996
2022-08-24,0.0,0.0,0,0,0.0,0.0,93.01295813050996
2022-08-25,0.0,0.0,0,0,0.0,0.0,93.01295813050996
2022-08-26,0.0,0.0,0,0,0.0,0.0,93.01295813050996
2022-08-27,0.0,0.0,0,0,0.0,0.0,93.01295813050996
2022-08-28,0.0,0.0,0,0,0.0,0.0,93.01295813050996
2022-08-29,0.0,0.0,0,0,0.0,0.0,93.01295813050996
2022-08-30,0.0,0.0,0,0,0.0,0.0,93.01295813050996
2022-08-31,0.0,0.0,0,0,0.0,0.0,93.01295813050996
2022-09-01,0.0,0.0,0,0,0.0,0.0,93.01295813050996
2022-09-02,0.0,0.0,0,0,0.0,0.0,93.01295813050996
2022-09-03,0.0,0.0,0,0,0.0,0.0,93.01295813050996
2022-09-04,0.0,0.0,0,0,0.0,0.0,93.01295813050996
2022-09-05,0.0,0.0,0,0,0.0,0.0,93.01295813050996
2022-09-06,0.0,0.0,0,0,0.0,0.0,93.01295813050996
2022-09-07,0.0,0.0,0,0,0.0,0.0,93.01295813050996
2022-09-08,0.0,0.0,0,0,0.0,0.0,93.01295813050996
2022-09-09,0.0,0.0,0,0,0.0,0.0,93.01295813050996
2022-09-10,0.0,0.0,0,0,0.0,0.0,93.01295813050996
2022-09-11,0.0,0.0,0,0,0.0,0.0,93.01295813050996
2022-09-12,0.0,0.0,0,0,0.0,0.0,93.01295813050996
2022-09-13,0.0,0.0,0,0,0.0,0.0,93.01295813050996
2022-09-14,0.0,0.0,0,0,0.0,0.0,93.01295813050996
2022-09-15,0.0,0.0,0,0,0.0,0.0,93.01295813050996
2022-09-16,0.0,0.0,0,0,0.0,0.0,93.01295813050996
2022-09-17,0.0,0.0,0,0,0.0,0.0,93.01295813050996
2022-09-18,0.0,0.0,0,0,0.0,0.0,93.01295813050996
2022-09-19,0.0,0.0,0,0,0.0,0.0,93.01295813050996
2022-09-20,0.0,0.0,0,0,0.0,0.0,93.01295813050996
2022-09-21,0.0,0.0,0,0,0.0,0.0,93.01295813050996
2022-09-22,0.0,0.0,0,0,0.0,0.0,93.01295813050996
2022-09-23,0.0,0.0,0,0,0.0,0.0,93.01295813050996
2022-09-24,0.0,0.0,0,0,0.0,0.0,93.01295813050996
2022-09-25,0.0,0.0,0,0,0.0,0.0,93.01295813050996
2022-09-26,0.0,0.0,0,0,0.0,0.0,93.01295813050996
2022-09-27,0.0,0.0,0,0,0.0,0.0,93.01295813050996
2022-09-28,0.0,0.0,0,0,0.0,0.0,93.01295813050996
2022-09-29,0.0,0.0,0,0,0.0,0.0,93.01295813050996
2022-09-30,0.0,0.0,0,0,0.0,0.0,93.01295813050996
2022-10-01,0.0,0.0,0,0,0.0,0.0,93.01295813050996
2022-10-02,0.0,0.0,0,0,0.0,0.0,93.01295813050996
2022-10-03,0.0,0.0,0,0,0.0,0.0,93.01295813050996
2022-10-04,0.0,0.0,0,0,0.0,0.0,93.01295813050996
2022-10-05,0.0,0.0,0,0,0.0,0.0,93.01295813050996
2022-10-06,0.0,0.0,0,0,0.0,0.0,93.01295813050996
2022-10-07,0.0,0.0,0,0,0.0,0.0,93.01295813050996
2022-10-08,0.0,0.0,0,0,0.0,0.0,93.01295813050996
2022-10-09,0.0,0.0,0,0,0.0,0.0,93.01295813050996
2022-10-10,0.0,0.0,0,0,0.0,0.0,93.01295813050996
2022-10-11,0.0,0.0,0,0,0.0,0.0,93.01295813050996
2022-10-12,0.0,0.0,0,0,0.0,0.0,93.01295813050996
2022-10-13,0.0,0.0,0,0,0.0,0.0,93.01295813050996
2022-10-14,0.0,0.0,0,0,0.0,0.0,93.01295813050996
2022-10-15,0.0,0.0,0,0,0.0,0.0,93.01295813050996
2022-10-16,0.0,0.0,0,0,0.0,0.0,93.01295813050996
2022-10-17,0.0,0.0,0,0,0.0,0.0,93.01295813050996
2022-10-18,0.0,0.0,0,0,0.0,0.0,93.01295813050996
2022-10-19,0.0,0.0,0,0,0.0,0.0,93.01295813050996
2022-10-20,0.0,0.0,0,0,0.0,0.0,93.01295813050996
2022-10-21,0.0,0.0,0,0,0.0,0.0,93.01295813050996
2022-10-22,0.0,0.0,0,0,0.0,0.0,93.01295813050996
2022-10-23,0.0,0.0,0,0,0.0,0.0,93.01295813050996
2022-10-24,0.0,0.0,0,0,0.0,0.0,93.01295813050996
2022-10-25,0.0,0.0,0,0,0.0,0.0,93.01295813050996
2022-10-26,0.0,0.0,0,0,0.0,0.0,93.01295813050996
2022-10-27,0.0,0.0,0,0,0.0,0.0,93.01295813050996
2022-10-28,0.0,0.0,0,0,0.0,0.0,93.01295813050996
2022-10-29,0.0,0.0,0,0,0.0,0.0,93.01295813050996
2022-10-30,0.0,0.0,0,0,0.0,0.0,93.01295813050996
2022-10-31,0.0,0.0,0,0,0.0,0.0,93.01295813050996
2022-11-01,0.0,0.0,0,0,0.0,0.0,93.01295813050996
2022-11-02,0.0,0.0,0,0,0.0,0.0,93.01295813050996
2022-11-03,0.0,0.0,0,0,0.0,0.0,93.01295813050996
2022-11-04,0.0,0.0,0,0,0.0,0.0,93.01295813050996
2022-11-05,0.0,0.0,0,0,0.0,0.0,93.01295813050996
2022-11-06,0.0,0.0,0,0,0.0,0.0,93.01295813050996
2022-11-07,0.0,0.0,0,0,0.0,0.0,93.01295813050996
2022-11-08,0.0,0.0,0,0,0.0,0.0,93.01295813050996
2022-11-09,0.0,0.0,0,0,0.0,0.0,93.01295813050996
2022-11-10,0.0,0.0,0,0,0.0,0.0,93.01295813050996
2022-11-11,0.0,0.0,0,0,0.0,0.0,93.01295813050996
2022-11-12,0.0,0.0,0,0,0.0,0.0,93.01295813050996
2022-11-13,0.0,0.0,0,0,0.0,0.0,93.01295813050996
2022-11-14,0.0,0.0,0,0,0.0,0.0,93.01295813050996
2022-11-15,0.0,0.0,0,0,0.0,0.0,93.01295813050996
2022-11-16,0.0,0.0,0,0,0.0,0.0,93.01295813050996
2022-11-17,0.0,0.0,0,0,0.0,0.0,93.01295813050996
2022-11-18,0.0,0.0,0,0,0.0,0.0,93.01295813050996
2022-11-19,0.0,0.0,0,0,0.0,0.0,93.01295813050996
2022-11-20,0.0,0.0,0,0,0.0,0.0,93.01295813050996
2022-11-21,0.0,0.0,0,0,0.0,0.0,93.01295813050996
2022-11-22,0.0,0.0,0,0,0.0,0.0,93.01295813050996
2022-11-23,0.0,0.0,0,0,0.0,0.0,93.01295813050996
2022-11-24,0.0,0.0,0,0,0.0,0.0,93.01295813050996
2022-11-25,0.0,0.0,0,0,0.0,0.0,93.01295813050996
2022-11-26,0.0,0.0,0,0,0.0,0.0,93.01295813050996
2022-11-27,0.0,0.0,0,0,0.0,0.0,93.01295813050996
2022-11-28,0.0,0.0,0,0,0.0,0.0,93.01295813050996
2022-11-29,0.0,0.0,0,0,0.0,0.0,93.01295813050996
2022-11-30,0.0,0.0,0,0,0.0,0.0,93.01295813050996
2022-12-01,0.0,0.0,0,0,0.0,0.0,93.01295813050996
2022-12-02,0.0,0.0,0,0,0.0,0.0,93.01295813050996
2022-12-03,0.0,0.0,0,0,0.0,0.0,93.01295813050996
2022-12-04,0.0,0.0,0,0,0.0,0.0,93.01295813050996
2022-12-05,0.0,0.0,0,0,0.0,0.0,93.01295813050996
2022-12-06,0.0,0.0,0,0,0.0,0.0,93.01295813050996
2022-12-07,0.0,0.0,0,0,0.0,0.0,93.01295813050996
2022-12-08,0.0,0.0,0,0,0.0,0.0,93.01295813050996
2022-12-09,0.0,0.0,0,0,0.0,0.0,93.01295813050996
2022-12-10,0.0,0.0,0,0,0.0,0.0,93.01295813050996
2022-12-11,0.0,0.0,0,0,0.0,0.0,93.01295813050996
2022-12-12,0.0,0.0,0,0,0.0,0.0,93.01295813050996
2022-12-13,0.0,0.0,0,0,0.0,0.0,93.01295813050996
2022-12-14,0.0,0.0,0,0,0.0,0.0,93.01295813050996
2022-12-15,0.0,0.0,0,0,0.0,0.0,93.01295813050996
2022-12-16,0.0,0.0,0,0,0.0,0.0,93.01295813050996
2022-12-17,0.0,0.0,0,0,0.0,0.0,93.01295813050996
2022-12-18,0.0,0.0,0,0,0.0,0.0,93.01295813050996
2022-12-19,0.0,0.0,0,0,0.0,0.0,93.01295813050996
2022-12-20,0.0,0.0,0,0,0.0,0.0,93.01295813050996
2022-12-21,0.0,0.0,0,0,0.0,0.0,93.01295813050996
2022-12-22,0.0,0.0,0,0,0.0,0.0,93.01295813050996
2022-12-23,0.0,0.0,0,0,0.0,0.0,93.01295813050996
2022-12-24,0.0,0.0,0,0,0.0,0.0,93.01295813050996
2022-12-25,0.0,0.0,0,0,0.0,0.0,93.01295813050996
2022-12-26,0.0,0.0,0,0,0.0,0.0,93.01295813050996
2022-12-27,0.0,0.0,0,0,0.0,0.0,93.01295813050996
2022-12-28,0.0,0.0,0,0,0.0,0.0,93.01295813050996
2022-12-29,0.0,0.0,0,0,0.0,0.0,93.01295813050996
2022-12-30,0.0,0.0,0,0,0.0,0.0,93.01295813050996
2022-12-31,0.0,0.0,0,0,0.0,0.0,93.01295813050996
2023-01-01,0.0,0.0,0,0,0.0,0.0,93.01295813050996
2023-01-02,0.0,0.0,0,0,0.0,0.0,93.01295813050996
2023-01-03,0.0,0.0,0,0,0.0,0.0,93.01295813050996
2023-01-04,0.0,0.0,0,0,0.0,0.0,93.01295813050996
2023-01-05,0.0,0.0,0,0,0.0,0.0,93.01295813050996
2023-01-06,0.0,0.0,0,0,0.0,0.0,93.01295813050996
2023-01-07,9.075,72.6,8,8,9.075,0.0,119.4865737534224
2023-01-08,10.799999999999999,118.8,11,11,10.799999999999999,0.0,124.51874862389336
2023-01-09,6.521428571428571,91.3,14,14,6.521428571428571,0.0,112.0372879720834
2023-01-10,11.308695652173913,260.1,23,23,12.208695652173914,0.0,126.00271701669766
2023-01-11,11.153846153846153,290.0,26,26,11.323076923076922,0.0,125.55098962296432
2023-01-12,10.642857142857142,447.0,42,42,10.642857142857142,0.0,124.06033103734941
2023-01-13,13.953658536585367,572.1,41,41,13.96829268292683,0.0,133.71861021105343
2023-01-14,13.246341463414634,1086.2,82,82,13.385365853658536,-0.054878048780487805,131.6552228481173
2023-01-15,14.22142857142857,597.3,42,42,15.323809523809524,-0.047619047619047616,134.4997497127364
2023-01-16,10.408823529411764,353.9,34,34,11.394117647058822,-0.058823529411764705,123.37760751942169
2023-01-17,3.763157894736842,143.0,38,38,3.763157894736842,0.0,103.99085296616742
2023-01-18,6.913333333333333,207.4,30,30,7.33,0.0,113.18055365003995
2023-01-19,6.0181818181818185,132.4,22,22,6.0181818181818185,0.0,110.56921512261418
2023-01-20,6.6275,265.1,40,40,6.6275,0.0,112.34671984300056
2023-01-21,9.134615384615385,237.5,26,26,9.134615384615385,0.0,119.66048392174415
2023-01-22,0.0,0.0,0,0,0.0,0.0,93.01295813050996
2023-01-23,0.0,0.0,0,0,0.0,0.0,93.01295813050996
2023-01-24,0.0,0.0,0,0,0.0,0.0,93.01295813050996
2023-01-25,0.0,0.0,0,0,0.0,0.0,93.01295813050996
2023-01-26,0.0,0.0,0,0,0.0,0.0,93.01295813050996
2023-01-27,0.0,0.0,0,0,0.0,0.0,93.01295813050996
2023-01-28,0.0,0.0,0,0,0.0,0.0,93.01295813050996
2023-01-29,7.011538461538462,182.3,26,26,7.011538461538462,0.0,113.46703792731834
2023-01-30,10.314423076923077,1072.7,104,104,10.391346153846154,0.0,123.10222225288565
2023-01-31,11.449206349206348,721.3,63,63,11.5984126984127,0.0,126.4126152188072
2023-02-01,11.725,1125.6,96,96,11.816666666666668,0.0,127.21716123559519
2023-02-02,12.132352941176471,412.5,34,34,12.132352941176471,0.0,128.4054923857405
2023-02-03,10.161764705882353,345.5,34,34,10.161764705882353,0.0,122.65688682186064
2023-02-04,7.066666666666666,212.0,30,30,7.066666666666666,0.0,113.6278580829707
2023-02-05,6.496875,207.9,32,32,6.496875,0.0,111.96566022418591
2023-02-06,4.929166666666666,118.3,24,24,4.929166666666666,0.0,107.39233704782191
2023-02-07,7.696428571428571,215.5,28,28,7.696428571428571,0.0,115.46500128965057
2023-02-08,0.0,0.0,0,0,0.0,0.0,93.01295813050996
2023-02-09,0.0,0.0,0,0,0.0,0.0,93.01295813050996
2023-02-10,0.0,0.0,0,0,0.0,0.0,93.01295813050996
2023-02-11,0.0,0.0,0,0,0.0,0.0,93.01295813050996
2023-02-12,0.0,0.0,0,0,0.0,0.0,93.01295813050996
2023-02-13,0.0,0.0,0,0,0.0,0.0,93.01295813050996
2023-02-14,0.0,0.0,0,0,0.0,0.0,93.01295813050996
2023-02-15,0.0,0.0,0,0,0.0,0.0,93.01295813050996
2023-02-16,0.0,0.0,0,0,0.0,0.0,93.01295813050996
2023-02-17,0.0,0.0,0,0,0.0,0.0,93.01295813050996
2023-02-18,0.0,0.0,0,0,0.0,0.0,93.01295813050996
2023-02-19,0.0,0.0,0,0,0.0,0.0,93.01295813050996
2023-02-20,0.0,0.0,0,0,0.0,0.0,93.01295813050996
2023-02-21,0.0,0.0,0,0,0.0,0.0,93.01295813050996
2023-02-22,0.0,0.0,0,0,0.0,0.0,93.01295813050996
2023-02-23,0.0,0.0,0,0,0.0,0.0,93.01295813050996
2023-02-24,0.0,0.0,0,0,0.0,0.0,93.01295813050996
2023-02-25,0.0,0.0,0,0,0.0,0.0,93.01295813050996
2023-02-26,0.0,0.0,0,0,0.0,0.0,93.01295813050996
2023-02-27,0.0,0.0,0,0,0.0,0.0,93.01295813050996
2023-02-28,0.0,0.0,0,0,0.0,0.0,93.01295813050996
2023-03-01,0.0,0.0,0,0,0.0,0.0,93.01295813050996
2023-03-02,0.0,0.0,0,0,0.0,0.0,93.01295813050996
2023-03-03,0.0,0.0,0,0,0.0,0.0,93.01295813050996
2023-03-04,0.0,0.0,0,0,0.0,0.0,93.01295813050996
2023-03-05,0.0,0.0,0,0,0.0,0.0,93.01295813050996
2023-03-06,0.0,0.0,0,0,0.0,0.0,93.01295813050996
2023-03-07,0.0,0.0,0,0,0.0,0.0,93.01295813050996
2023-03-08,0.0,0.0,0,0,0.0,0.0,93.01295813050996
2023-03-09,0.0,0.0,0,0,0.0,0.0,93.01295813050996
2023-03-10,0.0,0.0,0,0,0.0,0.0,93.01295813050996
2023-03-11,0.0,0.0,0,0,0.0,0.0,93.01295813050996
2023-03-12,0.0,0.0,0,0,0.0,0.0,93.01295813050996
2023-03-13,0.0,0.0,0,0,0.0,0.0,93.01295813050996
2023-03-14,0.0,0.0,0,0,0.0,0.0,93.01295813050996
2023-03-15,0.0,0.0,0,0,0.0,0.0,93.01295813050996
2023-03-16,0.0,0.0,0,0,0.0,0.0,93.01295813050996
2023-03-17,0.0,0.0,0,0,0.0,0.0,93.01295813050996
2023-03-18,0.0,0.0,0,0,0.0,0.0,93.01295813050996
2023-03-19,0.0,0.0,0,0,0.0,0.0,93.01295813050996
2023-03-20,0.0,0.0,0,0,0.0,0.0,93.01295813050996
2023-03-21,0.0,0.0,0,0,0.0,0.0,93.01295813050996
2023-03-22,0.0,0.0,0,0,0.0,0.0,93.01295813050996
2023-03-23,0.0,0.0,0,0,0.0,0.0,93.01295813050996
2023-03-24,0.0,0.0,0,0,0.0,0.0,93.01295813050996
2023-03-25,0.0,0.0,0,0,0.0,0.0,93.01295813050996
2023-03-26,0.0,0.0,0,0,0.0,0.0,93.01295813050996
2023-03-27,0.0,0.0,0,0,0.0,0.0,93.01295813050996
2023-03-28,0.0,0.0,0,0,0.0,0.0,93.01295813050996
2023-03-29,0.0,0.0,0,0,0.0,0.0,93.01295813050996
2023-03-30,0.0,0.0,0,0,0.0,0.0,93.01295813050996
2023-03-31,0.0,0.0,0,0,0.0,0.0,93.01295813050996
2023-04-01,0.0,0.0,0,0,0.0,0.0,93.01295813050996
2023-04-02,0.0,0.0,0,0,0.0,0.0,93.01295813050996
2023-04-03,0.0,0.0,0,0,0.0,0.0,93.01295813050996
2023-04-04,0.0,0.0,0,0,0.0,0.0,93.01295813050996
2023-04-05,0.0,0.0,0,0,0.0,0.0,93.01295813050996
2023-04-06,0.0,0.0,0,0,0.0,0.0,93.01295813050996
2023-04-07,0.0,0.0,0,0,0.0,0.0,93.01295813050996
2023-04-08,0.0,0.0,0,0,0.0,0.0,93.01295813050996
2023-04-09,0.0,0.0,0,0,0.0,0.0,93.01295813050996
2023-04-10,0.0,0.0,0,0,0.0,0.0,93.01295813050996
2023-04-11,0.0,0.0,0,0,0.0,0.0,93.01295813050996
2023-04-12,0.0,0.0,0,0,0.0,0.0,93.01295813050996
2023-04-13,0.0,0.0,0,0,0.0,0.0,93.01295813050996
2023-04-14,0.0,0.0,0,0,0.0,0.0,93.01295813050996
2023-04-15,0.0,0.0,0,0,0.0,0.0,93.01295813050996
2023-04-16,0.0,0.0,0,0,0.0,0.0,93.01295813050996
2023-04-17,0.0,0.0,0,0,0.0,0.0,93.01295813050996
2023-04-18,0.0,0.0,0,0,0.0,0.0,93.01295813050996
2023-04-19,0.0,0.0,0,0,0.0,0.0,93.01295813050996
2023-04-20,0.0,0.0,0,0,0.0,0.0,93.01295813050996
2023-04-21,0.0,0.0,0,0,0.0,0.0,93.01295813050996
2023-04-22,0.0,0.0,0,0,0.0,0.0,93.01295813050996
2023-04-23,0.0,0.0,0,0,0.0,0.0,93.01295813050996
2023-04-24,0.0,0.0,0,0,0.0,0.0,93.01295813050996
2023-04-25,0.0,0.0,0,0,0.0,0.0,93.01295813050996
2023-04-26,0.0,0.0,0,0,0.0,0.0,93.01295813050996
2023-04-27,0.0,0.0,0,0,0.0,0.0,93.01295813050996
2023-04-28,0.0,0.0,0,0,0.0,0.0,93.01295813050996
2023-04-29,0.0,0.0,0,0,0.0,0.0,93.01295813050996
2023-04-30,0.0,0.0,0,0,0.0,0.0,93.01295813050996
2023-05-01,0.0,0.0,0,0,0.0,0.0,93.01295813050996
2023-05-02,0.0,0.0,0,0,0.0,0.0,93.01295813050996
2023-05-03,0.0,0.0,0,0,0.0,0.0,93.01295813050996
2023-05-04,0.0,0.0,0,0,0.0,0.0,93.01295813050996
2023-05-05,0.0,0.0,0,0,0.0,0.0,93.01295813050996
2023-05-06,0.0,0.0,0,0,0.0,0.0,93.01295813050996
2023-05-07,0.0,0.0,0,0,0.0,0.0,93.01295813050996
2023-05-08,0.0,0.0,0,0,0.0,0.0,93.01295813050996
2023-05-09,0.0,0.0,0,0,0.0,0.0,93.01295813050996
2023-05-10,0.0,0.0,0,0,0.0,0.0,93.01295813050996
2023-05-11,0.0,0.0,0,0,0.0,0.0,93.01295813050996
2023-05-12,0.0,0.0,0,0,0.0,0.0,93.01295813050996
2023-05-13,0.0,0.0,0,0,0.0,0.0,93.01295813050996
2023-05-14,0.0,0.0,0,0,0.0,0.0,93.01295813050996
2023-05-15,0.0,0.0,0,0,0.0,0.0,93.01295813050996
2023-05-16,0.0,0.0,0,0,0.0,0.0,93.01295813050996
2023-05-17,0.0,0.0,0,0,0.0,0.0,93.01295813050996
2023-05-18,0.0,0.0,0,0,0.0,0.0,93.01295813050996
2023-05-19,0.0,0.0,0,0,0.0,0.0,93.01295813050996
2023-05-20,0.0,0.0,0,0,0.0,0.0,93.01295813050996
2023-05-21,0.0,0.0,0,0,0.0,0.0,93.01295813050996
2023-05-22,0.0,0.0,0,0,0.0,0.0,93.01295813050996
2023-05-23,0.0,0.0,0,0,0.0,0.0,93.01295813050996
2023-05-24,0.0,0.0,0,0,0.0,0.0,93.01295813050996
2023-05-25,0.0,0.0,0,0,0.0,0.0,93.01295813050996
2023-05-26,0.0,0.0,0,0,0.0,0.0,93.01295813050996
2023-05-27,0.0,0.0,0,0,0.0,0.0,93.01295813050996
2023-05-28,0.0,0.0,0,0,0.0,0.0,93.01295813050996
2023-05-29,0.0,0.0,0,0,0.0,0.0,93.01295813050996
2023-05-30,0.0,0.0,0,0,0.0,0.0,93.01295813050996
2023-05-31,0.0,0.0,0,0,0.0,0.0,93.01295813050996
2023-06-01,0.0,0.0,0,0,0.0,0.0,93.01295813050996
2023-06-02,0.0,0.0,0,0,0.0,0.0,93.01295813050996
2023-06-03,0.0,0.0,0,0,0.0,0.0,93.01295813050996
2023-06-04,0.0,0.0,0,0,0.0,0.0,93.01295813050996
2023-06-05,0.0,0.0,0,0,0.0,0.0,93.01295813050996
2023-06-06,0.0,0.0,0,0,0.0,0.0,93.01295813050996
2023-06-07,0.0,0.0,0,0,0.0,0.0,93.01295813050996
2023-06-08,0.0,0.0,0,0,0.0,0.0,93.01295813050996
2023-06-09,0.0,0.0,0,0,0.0,0.0,93.01295813050996
2023-06-10,0.0,0.0,0,0,0.0,0.0,93.01295813050996
2023-06-11,0.0,0.0,0,0,0.0,0.0,93.01295813050996
2023-06-12,0.0,0.0,0,0,0.0,0.0,93.01295813050996
2023-06-13,0.0,0.0,0,0,0.0,0.0,93.01295813050996
2023-06-14,0.0,0.0,0,0,0.0,0.0,93.01295813050996
2023-06-15,0.0,0.0,0,0,0.0,0.0,93.01295813050996
2023-06-16,0.0,0.0,0,0,0.0,0.0,93.01295813050996
2023-06-17,0.0,0.0,0,0,0.0,0.0,93.01295813050996
2023-06-18,0.0,0.0,0,0,0.0,0.0,93.01295813050996
2023-06-19,0.0,0.0,0,0,0.0,0.0,93.01295813050996
2023-06-20,0.0,0.0,0,0,0.0,0.0,93.01295813050996
2023-06-21,0.0,0.0,0,0,0.0,0.0,93.01295813050996
2023-06-22,0.0,0.0,0,0,0.0,0.0,93.01295813050996
2023-06-23,0.0,0.0,0,0,0.0,0.0,93.01295813050996
2023-06-24,0.0,0.0,0,0,0.0,0.0,93.01295813050996
2023-06-25,0.0,0.0,0,0,0.0,0.0,93.01295813050996
2023-06-26,0.0,0.0,0,0,0.0,0.0,93.01295813050996
2023-06-27,0.0,0.0,0,0,0.0,0.0,93.01295813050996
2023-06-28,0.0,0.0,0,0,0.0,0.0,93.01295813050996
2023-06-29,0.0,0.0,0,0,0.0,0.0,93.01295813050996
2023-06-30,0.0,0.0,0,0,0.0,0.0,93.01295813050996
2023-07-01,0.0,0.0,0,0,0.0,0.0,93.01295813050996
2023-07-02,0.0,0.0,0,0,0.0,0.0,93.01295813050996
2023-07-03,0.0,0.0,0,0,0.0,0.0,93.01295813050996
2023-07-04,0.0,0.0,0,0,0.0,0.0,93.01295813050996
2023-07-05,0.0,0.0,0,0,0.0,0.0,93.01295813050996
2023-07-06,0.0,0.0,0,0,0.0,0.0,93.01295813050996
2023-07-07,0.0,0.0,0,0,0.0,0.0,93.01295813050996
2023-07-08,0.0,0.0,0,0,0.0,0.0,93.01295813050996
2023-07-09,0.0,0.0,0,0,0.0,0.0,93.01295813050996
2023-07-10,0.0,0.0,0,0,0.0,0.0,93.01295813050996
2023-07-11,0.0,0.0,0,0,0.0,0.0,93.01295813050996
2023-07-12,0.0,0.0,0,0,0.0,0.0,93.01295813050996
2023-07-13,0.0,0.0,0,0,0.0,0.0,93.01295813050996
2023-07-14,0.0,0.0,0,0,0.0,0.0,93.01295813050996
2023-07-15,0.0,0.0,0,0,0.0,0.0,93.01295813050996
2023-07-16,0.0,0.0,0,0,0.0,0.0,93.01295813050996
2023-07-17,0.0,0.0,0,0,0.0,0.0,93.01295813050996
2023-07-18,0.0,0.0,0,0,0.0,0.0,93.01295813050996
2023-07-19,0.0,0.0,0,0,0.0,0.0,93.01295813050996
2023-07-20,0.0,0.0,0,0,0.0,0.0,93.01295813050996
2023-07-21,0.0,0.0,0,0,0.0,0.0,93.01295813050996
2023-07-22,0.0,0.0,0,0,0.0,0.0,93.01295813050996
2023-07-23,0.0,0.0,0,0,0.0,0.0,93.01295813050996
2023-07-24,0.0,0.0,0,0,0.0,0.0,93.01295813050996
2023-07-25,0.0,0.0,0,0,0.0,0.0,93.01295813050996
2023-07-26,0.0,0.0,0,0,0.0,0.0,93.01295813050996
2023-07-27,0.0,0.0,0,0,0.0,0.0,93.01295813050996
2023-07-28,0.0,0.0,0,0,0.0,0.0,93.01295813050996
2023-07-29,0.0,0.0,0,0,0.0,0.0,93.01295813050996
2023-07-30,0.0,0.0,0,0,0.0,0.0,93.01295813050996
2023-07-31,0.0,0.0,0,0,0.0,0.0,93.01295813050996
2023-08-01,0.0,0.0,0,0,0.0,0.0,93.01295813050996
2023-08-02,0.0,0.0,0,0,0.0,0.0,93.01295813050996
2023-08-03,0.0,0.0,0,0,0.0,0.0,93.01295813050996
2023-08-04,0.0,0.0,0,0,0.0,0.0,93.01295813050996
2023-08-05,0.0,0.0,0,0,0.0,0.0,93.01295813050996
2023-08-06,0.0,0.0,0,0,0.0,0.0,93.01295813050996
2023-08-07,6.122727272727272,269.4,44,44,6.375,0.0,110.87419541779424
2023-08-08,5.4393939393939394,179.5,33,33,5.4393939393939394,0.0,108.88077348842893
2023-08-09,6.291463414634146,515.9,82,82,6.291463414634146,0.0,111.36643296738495
2023-08-10,7.663934426229508,467.5,61,61,7.663934426229508,0.0,115.37020927752991
2023-08-11,8.144117647058822,553.8,68,68,8.18235294117647,0.0,116.77100112511198
2023-08-12,12.226530612244899,599.1,49,49,12.779591836734696,0.0,128.68022775368834
2023-08-13,6.877777777777778,123.80000000000001,18,18,6.877777777777778,0.0,113.07683088298354
2023-08-14,8.542857142857143,239.20000000000002,28,28,8.542857142857143,0.0,117.93420510808043
2023-08-15,5.935483870967742,184.0,31,31,5.935483870967742,0.0,110.32796843750681
2023-08-16,8.295,165.9,20,20,8.295,0.0,117.21115555112249
2023-08-17,6.792105263157896,258.1,38,38,6.792105263157896,0.0,112.82690678144138
2023-08-18,0.0,0.0,0,0,0.0,0.0,93.01295813050996
2023-08-19,0.0,0.0,0,0,0.0,0.0,93.01295813050996
2023-08-20,0.0,0.0,0,0,0.0,0.0,93.01295813050996
2023-08-21,0.0,0.0,0,0,0.0,0.0,93.01295813050996
2023-08-22,0.0,0.0,0,0,0.0,0.0,93.01295813050996
2023-08-23,0.0,0.0,0,0,0.0,0.0,93.01295813050996
2023-08-24,0.0,0.0,0,0,0.0,0.0,93.01295813050996
2023-08-25,0.0,0.0,0,0,0.0,0.0,93.01295813050996
2023-08-26,0.0,0.0,0,0,0.0,0.0,93.01295813050996
2023-08-27,0.0,0.0,0,0,0.0,0.0,93.01295813050996
2023-08-28,0.0,0.0,0,0,0.0,0.0,93.01295813050996
2023-08-29,0.0,0.0,0,0,0.0,0.0,93.01295813050996
2023-08-30,0.0,0.0,0,0,0.0,0.0,93.01295813050996
2023-08-31,0.0,0.0,0,0,0.0,0.0,93.01295813050996
2023-09-01,0.0,0.0,0,0,0.0,0.0,93.01295813050996
2023-09-02,0.0,0.0,0,0,0.0,0.0,93.01295813050996
2023-09-03,0.0,0.0,0,0,0.0,0.0,93.01295813050996
2023-09-04,0.0,0.0,0,0,0.0,0.0,93.01295813050996
2023-09-05,0.0,0.0,0,0,0.0,0.0,93.01295813050996
2023-09-06,0.0,0.0,0,0,0.0,0.0,93.01295813050996
2023-09-07,0.0,0.0,0,0,0.0,0.0,93.01295813050996
2023-09-08,0.0,0.0,0,0,0.0,0.0,93.01295813050996
2023-09-09,0.0,0.0,0,0,0.0,0.0,93.01295813050996
2023-09-10,0.0,0.0,0,0,0.0,0.0,93.01295813050996
2023-09-11,0.0,0.0,0,0,0.0,0.0,93.01295813050996
2023-09-12,0.0,0.0,0,0,0.0,0.0,93.01295813050996
2023-09-13,0.0,0.0,0,0,0.0,0.0,93.01295813050996
2023-09-14,0.0,0.0,0,0,0.0,0.0,93.01295813050996
2023-09-15,0.0,0.0,0,0,0.0,0.0,93.01295813050996
2023-09-16,0.0,0.0,0,0,0.0,0.0,93.01295813050996
2023-09-17,0.0,0.0,0,0,0.0,0.0,93.01295813050996
2023-09-18,0.0,0.0,0,0,0.0,0.0,93.01295813050996
2023-09-19,0.0,0.0,0,0,0.0,0.0,93.01295813050996
2023-09-20,0.0,0.0,0,0,0.0,0.0,93.01295813050996
2023-09-21,0.0,0.0,0,0,0.0,0.0,93.01295813050996
2023-09-22,0.0,0.0,0,0,0.0,0.0,93.01295813050996
2023-09-23,0.0,0.0,0,0,0.0,0.0,93.01295813050996
2023-09-24,0.0,0.0,0,0,0.0,0.0,93.01295813050996
2023-09-25,0.0,0.0,0,0,0.0,0.0,93.01295813050996
2023-09-26,0.0,0.0,0,0,0.0,0.0,93.01295813050996
2023-09-27,0.0,0.0,0,0,0.0,0.0,93.01295813050996
2023-09-28,0.0,0.0,0,0,0.0,0.0,93.01295813050996
2023-09-29,0.0,0.0,0,0,0.0,0.0,93.01295813050996
2023-09-30,0.0,0.0,0,0,0.0,0.0,93.01295813050996
2023-10-01,0.0,0.0,0,0,0.0,0.0,93.01295813050996
2023-10-02,0.0,0.0,0,0,0.0,0.0,93.01295813050996
2023-10-03,0.0,0.0,0,0,0.0,0.0,93.01295813050996
2023-10-04,0.0,0.0,0,0,0.0,0.0,93.01295813050996
2023-10-05,0.0,0.0,0,0,0.0,0.0,93.01295813050996
2023-10-06,0.0,0.0,0,0,0.0,0.0,93.01295813050996
2023-10-07,0.0,0.0,0,0,0.0,0.0,93.01295813050996
2023-10-08,0.0,0.0,0,0,0.0,0.0,93.01295813050996
2023-10-09,0.0,0.0,0,0,0.0,0.0,93.01295813050996
2023-10-10,0.0,0.0,0,0,0.0,0.0,93.01295813050996
2023-10-11,0.0,0.0,0,0,0.0,0.0,93.01295813050996
2023-10-12,0.0,0.0,0,0,0.0,0.0,93.01295813050996
2023-10-13,0.0,0.0,0,0,0.0,0.0,93.01295813050996
2023-10-14,0.0,0.0,0,0,0.0,0.0,93.01295813050996
2023-10-15,0.0,0.0,0,0,0.0,0.0,93.01295813050996
2023-10-16,0.0,0.0,0,0,0.0,0.0,93.01295813050996
2023-10-17,0.0,0.0,0,0,0.0,0.0,93.01295813050996
2023-10-18,0.0,0.0,0,0,0.0,0.0,93.01295813050996
2023-10-19,0.0,0.0,0,0,0.0,0.0,93.01295813050996
2023-10-20,0.0,0.0,0,0,0.0,0.0,93.01295813050996
2023-10-21,0.0,0.0,0,0,0.0,0.0,93.01295813050996
2023-10-22,0.0,0.0,0,0,0.0,0.0,93.01295813050996
2023-10-23,0.0,0.0,0,0,0.0,0.0,93.01295813050996
2023-10-24,0.0,0.0,0,0,0.0,0.0,93.01295813050996
2023-10-25,0.0,0.0,0,0,0.0,0.0,93.01295813050996
2023-10-26,0.0,0.0,0,0,0.0,0.0,93.01295813050996
2023-10-27,0.0,0.0,0,0,0.0,0.0,93.01295813050996
2023-10-28,0.0,0.0,0,0,0.0,0.0,93.01295813050996
2023-10-29,0.0,0.0,0,0,0.0,0.0,93.01295813050996
2023-10-30,0.0,0.0,0,0,0.0,0.0,93.01295813050996
2023-10-31,0.0,0.0,0,0,0.0,0.0,93.01295813050996
2023-11-01,0.0,0.0,0,0,0.0,0.0,93.01295813050996
2023-11-02,0.0,0.0,0,0,0.0,0.0,93.01295813050996
2023-11-03,0.0,0.0,0,0,0.0,0.0,93.01295813050996
2023-11-04,0.0,0.0,0,0,0.0,0.0,93.01295813050996
2023-11-05,0.0,0.0,0,0,0.0,0.0,93.01295813050996
2023-11-06,0.0,0.0,0,0,0.0,0.0,93.01295813050996
2023-11-07,0.0,0.0,0,0,0.0,0.0,93.01295813050996
2023-11-08,0.0,0.0,0,0,0.0,0.0,93.01295813050996
2023-11-09,0.0,0.0,0,0,0.0,0.0,93.01295813050996
2023-11-10,0.0,0.0,0,0,0.0,0.0,93.01295813050996
2023-11-11,0.0,0.0,0,0,0.0,0.0,93.01295813050996
2023-11-12,0.0,0.0,0,0,0.0,0.0,93.01295813050996
2023-11-13,0.0,0.0,0,0,0.0,0.0,93.01295813050996
2023-11-14,0.0,0.0,0,0,0.0,0.0,93.01295813050996
2023-11-15,0.0,0.0,0,0,0.0,0.0,93.01295813050996
2023-11-16,0.0,0.0,0,0,0.0,0.0,93.01295813050996
2023-11-17,0.0,0.0,0,0,0.0,0.0,93.01295813050996
2023-11-18,0.0,0.0,0,0,0.0,0.0,93.01295813050996
2023-11-19,0.0,0.0,0,0,0.0,0.0,93.01295813050996
2023-11-20,0.0,0.0,0,0,0.0,0.0,93.01295813050996
2023-11-21,0.0,0.0,0,0,0.0,0.0,93.01295813050996
2023-11-22,0.0,0.0,0,0,0.0,0.0,93.01295813050996
2023-11-23,0.0,0.0,0,0,0.0,0.0,93.01295813050996
2023-11-24,0.0,0.0,0,0,0.0,0.0,93.01295813050996
2023-11-25,0.0,0.0,0,0,0.0,0.0,93.01295813050996
2023-11-26,0.0,0.0,0,0,0.0,0.0,93.01295813050996
2023-11-27,0.0,0.0,0,0,0.0,0.0,93.01295813050996
2023-11-28,0.0,0.0,0,0,0.0,0.0,93.01295813050996
2023-11-29,0.0,0.0,0,0,0.0,0.0,93.01295813050996
2023-11-30,0.0,0.0,0,0,0.0,0.0,93.01295813050996
2023-12-01,0.0,0.0,0,0,0.0,0.0,93.01295813050996
2023-12-02,0.0,0.0,0,0,0.0,0.0,93.01295813050996
2023-12-03,0.0,0.0,0,0,0.0,0.0,93.01295813050996
2023-12-04,0.0,0.0,0,0,0.0,0.0,93.01295813050996
2023-12-05,0.0,0.0,0,0,0.0,0.0,93.01295813050996
2023-12-06,0.0,0.0,0,0,0.0,0.0,93.01295813050996
2023-12-07,0.0,0.0,0,0,0.0,0.0,93.01295813050996
2023-12-08,0.0,0.0,0,0,0.0,0.0,93.01295813050996
2023-12-09,0.0,0.0,0,0,0.0,0.0,93.01295813050996
2023-12-10,0.0,0.0,0,0,0.0,0.0,93.01295813050996
2023-12-11,0.0,0.0,0,0,0.0,0.0,93.01295813050996
2023-12-12,0.0,0.0,0,0,0.0,0.0,93.01295813050996
2023-12-13,0.0,0.0,0,0,0.0,0.0,93.01295813050996
2023-12-14,0.0,0.0,0,0,0.0,0.0,93.01295813050996
2023-12-15,0.0,0.0,0,0,0.0,0.0,93.01295813050996
2023-12-16,0.0,0.0,0,0,0.0,0.0,93.01295813050996
2023-12-17,0.0,0.0,0,0,0.0,0.0,93.01295813050996
2023-12-18,0.0,0.0,0,0,0.0,0.0,93.01295813050996
2023-12-19,0.0,0.0,0,0,0.0,0.0,93.01295813050996
2023-12-20,0.0,0.0,0,0,0.0,0.0,93.01295813050996
2023-12-21,0.0,0.0,0,0,0.0,0.0,93.01295813050996
2023-12-22,0.0,0.0,0,0,0.0,0.0,93.01295813050996
2023-12-23,0.0,0.0,0,0,0.0,0.0,93.01295813050996
2023-12-24,0.0,0.0,0,0,0.0,0.0,93.01295813050996
2023-12-25,0.0,0.0,0,0,0.0,0.0,93.01295813050996
2023-12-26,0.0,0.0,0,0,0.0,0.0,93.01295813050996
2023-12-27,0.0,0.0,0,0,0.0,0.0,93.01295813050996
2023-12-28,0.0,0.0,0,0,0.0,0.0,93.01295813050996
2023-12-29,0.0,0.0,0,0,0.0,0.0,93.01295813050996
2023-12-30,0.0,0.0,0,0,0.0,0.0,93.01295813050996
2023-12-31,0.0,0.0,0,0,0.0,0.0,93.01295813050996
2024-01-01,0.0,0.0,0,0,0.0,0.0,93.01295813050996
2024-01-02,8.923076923076923,232.0,26,26,8.923076923076923,0.0,119.04338332447345
2024-01-03,6.531034482758621,189.4,29,29,6.531034482758621,0.0,112.06531036373734
2024-01-04,8.351515151515152,275.6,33,33,8.351515151515152,0.0,117.37602171069085
2024-01-05,6.561538461538461,170.6,26,26,6.561538461538461,0.0,112.1542966567607
2024-01-06,8.781818181818181,193.2,22,22,8.781818181818181,0.0,118.63130292563486
2024-01-07,5.108333333333333,183.9,36,36,5.108333333333333,0.0,107.91500255369208
2024-01-08,6.176923076923077,240.9,39,39,6.6641025641025635,0.0,111.032295570814
2024-01-09,5.37719298245614,306.5,57,57,5.421052631578948,0.0,108.69932068122797
2024-01-10,4.530434782608696,104.2,23,23,4.530434782608696,0.0,106.2291552698439
2024-01-11,7.352,183.8,25,25,7.352,0.0,114.46023328859836
2024-01-12,6.878571428571428,192.6,28,28,7.360714285714286,0.0,113.07914612331962
2024-01-13,11.351724137931035,658.4,58,58,11.351724137931035,0.0,126.1282398368376
2024-01-14,8.763157894736842,166.5,19,19,8.763157894736842,0.0,118.57686708347457
2024-01-15,5.556666666666667,166.7,30,30,5.556666666666667,0.0,109.22288181954394
2024-01-16,0.0,0.0,0,0,0.0,0.0,93.01295813050996
2024-01-17,0.0,0.0,0,0,0.0,0.0,93.01295813050996
2024-01-18,0.0,0.0,0,0,0.0,0.0,93.01295813050996
2024-01-19,0.0,0.0,0,0,0.0,0.0,93.01295813050996
2024-01-20,0.0,0.0,0,0,0.0,0.0,93.01295813050996
2024-01-21,0.0,0.0,0,0,0.0,0.0,93.01295813050996
2024-01-22,0.0,0.0,0,0,0.0,0.0,93.01295813050996
2024-01-23,0.0,0.0,0,0,0.0,0.0,93.01295813050996
2024-01-24,0.0,0.0,0,0,0.0,0.0,93.01295813050996
2024-01-25,0.0,0.0,0,0,0.0,0.0,93.01295813050996
2024-01-26,0.0,0.0,0,0,0.0,0.0,93.01295813050996
2024-01-27,0.0,0.0,0,0,0.0,0.0,93.01295813050996
2024-01-28,0.0,0.0,0,0,0.0,0.0,93.01295813050996
2024-01-29,0.0,0.0,0,0,0.0,0.0,93.01295813050996
2024-01-30,0.0,0.0,0,0,0.0,0.0,93.01295813050996
2024-01-31,0.0,0.0,0,0,0.0,0.0,93.01295813050996
2024-02-01,0.0,0.0,0,0,0.0,0.0,93.01295813050996
2024-02-02,0.0,0.0,0,0,0.0,0.0,93.01295813050996
2024-02-03,0.0,0.0,0,0,0.0,0.0,93.01295813050996
2024-02-04,0.0,0.0,0,0,0.0,0.0,93.01295813050996
2024-02-05,0.0,0.0,0,0,0.0,0.0,93.01295813050996
2024-02-06,0.0,0.0,0,0,0.0,0.0,93.01295813050996
2024-02-07,0.0,0.0,0,0,0.0,0.0,93.01295813050996
2024-02-08,0.0,0.0,0,0,0.0,0.0,93.01295813050996
2024-02-09,0.0,0.0,0,0,0.0,0.0,93.01295813050996
2024-02-10,0.0,0.0,0,0,0.0,0.0,93.01295813050996
2024-02-11,0.0,0.0,0,0,0.0,0.0,93.01295813050996
2024-02-12,0.0,0.0,0,0,0.0,0.0,93.01295813050996
2024-02-13,0.0,0.0,0,0,0.0,0.0,93.01295813050996
2024-02-14,0.0,0.0,0,0,0.0,0.0,93.01295813050996
2024-02-15,0.0,0.0,0,0,0.0,0.0,93.01295813050996
2024-02-16,0.0,0.0,0,0,0.0,0.0,93.01295813050996
2024-02-17,10.243589743589743,399.5,39,39,10.243589743589743,0.0,122.89558705289046
2024-02-18,9.162745098039215,467.3,51,51,9.162745098039215,0.0,119.7425440011673
2024-02-19,10.242045454545455,901.3000000000001,88,88,10.314772727272727,0.0,122.89108204853022
2024-02-20,9.043362831858406,1021.9,113,113,9.27079646017699,0.0,119.39428171719342
2024-02-21,10.2225,817.8,80,80,10.60625,-0.1375,122.83406399334439
2024-02-22,11.520382165605096,1808.7,157,157,11.638853503184713,0.0,126.6202495113678
2024-02-23,9.95076923076923,646.8,65,65,10.040000000000001,0.0,122.04137022612304
2024-02-24,10.859574468085107,510.40000000000003,47,47,11.42127659574468,-0.10638297872340426,124.69253943039746
2024-02-25,5.883333333333334,176.5,30,30,5.883333333333334,0.0,110.17583474187468
2024-02-26,4.60945945945946,341.1,74,74,4.60945945945946,0.0,106.45968628027607
2024-02-27,7.593478260869565,349.3,46,46,7.593478260869565,0.0,115.16467435301162
2024-02-28,0.0,0.0,0,0,0.0,0.0,93.01295813050996
2024-02-29,0.0,0.0,0,0,0.0,0.0,93.01295813050996
2024-03-01,0.0,0.0,0,0,0.0,0.0,93.01295813050996
2024-03-02,0.0,0.0,0,0,0.0,0.0,93.01295813050996
2024-03-03,0.0,0.0,0,0,0.0,0.0,93.01295813050996
2024-03-04,0.0,0.0,0,0,0.0,0.0,93.01295813050996
2024-03-05,0.0,0.0,0,0,0.0,0.0,93.01295813050996
2024-03-06,0.0,0.0,0,0,0.0,0.0,93.01295813050996
2024-03-07,0.0,0.0,0,0,0.0,0.0,93.01295813050996
2024-03-08,0.0,0.0,0,0,0.0,0.0,93.01295813050996
2024-03-09,0.0,0.0,0,0,0.0,0.0,93.01295813050996
2024-03-10,0.0,0.0,0,0,0.0,0.0,93.01295813050996
2024-03-11,0.0,0.0,0,0,0.0,0.0,93.01295813050996
2024-03-12,0.0,0.0,0,0,0.0,0.0,93.01295813050996
2024-03-13,0.0,0.0,0,0,0.0,0.0,93.01295813050996
2024-03-14,0.0,0.0,0,0,0.0,0.0,93.01295813050996
2024-03-15,0.0,0.0,0,0,0.0,0.0,93.01295813050996
2024-03-16,0.0,0.0,0,0,0.0,0.0,93.01295813050996
2024-03-17,0.0,0.0,0,0,0.0,0.0,93.01295813050996
2024-03-18,0.0,0.0,0,0,0.0,0.0,93.01295813050996
2024-03-19,0.0,0.0,0,0,0.0,0.0,93.01295813050996
2024-03-20,0.0,0.0,0,0,0.0,0.0,93.01295813050996
2024-03-21,0.0,0.0,0,0,0.0,0.0,93.01295813050996
2024-03-22,0.0,0.0,0,0,0.0,0.0,93.01295813050996
2024-03-23,0.0,0.0,0,0,0.0,0.0,93.01295813050996
2024-03-24,0.0,0.0,0,0,0.0,0.0,93.01295813050996
2024-03-25,0.0,0.0,0,0,0.0,0.0,93.01295813050996
2024-03-26,0.0,0.0,0,0,0.0,0.0,93.01295813050996
2024-03-27,0.0,0.0,0,0,0.0,0.0,93.01295813050996
2024-03-28,0.0,0.0,0,0,0.0,0.0,93.01295813050996
2024-03-29,0.0,0.0,0,0,0.0,0.0,93.01295813050996
2024-03-30,0.0,0.0,0,0,0.0,0.0,93.01295813050996
2024-03-31,0.0,0.0,0,0,0.0,0.0,93.01295813050996
2024-04-01,0.0,0.0,0,0,0.0,0.0,93.01295813050996
2024-04-02,0.0,0.0,0,0,0.0,0.0,93.01295813050996
2024-04-03,0.0,0.0,0,0,0.0,0.0,93.01295813050996
2024-04-04,0.0,0.0,0,0,0.0,0.0,93.01295813050996
2024-04-05,0.0,0.0,0,0,0.0,0.0,93.01295813050996
2024-04-06,0.0,0.0,0,0,0.0,0.0,93.01295813050996
2024-04-07,0.0,0.0,0,0,0.0,0.0,93.01295813050996
2024-04-08,0.0,0.0,0,0,0.0,0.0,93.01295813050996
2024-04-09,0.0,0.0,0,0,0.0,0.0,93.01295813050996
2024-04-10,0.0,0.0,0,0,0.0,0.0,93.01295813050996
2024-04-11,0.0,0.0,0,0,0.0,0.0,93.01295813050996
2024-04-12,0.0,0.0,0,0,0.0,0.0,93.01295813050996
2024-04-13,0.0,0.0,0,0,0.0,0.0,93.01295813050996
2024-04-14,0.0,0.0,0,0,0.0,0.0,93.01295813050996
2024-04-15,0.0,0.0,0,0,0.0,0.0,93.01295813050996
2024-04-16,0.0,0.0,0,0,0.0,0.0,93.01295813050996
2024-04-17,0.0,0.0,0,0,0.0,0.0,93.01295813050996
2024-04-18,0.0,0.0,0,0,0.0,0.0,93.01295813050996
2024-04-19,0.0,0.0,0,0,0.0,0.0,93.01295813050996
2024-04-20,0.0,0.0,0,0,0.0,0.0,93.01295813050996
2024-04-21,0.0,0.0,0,0,0.0,0.0,93.01295813050996
2024-04-22,0.0,0.0,0,0,0.0,0.0,93.01295813050996
2024-04-23,0.0,0.0,0,0,0.0,0.0,93.01295813050996
2024-04-24,0.0,0.0,0,0,0.0,0.0,93.01295813050996
2024-04-25,0.0,0.0,0,0,0.0,0.0,93.01295813050996
2024-04-26,0.0,0.0,0,0,0.0,0.0,93.01295813050996
2024-04-27,0.0,0.0,0,0,0.0,0.0,93.01295813050996
2024-04-28,0.0,0.0,0,0,0.0,0.0,93.01295813050996
2024-04-29,0.0,0.0,0,0,0.0,0.0,93.01295813050996
2024-04-30,0.0,0.0,0,0,0.0,0.0,93.01295813050996
2024-05-01,0.0,0.0,0,0,0.0,0.0,93.01295813050996
2024-05-02,0.0,0.0,0,0,0.0,0.0,93.01295813050996
2024-05-03,0.0,0.0,0,0,0.0,0.0,93.01295813050996
2024-05-04,0.0,0.0,0,0,0.0,0.0,93.01295813050996
2024-05-05,0.0,0.0,0,0,0.0,0.0,93.01295813050996
2024-05-06,0.0,0.0,0,0,0.0,0.0,93.01295813050996
2024-05-07,0.0,0.0,0,0,0.0,0.0,93.01295813050996
2024-05-08,0.0,0.0,0,0,0.0,0.0,93.01295813050996
2024-05-09,0.0,0.0,0,0,0.0,0.0,93.01295813050996
2024-05-10,0.0,0.0,0,0,0.0,0.0,93.01295813050996
2024-05-11,0.0,0.0,0,0,0.0,0.0,93.01295813050996
2024-05-12,0.0,0.0,0,0,0.0,0.0,93.01295813050996
2024-05-13,0.0,0.0,0,0,0.0,0.0,93.01295813050996
2024-05-14,0.0,0.0,0,0,0.0,0.0,93.01295813050996
2024-05-15,0.0,0.0,0,0,0.0,0.0,93.01295813050996
2024-05-16,0.0,0.0,0,0,0.0,0.0,93.01295813050996
2024-05-17,0.0,0.0,0,0,0.0,0.0,93.01295813050996
2024-05-18,0.0,0.0,0,0,0.0,0.0,93.01295813050996
2024-05-19,0.0,0.0,0,0,0.0,0.0,93.01295813050996
2024-05-20,0.0,0.0,0,0,0.0,0.0,93.01295813050996
2024-05-21,0.0,0.0,0,0,0.0,0.0,93.01295813050996
2024-05-22,0.0,0.0,0,0,0.0,0.0,93.01295813050996
2024-05-23,0.0,0.0,0,0,0.0,0.0,93.01295813050996
2024-05-24,0.0,0.0,0,0,0.0,0.0,93.01295813050996
2024-05-25,0.0,0.0,0,0,0.0,0.0,93.01295813050996
2024-05-26,0.0,0.0,0,0,0.0,0.0,93.01295813050996
2024-05-27,0.0,0.0,0,0,0.0,0.0,93.01295813050996
2024-05-28,0.0,0.0,0,0,0.0,0.0,93.01295813050996
2024-05-29,0.0,0.0,0,0,0.0,0.0,93.01295813050996
2024-05-30,0.0,0.0,0,0,0.0,0.0,93.01295813050996
2024-05-31,0.0,0.0,0,0,0.0,0.0,93.01295813050996
2024-06-01,0.0,0.0,0,0,0.0,0.0,93.01295813050996
2024-06-02,0.0,0.0,0,0,0.0,0.0,93.01295813050996
2024-06-03,0.0,0.0,0,0,0.0,0.0,93.01295813050996
2024-06-04,0.0,0.0,0,0,0.0,0.0,93.01295813050996
2024-06-05,0.0,0.0,0,0,0.0,0.0,93.01295813050996
2024-06-06,0.0,0.0,0,0,0.0,0.0,93.01295813050996
2024-06-07,0.0,0.0,0,0,0.0,0.0,93.01295813050996
2024-06-08,0.0,0.0,0,0,0.0,0.0,93.01295813050996
2024-06-09,0.0,0.0,0,0,0.0,0.0,93.01295813050996
2024-06-10,0.0,0.0,0,0,0.0,0.0,93.01295813050996
2024-06-11,0.0,0.0,0,0,0.0,0.0,93.01295813050996
2024-06-12,0.0,0.0,0,0,0.0,0.0,93.01295813050996
2024-06-13,0.0,0.0,0,0,0.0,0.0,93.01295813050996
2024-06-14,0.0,0.0,0,0,0.0,0.0,93.01295813050996
2024-06-15,0.0,0.0,0,0,0.0,0.0,93.01295813050996
2024-06-16,0.0,0.0,0,0,0.0,0.0,93.01295813050996
2024-06-17,0.0,0.0,0,0,0.0,0.0,93.01295813050996
2024-06-18,0.0,0.0,0,0,0.0,0.0,93.01295813050996
2024-06-19,0.0,0.0,0,0,0.0,0.0,93.01295813050996
2024-06-20,0.0,0.0,0,0,0.0,0.0,93.01295813050996
2024-06-21,0.0,0.0,0,0,0.0,0.0,93.01295813050996
2024-06-22,0.0,0.0,0,0,0.0,0.0,93.01295813050996
2024-06-23,0.0,0.0,0,0,0.0,0.0,93.01295813050996
2024-06-24,0.0,0.0,0,0,0.0,0.0,93.01295813050996
2024-06-25,0.0,0.0,0,0,0.0,0.0,93.01295813050996
2024-06-26,0.0,0.0,0,0,0.0,0.0,93.01295813050996
2024-06-27,0.0,0.0,0,0,0.0,0.0,93.01295813050996
2024-06-28,0.0,0.0,0,0,0.0,0.0,93.01295813050996
2024-06-29,0.0,0.0,0,0,0.0,0.0,93.01295813050996
2024-06-30,0.0,0.0,0,0,0.0,0.0,93.01295813050996
2024-07-01,0.0,0.0,0,0,0.0,0.0,93.01295813050996
2024-07-02,0.0,0.0,0,0,0.0,0.0,93.01295813050996
2024-07-03,0.0,0.0,0,0,0.0,0.0,93.01295813050996
2024-07-04,0.0,0.0,0,0,0.0,0.0,93.01295813050996
2024-07-05,0.0,0.0,0,0,0.0,0.0,93.01295813050996
2024-07-06,0.0,0.0,0,0,0.0,0.0,93.01295813050996
2024-07-07,0.0,0.0,0,0,0.0,0.0,93.01295813050996
2024-07-08,0.0,0.0,0,0,0.0,0.0,93.01295813050996
2024-07-09,0.0,0.0,0,0,0.0,0.0,93.01295813050996
2024-07-10,0.0,0.0,0,0,0.0,0.0,93.01295813050996
2024-07-11,0.0,0.0,0,0,0.0,0.0,93.01295813050996
2024-07-12,0.0,0.0,0,0,0.0,0.0,93.01295813050996
2024-07-13,0.0,0.0,0,0,0.0,0.0,93.01295813050996
2024-07-14,0.0,0.0,0,0,0.0,0.0,93.01295813050996
2024-07-15,0.0,0.0,0,0,0.0,0.0,93.01295813050996
2024-07-16,0.0,0.0,0,0,0.0,0.0,93.01295813050996
2024-07-17,0.0,0.0,0,0,0.0,0.0,93.01295813050996
2024-07-18,0.0,0.0,0,0,0.0,0.0,93.01295813050996
2024-07-19,0.0,0.0,0,0,0.0,0.0,93.01295813050996
2024-07-20,0.0,0.0,0,0,0.0,0.0,93.01295813050996
2024-07-21,0.0,0.0,0,0,0.0,0.0,93.01295813050996
2024-07-22,0.0,0.0,0,0,0.0,0.0,93.01295813050996
2024-07-23,0.0,0.0,0,0,0.0,0.0,93.01295813050996
2024-07-24,0.0,0.0,0,0,0.0,0.0,93.01295813050996
2024-07-25,0.0,0.0,0,0,0.0,0.0,93.01295813050996
2024-07-26,0.0,0.0,0,0,0.0,0.0,93.01295813050996
2024-07-27,0.0,0.0,0,0,0.0,0.0,93.01295813050996
2024-07-28,0.0,0.0,0,0,0.0,0.0,93.01295813050996
2024-07-29,0.0,0.0,0,0,0.0,0.0,93.01295813050996
2024-07-30,0.0,0.0,0,0,0.0,0.0,93.01295813050996
2024-07-31,0.0,0.0,0,0,0.0,0.0,93.01295813050996
2024-08-01,0.0,0.0,0,0,0.0,0.0,93.01295813050996
2024-08-02,0.0,0.0,0,0,0.0,0.0,93.01295813050996
2024-08-03,0.0,0.0,0,0,0.0,0.0,93.01295813050996
2024-08-04,0.0,0.0,0,0,0.0,0.0,93.01295813050996
2024-08-05,0.0,0.0,0,0,0.0,0.0,93.01295813050996
2024-08-06,0.0,0.0,0,0,0.0,0.0,93.01295813050996
2024-08-07,0.0,0.0,0,0,0.0,0.0,93.01295813050996
2024-08-08,0.0,0.0,0,0,0.0,0.0,93.01295813050996
2024-08-09,0.0,0.0,0,0,0.0,0.0,93.01295813050996
2024-08-10,0.0,0.0,0,0,0.0,0.0,93.01295813050996
2024-08-11,0.0,0.0,0,0,0.0,0.0,93.01295813050996
2024-08-12,0.0,0.0,0,0,0.0,0.0,93.01295813050996
2024-08-13,0.0,0.0,0,0,0.0,0.0,93.01295813050996
2024-08-14,0.0,0.0,0,0,0.0,0.0,93.01295813050996
2024-08-15,0.0,0.0,0,0,0.0,0.0,93.01295813050996
2024-08-16,0.0,0.0,0,0,0.0,0.0,93.01295813050996
2024-08-17,0.0,0.0,0,0,0.0,0.0,93.01295813050996
2024-08-18,0.0,0.0,0,0,0.0,0.0,93.01295813050996
2024-08-19,0.0,0.0,0,0,0.0,0.0,93.01295813050996
2024-08-20,0.0,0.0,0,0,0.0,0.0,93.01295813050996
2024-08-21,0.0,0.0,0,0,0.0,0.0,93.01295813050996
2024-08-22,0.0,0.0,0,0,0.0,0.0,93.01295813050996
2024-08-23,0.0,0.0,0,0,0.0,0.0,93.01295813050996
2024-08-24,0.0,0.0,0,0,0.0,0.0,93.01295813050996
2024-08-25,0.0,0.0,0,0,0.0,0.0,93.01295813050996
2024-08-26,0.0,0.0,0,0,0.0,0.0,93.01295813050996
2024-08-27,0.0,0.0,0,0,0.0,0.0,93.01295813050996
2024-08-28,0.0,0.0,0,0,0.0,0.0,93.01295813050996
2024-08-29,0.0,0.0,0,0,0.0,0.0,93.01295813050996
2024-08-30,0.0,0.0,0,0,0.0,0.0,93.01295813050996
2024-08-31,0.0,0.0,0,0,0.0,0.0,93.01295813050996
2024-09-01,0.0,0.0,0,0,0.0,0.0,93.01295813050996
2024-09-02,0.0,0.0,0,0,0.0,0.0,93.01295813050996
2024-09-03,0.0,0.0,0,0,0.0,0.0,93.01295813050996
2024-09-04,0.0,0.0,0,0,0.0,0.0,93.01295813050996
2024-09-05,0.0,0.0,0,0,0.0,0.0,93.01295813050996
2024-09-06,0.0,0.0,0,0,0.0,0.0,93.01295813050996
2024-09-07,0.0,0.0,0,0,0.0,0.0,93.01295813050996
2024-09-08,0.0,0.0,0,0,0.0,0.0,93.01295813050996
2024-09-09,0.0,0.0,0,0,0.0,0.0,93.01295813050996
2024-09-10,0.0,0.0,0,0,0.0,0.0,93.01295813050996
2024-09-11,0.0,0.0,0,0,0.0,0.0,93.01295813050996
2024-09-12,0.0,0.0,0,0,0.0,0.0,93.01295813050996
2024-09-13,0.0,0.0,0,0,0.0,0.0,93.01295813050996
2024-09-14,0.0,0.0,0,0,0.0,0.0,93.01295813050996
2024-09-15,0.0,0.0,0,0,0.0,0.0,93.01295813050996
2024-09-16,0.0,0.0,0,0,0.0,0.0,93.01295813050996
2024-09-17,0.0,0.0,0,0,0.0,0.0,93.01295813050996
2024-09-18,0.0,0.0,0,0,0.0,0.0,93.01295813050996
2024-09-19,0.0,0.0,0,0,0.0,0.0,93.01295813050996
2024-09-20,0.0,0.0,0,0,0.0,0.0,93.01295813050996
2024-09-21,0.0,0.0,0,0,0.0,0.0,93.01295813050996
2024-09-22,0.0,0.0,0,0,0.0,0.0,93.01295813050996
2024-09-23,0.0,0.0,0,0,0.0,0.0,93.01295813050996
2024-09-24,0.0,0.0,0,0,0.0,0.0,93.01295813050996
2024-09-25,0.0,0.0,0,0,0.0,0.0,93.01295813050996
2024-09-26,0.0,0.0,0,0,0.0,0.0,93.01295813050996
2024-09-27,0.0,0.0,0,0,0.0,0.0,93.01295813050996
2024-09-28,0.0,0.0,0,0,0.0,0.0,93.01295813050996
2024-09-29,0.0,0.0,0,0,0.0,0.0,93.01295813050996
2024-09-30,0.0,0.0,0,0,0.0,0.0,93.01295813050996
2024-10-01,0.0,0.0,0,0,0.0,0.0,93.01295813050996
2024-10-02,0.0,0.0,0,0,0.0,0.0,93.01295813050996
2024-10-03,0.0,0.0,0,0,0.0,0.0,93.01295813050996
2024-10-04,0.0,0.0,0,0,0.0,0.0,93.01295813050996
2024-10-05,0.0,0.0,0,0,0.0,0.0,93.01295813050996
2024-10-06,0.0,0.0,0,0,0.0,0.0,93.01295813050996
2024-10-07,0.0,0.0,0,0,0.0,0.0,93.01295813050996
2024-10-08,0.0,0.0,0,0,0.0,0.0,93.01295813050996
2024-10-09,0.0,0.0,0,0,0.0,0.0,93.01295813050996
2024-10-10,0.0,0.0,0,0,0.0,0.0,93.01295813050996
2024-10-11,0.0,0.0,0,0,0.0,0.0,93.01295813050996
2024-10-12,0.0,0.0,0,0,0.0,0.0,93.01295813050996
2024-10-13,0.0,0.0,0,0,0.0,0.0,93.01295813050996
2024-10-14,0.0,0.0,0,0,0.0,0.0,93.01295813050996
2024-10-15,0.0,0.0,0,0,0.0,0.0,93.01295813050996
2024-10-16,0.0,0.0,0,0,0.0,0.0,93.01295813050996
2024-10-17,0.0,0.0,0,0,0.0,0.0,93.01295813050996
2024-10-18,0.0,0.0,0,0,0.0,0.0,93.01295813050996
2024-10-19,0.0,0.0,0,0,0.0,0.0,93.01295813050996
2024-10-20,0.0,0.0,0,0,0.0,0.0,93.01295813050996
2024-10-21,0.0,0.0,0,0,0.0,0.0,93.01295813050996
2024-10-22,0.0,0.0,0,0,0.0,0.0,93.01295813050996
2024-10-23,0.0,0.0,0,0,0.0,0.0,93.01295813050996
2024-10-24,0.0,0.0,0,0,0.0,0.0,93.01295813050996
2024-10-25,0.0,0.0,0,0,0.0,0.0,93.01295813050996
2024-10-26,0.0,0.0,0,0,0.0,0.0,93.01295813050996
2024-10-27,0.0,0.0,0,0,0.0,0.0,93.01295813050996
2024-10-28,0.0,0.0,0,0,0.0,0.0,93.01295813050996
2024-10-29,0.0,0.0,0,0,0.0,0.0,93.01295813050996
2024-10-30,0.0,0.0,0,0,0.0,0.0,93.01295813050996
2024-10-31,0.0,0.0,0,0,0.0,0.0,93.01295813050996
2024-11-01,0.0,0.0,0,0,0.0,0.0,93.01295813050996
2024-11-02,0.0,0.0,0,0,0.0,0.0,93.01295813050996
2024-11-03,0.0,0.0,0,0,0.0,0.0,93.01295813050996
2024-11-04,0.0,0.0,0,0,0.0,0.0,93.01295813050996
2024-11-05,0.0,0.0,0,0,0.0,0.0,93.01295813050996
2024-11-06,0.0,0.0,0,0,0.0,0.0,93.01295813050996
2024-11-07,0.0,0.0,0,0,0.0,0.0,93.01295813050996
2024-11-08,0.0,0.0,0,0,0.0,0.0,93.01295813050996
2024-11-09,0.0,0.0,0,0,0.0,0.0,93.01295813050996
2024-11-10,0.0,0.0,0,0,0.0,0.0,93.01295813050996
2024-11-11,0.0,0.0,0,0,0.0,0.0,93.01295813050996
2024-11-12,0.0,0.0,0,0,0.0,0.0,93.01295813050996
2024-11-13,0.0,0.0,0,0,0.0,0.0,93.01295813050996
2024-11-14,0.0,0.0,0,0,0.0,0.0,93.01295813050996
2024-11-15,0.0,0.0,0,0,0.0,0.0,93.01295813050996
2024-11-16,0.0,0.0,0,0,0.0,0.0,93.01295813050996
2024-11-17,0.0,0.0,0,0,0.0,0.0,93.01295813050996
2024-11-18,0.0,0.0,0,0,0.0,0.0,93.01295813050996
2024-11-19,0.0,0.0,0,0,0.0,0.0,93.01295813050996
2024-11-20,0.0,0.0,0,0,0.0,0.0,93.01295813050996
2024-11-21,0.0,0.0,0,0,0.0,0.0,93.01295813050996
2024-11-22,0.0,0.0,0,0,0.0,0.0,93.01295813050996
2024-11-23,0.0,0.0,0,0,0.0,0.0,93.01295813050996
2024-11-24,0.0,0.0,0,0,0.0,0.0,93.01295813050996
2024-11-25,0.0,0.0,0,0,0.0,0.0,93.01295813050996
2024-11-26,0.0,0.0,0,0,0.0,0.0,93.01295813050996
2024-11-27,0.0,0.0,0,0,0.0,0.0,93.01295813050996
2024-11-28,0.0,0.0,0,0,0.0,0.0,93.01295813050996
2024-11-29,0.0,0.0,0,0,0.0,0.0,93.01295813050996
2024-11-30,0.0,0.0,0,0,0.0,0.0,93.01295813050996
2024-12-01,0.0,0.0,0,0,0.0,0.0,93.01295813050996
2024-12-02,0.0,0.0,0,0,0.0,0.0,93.01295813050996
2024-12-03,0.0,0.0,0,0,0.0,0.0,93.01295813050996
2024-12-04,0.0,0.0,0,0,0.0,0.0,93.01295813050996
2024-12-05,0.0,0.0,0,0,0.0,0.0,93.01295813050996
2024-12-06,0.0,0.0,0,0,0.0,0.0,93.01295813050996
2024-12-07,0.0,0.0,0,0,0.0,0.0,93.01295813050996
2024-12-08,0.0,0.0,0,0,0.0,0.0,93.01295813050996
2024-12-09,0.0,0.0,0,0,0.0,0.0,93.01295813050996
2024-12-10,0.0,0.0,0,0,0.0,0.0,93.01295813050996
2024-12-11,0.0,0.0,0,0,0.0,0.0,93.01295813050996
2024-12-12,0.0,0.0,0,0,0.0,0.0,93.01295813050996
2024-12-13,0.0,0.0,0,0,0.0,0.0,93.01295813050996
2024-12-14,0.0,0.0,0,0,0.0,0.0,93.01295813050996
2024-12-15,0.0,0.0,0,0,0.0,0.0,93.01295813050996
2024-12-16,0.0,0.0,0,0,0.0,0.0,93.01295813050996
2024-12-17,0.0,0.0,0,0,0.0,0.0,93.01295813050996
2024-12-18,0.0,0.0,0,0,0.0,0.0,93.01295813050996
2024-12-19,0.0,0.0,0,0,0.0,0.0,93.01295813050996
2024-12-20,0.0,0.0,0,0,0.0,0.0,93.01295813050996
2024-12-21,11.233333333333334,235.9,21,21,11.233333333333334,0.0,125.78286984739331
2024-12-22,7.906666666666666,118.6,15,15,7.906666666666666,0.0,116.07830845467831
2024-12-23,7.685714285714285,215.2,28,28,7.685714285714285,0.0,115.4337455451135
2024-12-24,9.780000000000001,342.3,35,35,9.780000000000001,0.0,121.54320174396271
2024-12-25,9.982926829268292,409.3,41,41,9.982926829268292,0.0,122.13518046326024
2024-12-26,8.92,267.6,30,30,8.92,0.0,119.03440731578588
2024-12-27,9.24090909090909,609.9,66,66,9.24090909090909,0.0,119.97056422186031
2024-12-28,13.075000000000001,1778.2,136,136,13.075000000000001,0.0,131.1553850472681
2024-12-29,11.829545454545455,1041.0,88,88,12.0625,-0.23295454545454544,127.52214153077524
2024-12-30,10.298412698412697,648.8,63,63,10.596825396825396,-0.03968253968253968,123.05551673149048
2024-12-31,10.675438596491228,608.5,57,57,10.833333333333334,-0.07894736842105263,124.15537774588326
2025-01-01,9.109302325581394,391.7,43,43,9.109302325581394,0.0,119.58664059445974
2025-01-02,8.093023255813954,348.0,43,43,8.348837209302326,0.0,116.62194842270941
2025-01-03,8.137254901960784,415.0,51,51,8.441176470588236,0.0,116.75098110573529
2025-01-04,11.526315789473685,438.0,38,38,11.526315789473685,0.0,126.63755909567061
2025-01-05,11.034285714285714,386.2,35,35,11.034285714285714,0.0,125.20220757110432
2025-01-06,9.882,494.1,50,50,9.882,0.0,121.84075643195577
2025-01-07,13.426470588235293,456.5,34,34,13.597058823529412,0.0,132.18069603963175
2025-01-08,12.4,347.2,28,28,12.4,0.0,129.18627314143166
2025-01-09,9.573684210526316,181.9,19,19,9.573684210526316,0.0,120.94133674038541
2025-01-10,11.730434782608697,269.8,23,23,11.730434782608697,0.0,127.23301559876617
2025-01-11,10.080645161290322,312.5,31,31,10.100000000000001,0.0,122.42024465733886
2025-01-12,10.314285714285713,216.6,21,21,10.314285714285713,0.0,123.10182153821209
2025-01-13,11.631081081081081,860.7,74,74,11.631081081081081,0.0,126.94318070014847
2025-01-14,0.0,0.0,0,0,0.0,0.0,93.01295813050996
2025-01-15,0.0,0.0,0,0,0.0,0.0,93.01295813050996
2025-01-16,0.0,0.0,0,0,0.0,0.0,93.01295813050996
2025-01-17,0.0,0.0,0,0,0.0,0.0,93.01295813050996
2025-01-18,0.0,0.0,0,0,0.0,0.0,93.01295813050996
2025-01-19,0.0,0.0,0,0,0.0,0.0,93.01295813050996
2025-01-20,0.0,0.0,0,0,0.0,0.0,93.01295813050996
2025-01-21,0.0,0.0,0,0,0.0,0.0,93.01295813050996
2025-01-22,0.0,0.0,0,0,0.0,0.0,93.01295813050996
2025-01-23,0.0,0.0,0,0,0.0,0.0,93.01295813050996
2025-01-24,0.0,0.0,0,0,0.0,0.0,93.01295813050996
2025-01-25,0.0,0.0,0,0,0.0,0.0,93.01295813050996
2025-01-26,0.0,0.0,0,0,0.0,0.0,93.01295813050996
2025-01-27,0.0,0.0,0,0,0.0,0.0,93.01295813050996
2025-01-28,0.0,0.0,0,0,0.0,0.0,93.01295813050996
2025-01-29,0.0,0.0,0,0,0.0,0.0,93.01295813050996
2025-01-30,0.0,0.0,0,0,0.0,0.0,93.01295813050996
2025-01-31,0.0,0.0,0,0,0.0,0.0,93.01295813050996
2025-02-01,0.0,0.0,0,0,0.0,0.0,93.01295813050996
2025-02-02,0.0,0.0,0,0,0.0,0.0,93.01295813050996
2025-02-03,0.0,0.0,0,0,0.0,0.0,93.01295813050996
2025-02-04,0.0,0.0,0,0,0.0,0.0,93.01295813050996
2025-02-05,0.0,0.0,0,0,0.0,0.0,93.01295813050996
2025-02-06,0.0,0.0,0,0,0.0,0.0,93.01295813050996
2025-02-07,0.0,0.0,0,0,0.0,0.0,93.01295813050996
2025-02-08,0.0,0.0,0,0,0.0,0.0,93.01295813050996
2025-02-09,0.0,0.0,0,0,0.0,0.0,93.01295813050996
2025-02-10,0.0,0.0,0,0,0.0,0.0,93.01295813050996
2025-02-11,0.0,0.0,0,0,0.0,0.0,93.01295813050996
2025-02-12,11.736363636363636,129.1,11,11,12.227272727272727,0.0,127.25031126767998
2025-02-13,5.157142857142857,108.3,21,21,5.466666666666667,0.0,108.05738983436103
2025-02-14,2.7583333333333333,198.6,72,72,2.7583333333333333,0.0,101.05957591855773
2025-02-15,7.673913043478261,176.5,23,23,7.673913043478261,0.0,115.3993189279422
2025-02-16,6.3,138.6,22,22,6.3,0.0,111.39133591831694
2025-02-17,7.0,196.0,28,28,7.0,0.0,113.43337789473995
2025-02-18,6.339473684210526,240.9,38,38,6.339473684210526,0.0,111.50648866134831
2025-02-19,9.052173913043477,208.2,23,23,9.052173913043477,0.0,119.41998542810425
2025-02-20,10.402702702702703,384.90000000000003,37,37,10.402702702702703,0.0,123.35975182646409
2025-02-21,9.712903225806452,301.1,31,31,9.712903225806452,0.0,121.34746684484014
2025-02-22,0.0,0.0,0,0,0.0,0.0,93.01295813050996
2025-02-23,0.0,0.0,0,0,0.0,0.0,93.01295813050996
2025-02-24,0.0,0.0,0,0,0.0,0.0,93.01295813050996
2025-02-25,0.0,0.0,0,0,0.0,0.0,93.01295813050996
2025-02-26,0.0,0.0,0,0,0.0,0.0,93.01295813050996
2025-02-27,0.0,0.0,0,0,0.0,0.0,93.01295813050996
2025-02-28,0.0,0.0,0,0,0.0,0.0,93.01295813050996
2025-03-01,0.0,0.0,0,0,0.0,0.0,93.01295813050996
2025-03-02,0.0,0.0,0,0,0.0,0.0,93.01295813050996
2025-03-03,0.0,0.0,0,0,0.0,0.0,93.01295813050996
2025-03-04,0.0,0.0,0,0,0.0,0.0,93.01295813050996
2025-03-05,0.0,0.0,0,0,0.0,0.0,93.01295813050996
2025-03-06,0.0,0.0,0,0,0.0,0.0,93.01295813050996
2025-03-07,0.0,0.0,0,0,0.0,0.0,93.01295813050996
2025-03-08,0.0,0.0,0,0,0.0,0.0,93.01295813050996
2025-03-09,0.0,0.0,0,0,0.0,0.0,93.01295813050996
2025-03-10,0.0,0.0,0,0,0.0,0.0,93.01295813050996
2025-03-11,0.0,0.0,0,0,0.0,0.0,93.01295813050996
2025-03-12,0.0,0.0,0,0,0.0,0.0,93.01295813050996
2025-03-13,0.0,0.0,0,0,0.0,0.0,93.01295813050996
2025-03-14,0.0,0.0,0,0,0.0,0.0,93.01295813050996
2025-03-15,0.0,0.0,0,0,0.0,0.0,93.01295813050996
2025-03-16,0.0,0.0,0,0,0.0,0.0,93.01295813050996
2025-03-17,0.0,0.0,0,0,0.0,0.0,93.01295813050996
2025-03-18,0.0,0.0,0,0,0.0,0.0,93.01295813050996
2025-03-19,0.0,0.0,0,0,0.0,0.0,93.01295813050996
2025-03-20,0.0,0.0,0,0,0.0,0.0,93.01295813050996
2025-03-21,0.0,0.0,0,0,0.0,0.0,93.01295813050996
2025-03-22,0.0,0.0,0,0,0.0,0.0,93.01295813050996
2025-03-23,0.0,0.0,0,0,0.0,0.0,93.01295813050996
2025-03-24,0.0,0.0,0,0,0.0,0.0,93.01295813050996
2025-03-25,0.0,0.0,0,0,0.0,0.0,93.01295813050996
2025-03-26,0.0,0.0,0,0,0.0,0.0,93.01295813050996
2025-03-27,0.0,0.0,0,0,0.0,0.0,93.01295813050996
2025-03-28,0.0,0.0,0,0,0.0,0.0,93.01295813050996
2025-03-29,0.0,0.0,0,0,0.0,0.0,93.01295813050996
2025-03-30,0.0,0.0,0,0,0.0,0.0,93.01295813050996
2025-03-31,0.0,0.0,0,0,0.0,0.0,93.01295813050996
2025-04-01,0.0,0.0,0,0,0.0,0.0,93.01295813050996
2025-04-02,0.0,0.0,0,0,0.0,0.0,93.01295813050996
2025-04-03,0.0,0.0,0,0,0.0,0.0,93.01295813050996
2025-04-04,0.0,0.0,0,0,0.0,0.0,93.01295813050996
2025-04-05,0.0,0.0,0,0,0.0,0.0,93.01295813050996
2025-04-06,0.0,0.0,0,0,0.0,0.0,93.01295813050996
2025-04-07,0.0,0.0,0,0,0.0,0.0,93.01295813050996
2025-04-08,0.0,0.0,0,0,0.0,0.0,93.01295813050996
2025-04-09,0.0,0.0,0,0,0.0,0.0,93.01295813050996
2025-04-10,0.0,0.0,0,0,0.0,0.0,93.01295813050996
2025-04-11,0.0,0.0,0,0,0.0,0.0,93.01295813050996
2025-04-12,0.0,0.0,0,0,0.0,0.0,93.01295813050996
2025-04-13,0.0,0.0,0,0,0.0,0.0,93.01295813050996
2025-04-14,0.0,0.0,0,0,0.0,0.0,93.01295813050996
2025-04-15,0.0,0.0,0,0,0.0,0.0,93.01295813050996
2025-04-16,0.0,0.0,0,0,0.0,0.0,93.01295813050996
2025-04-17,0.0,0.0,0,0,0.0,0.0,93.01295813050996
2025-04-18,0.0,0.0,0,0,0.0,0.0,93.01295813050996
2025-04-19,0.0,0.0,0,0,0.0,0.0,93.01295813050996
2025-04-20,0.0,0.0,0,0,0.0,0.0,93.01295813050996
2025-04-21,0.0,0.0,0,0,0.0,0.0,93.01295813050996
2025-04-22,0.0,0.0,0,0,0.0,0.0,93.01295813050996
2025-04-23,0.0,0.0,0,0,0.0,0.0,93.01295813050996
2025-04-24,0.0,0.0,0,0,0.0,0.0,93.01295813050996
2025-04-25,0.0,0.0,0,0,0.0,0.0,93.01295813050996
2025-04-26,0.0,0.0,0,0,0.0,0.0,93.01295813050996
2025-04-27,0.0,0.0,0,0,0.0,0.0,93.01295813050996
2025-04-28,0.0,0.0,0,0,0.0,0.0,93.01295813050996
2025-04-29,0.0,0.0,0,0,0.0,0.0,93.01295813050996
2025-04-30,0.0,0.0,0,0,0.0,0.0,93.01295813050996
2025-05-01,0.0,0.0,0,0,0.0,0.0,93.01295813050996
2025-05-02,0.0,0.0,0,0,0.0,0.0,93.01295813050996
2025-05-03,0.0,0.0,0,0,0.0,0.0,93.01295813050996
2025-05-04,0.0,0.0,0,0,0.0,0.0,93.01295813050996
2025-05-05,0.0,0.0,0,0,0.0,0.0,93.01295813050996
2025-05-06,0.0,0.0,0,0,0.0,0.0,93.01295813050996
2025-05-07,0.0,0.0,0,0,0.0,0.0,93.01295813050996
2025-05-08,0.0,0.0,0,0,0.0,0.0,93.01295813050996
2025-05-09,0.0,0.0,0,0,0.0,0.0,93.01295813050996
2025-05-10,0.0,0.0,0,0,0.0,0.0,93.01295813050996
2025-05-11,0.0,0.0,0,0,0.0,0.0,93.01295813050996
2025-05-12,0.0,0.0,0,0,0.0,0.0,93.01295813050996
2025-05-13,0.0,0.0,0,0,0.0,0.0,93.01295813050996
2025-05-14,0.0,0.0,0,0,0.0,0.0,93.01295813050996
2025-05-15,0.0,0.0,0,0,0.0,0.0,93.01295813050996
2025-05-16,0.0,0.0,0,0,0.0,0.0,93.01295813050996
2025-05-17,0.0,0.0,0,0,0.0,0.0,93.01295813050996
2025-05-18,0.0,0.0,0,0,0.0,0.0,93.01295813050996
2025-05-19,0.0,0.0,0,0,0.0,0.0,93.01295813050996
2025-05-20,0.0,0.0,0,0,0.0,0.0,93.01295813050996
2025-05-21,0.0,0.0,0,0,0.0,0.0,93.01295813050996
2025-05-22,0.0,0.0,0,0,0.0,0.0,93.01295813050996
2025-05-23,0.0,0.0,0,0,0.0,0.0,93.01295813050996
2025-05-24,0.0,0.0,0,0,0.0,0.0,93.01295813050996
2025-05-25,0.0,0.0,0,0,0.0,0.0,93.01295813050996
2025-05-26,0.0,0.0,0,0,0.0,0.0,93.01295813050996
2025-05-27,0.0,0.0,0,0,0.0,0.0,93.01295813050996
2025-05-28,0.0,0.0,0,0,0.0,0.0,93.01295813050996
2025-05-29,0.0,0.0,0,0,0.0,0.0,93.01295813050996
2025-05-30,0.0,0.0,0,0,0.0,0.0,93.01295813050996
2025-05-31,0.0,0.0,0,0,0.0,0.0,93.01295813050996
2025-06-01,0.0,0.0,0,0,0.0,0.0,93.01295813050996
2025-06-02,0.0,0.0,0,0,0.0,0.0,93.01295813050996
2025-06-03,0.0,0.0,0,0,0.0,0.0,93.01295813050996
2025-06-04,0.0,0.0,0,0,0.0,0.0,93.01295813050996
2025-06-05,0.0,0.0,0,0,0.0,0.0,93.01295813050996
2025-06-06,0.0,0.0,0,0,0.0,0.0,93.01295813050996
2025-06-07,0.0,0.0,0,0,0.0,0.0,93.01295813050996
2025-06-08,0.0,0.0,0,0,0.0,0.0,93.01295813050996
2025-06-09,0.0,0.0,0,0,0.0,0.0,93.01295813050996
2025-06-10,0.0,0.0,0,0,0.0,0.0,93.01295813050996
2025-06-11,0.0,0.0,0,0,0.0,0.0,93.01295813050996
2025-06-12,0.0,0.0,0,0,0.0,0.0,93.01295813050996
2025-06-13,0.0,0.0,0,0,0.0,0.0,93.01295813050996
2025-06-14,0.0,0.0,0,0,0.0,0.0,93.01295813050996
2025-06-15,0.0,0.0,0,0,0.0,0.0,93.01295813050996
2025-06-16,0.0,0.0,0,0,0.0,0.0,93.01295813050996
2025-06-17,0.0,0.0,0,0,0.0,0.0,93.01295813050996
2025-06-18,0.0,0.0,0,0,0.0,0.0,93.01295813050996
2025-06-19,0.0,0.0,0,0,0.0,0.0,93.01295813050996
2025-06-20,0.0,0.0,0,0,0.0,0.0,93.01295813050996
2025-06-21,0.0,0.0,0,0,0.0,0.0,93.01295813050996
2025-06-22,0.0,0.0,0,0,0.0,0.0,93.01295813050996
2025-06-23,0.0,0.0,0,0,0.0,0.0,93.01295813050996
2025-06-24,0.0,0.0,0,0,0.0,0.0,93.01295813050996
2025-06-25,0.0,0.0,0,0,0.0,0.0,93.01295813050996
2025-06-26,0.0,0.0,0,0,0.0,0.0,93.01295813050996
2025-06-27,0.0,0.0,0,0,0.0,0.0,93.01295813050996
2025-06-28,0.0,0.0,0,0,0.0,0.0,93.01295813050996
2025-06-29,0.0,0.0,0,0,0.0,0.0,93.01295813050996
2025-06-30,0.0,0.0,0,0,0.0,0.0,93.01295813050996
2025-07-01,0.0,0.0,0,0,0.0,0.0,93.01295813050996
2025-07-02,0.0,0.0,0,0,0.0,0.0,93.01295813050996
2025-07-03,0.0,0.0,0,0,0.0,0.0,93.01295813050996
2025-07-04,0.0,0.0,0,0,0.0,0.0,93.01295813050996
2025-07-05,0.0,0.0,0,0,0.0,0.0,93.01295813050996
2025-07-06,0.0,0.0,0,0,0.0,0.0,93.01295813050996
2025-07-07,0.0,0.0,0,0,0.0,0.0,93.01295813050996
2025-07-08,0.0,0.0,0,0,0.0,0.0,93.01295813050996
2025-07-09,0.0,0.0,0,0,0.0,0.0,93.01295813050996
2025-07-10,0.0,0.0,0,0,0.0,0.0,93.01295813050996
2025-07-11,0.0,0.0,0,0,0.0,0.0,93.01295813050996
2025-07-12,0.0,0.0,0,0,0.0,0.0,93.01295813050996
2025-07-13,0.0,0.0,0,0,0.0,0.0,93.01295813050996
2025-07-14,0.0,0.0,0,0,0.0,0.0,93.01295813050996
2025-07-15,0.0,0.0,0,0,0.0,0.0,93.01295813050996
2025-07-16,0.0,0.0,0,0,0.0,0.0,93.01295813050996
2025-07-17,0.0,0.0,0,0,0.0,0.0,93.01295813050996
2025-07-18,0.0,0.0,0,0,0.0,0.0,93.01295813050996
2025-07-19,0.0,0.0,0,0,0.0,0.0,93.01295813050996
2025-07-20,0.0,0.0,0,0,0.0,0.0,93.01295813050996
2025-07-21,0.0,0.0,0,0,0.0,0.0,93.01295813050996
2025-07-22,0.0,0.0,0,0,0.0,0.0,93.01295813050996
2025-07-23,0.0,0.0,0,0,0.0,0.0,93.01295813050996
2025-07-24,0.0,0.0,0,0,0.0,0.0,93.01295813050996
2025-07-25,0.0,0.0,0,0,0.0,0.0,93.01295813050996
2025-07-26,0.0,0.0,0,0,0.0,0.0,93.01295813050996
2025-07-27,0.0,0.0,0,0,0.0,0.0,93.01295813050996
2025-07-28,0.0,0.0,0,0,0.0,0.0,93.01295813050996
2025-07-29,0.0,0.0,0,0,0.0,0.0,93.01295813050996
2025-07-30,0.0,0.0,0,0,0.0,0.0,93.01295813050996
2025-07-31,0.0,0.0,0,0,0.0,0.0,93.01295813050996
2025-08-01,0.0,0.0,0,0,0.0,0.0,93.01295813050996
2025-08-02,0.0,0.0,0,0,0.0,0.0,93.01295813050996
2025-08-03,0.0,0.0,0,0,0.0,0.0,93.01295813050996
2025-08-04,0.0,0.0,0,0,0.0,0.0,93.01295813050996
2025-08-05,0.0,0.0,0,0,0.0,0.0,93.01295813050996
2025-08-06,0.0,0.0,0,0,0.0,0.0,93.01295813050996
2025-08-07,0.0,0.0,0,0,0.0,0.0,93.01295813050996
2025-08-08,0.0,0.0,0,0,0.0,0.0,93.01295813050996
2025-08-09,0.0,0.0,0,0,0.0,0.0,93.01295813050996
2025-08-10,0.0,0.0,0,0,0.0,0.0,93.01295813050996
2025-08-11,0.0,0.0,0,0,0.0,0.0,93.01295813050996
2025-08-12,0.0,0.0,0,0,0.0,0.0,93.01295813050996
2025-08-13,0.0,0.0,0,0,0.0,0.0,93.01295813050996
2025-08-14,0.0,0.0,0,0,0.0,0.0,93.01295813050996
2025-08-15,0.0,0.0,0,0,0.0,0.0,93.01295813050996
2025-08-16,0.0,0.0,0,0,0.0,0.0,93.01295813050996
2025-08-17,0.0,0.0,0,0,0.0,0.0,93.01295813050996
2025-08-18,0.0,0.0,0,0,0.0,0.0,93.01295813050996
2025-08-19,0.0,0.0,0,0,0.0,0.0,93.01295813050996
2025-08-20,0.0,0.0,0,0,0.0,0.0,93.01295813050996
2025-08-21,0.0,0.0,0,0,0.0,0.0,93.01295813050996
2025-08-22,0.0,0.0,0,0,0.0,0.0,93.01295813050996
2025-08-23,0.0,0.0,0,0,0.0,0.0,93.01295813050996
2025-08-24,0.0,0.0,0,0,0.0,0.0,93.01295813050996
2025-08-25,0.0,0.0,0,0,0.0,0.0,93.01295813050996
2025-08-26,0.0,0.0,0,0,0.0,0.0,93.01295813050996
2025-08-27,0.0,0.0,0,0,0.0,0.0,93.01295813050996
2025-08-28,0.0,0.0,0,0,0.0,0.0,93.01295813050996
2025-08-29,0.0,0.0,0,0,0.0,0.0,93.01295813050996
2025-08-30,0.0,0.0,0,0,0.0,0.0,93.01295813050996
2025-08-31,0.0,0.0,0,0,0.0,0.0,93.01295813050996
2025-09-01,1.125,4.5,4,3,2.0,-0.875,96.29481130690407
2025-09-02,2.6666666666666665,8.0,3,3,2.6666666666666665,0.0,100.79216565974043
2025-09-03,2.0,6.0,3,3,2.0,0.0,98.8473637774328
2025-09-04,3.3333333333333335,10.0,3,3,3.3333333333333335,0.0,102.73696754204805
2025-09-05,0.9166666666666666,5.5,6,5,1.25,-0.3333333333333333,95.68706071868293
2025-09-06,1.3599999999999999,6.8,5,4,1.7600000000000002,-0.4,96.9803539704175
2025-09-07,2.0,6.0,3,3,2.0,0.0,98.8473637774328
2025-09-08,0.0,0.0,0,0,0.0,0.0,93.01295813050996
2025-09-09,0.0,0.0,0,0,0.0,0.0,93.01295813050996
2025-09-10,0.0,0.0,0,0,0.0,0.0,93.01295813050996
2025-09-11,0.0,0.0,0,0,0.0,0.0,93.01295813050996
2025-09-12,0.0,0.0,0,0,0.0,0.0,93.01295813050996
2025-09-13,0.0,0.0,0,0,0.0,0.0,93.01295813050996
2025-09-14,0.0,0.0,0,0,0.0,0.0,93.01295813050996
2025-09-15,0.0,0.0,0,0,0.0,0.0,93.01295813050996
2025-09-16,0.0,0.0,0,0,0.0,0.0,93.01295813050996
2025-09-17,0.0,0.0,0,0,0.0,0.0,93.01295813050996
2025-09-18,0.0,0.0,0,0,0.0,0.0,93.01295813050996
2025-09-19,0.0,0.0,0,0,0.0,0.0,93.01295813050996
2025-09-20,0.0,0.0,0,0,0.0,0.0,93.01295813050996
2025-09-21,0.0,0.0,0,0,0.0,0.0,93.01295813050996
2025-09-22,0.0,0.0,0,0,0.0,0.0,93.01295813050996
2025-09-23,0.0,0.0,0,0,0.0,0.0,93.01295813050996
2025-09-24,0.0,0.0,0,0,0.0,0.0,93.01295813050996
2025-09-25,0.0,0.0,0,0,0.0,0.0,93.01295813050996
2025-09-26,0.0,0.0,0,0,0.0,0.0,93.01295813050996
2025-09-27,0.0,0.0,0,0,0.0,0.0,93.01295813050996
2025-09-28,0.0,0.0,0,0,0.0,0.0,93.01295813050996
2025-09-29,0.0,0.0,0,0,0.0,0.0,93.01295813050996
2025-09-30,0.0,0.0,0,0,0.0,0.0,93.01295813050996
2025-10-01,0.0,0.0,0,0,0.0,0.0,93.01295813050996
2025-10-02,0.0,0.0,0,0,0.0,0.0,93.01295813050996
2025-10-03,0.0,0.0,0,0,0.0,0.0,93.01295813050996
2025-10-04,0.0,0.0,0,0,0.0,0.0,93.01295813050996
2025-10-05,0.0,0.0,0,0,0.0,0.0,93.01295813050996
2025-10-06,0.0,0.0,0,0,0.0,0.0,93.01295813050996
2025-10-07,0.0,0.0,0,0,0.0,0.0,93.01295813050996
2025-10-08,0.0,0.0,0,0,0.0,0.0,93.01295813050996
2025-10-09,0.0,0.0,0,0,0.0,0.0,93.01295813050996
2025-10-10,0.0,0.0,0,0,0.0,0.0,93.01295813050996
2025-10-11,0.0,0.0,0,0,0.0,0.0,93.01295813050996
2025-10-12,0.0,0.0,0,0,0.0,0.0,93.01295813050996
2025-10-13,0.0,0.0,0,0,0.0,0.0,93.01295813050996
2025-10-14,0.0,0.0,0,0,0.0,0.0,93.01295813050996
2025-10-15,0.0,0.0,0,0,0.0,0.0,93.01295813050996
2025-10-16,0.0,0.0,0,0,0.0,0.0,93.01295813050996
2025-10-17,0.0,0.0,0,0,0.0,0.0,93.01295813050996
2025-10-18,0.0,0.0,0,0,0.0,0.0,93.01295813050996
2025-10-19,0.0,0.0,0,0,0.0,0.0,93.01295813050996
2025-10-20,0.0,0.0,0,0,0.0,0.0,93.01295813050996
2025-10-21,0.0,0.0,0,0,0.0,0.0,93.01295813050996
2025-10-22,0.0,0.0,0,0,0.0,0.0,93.01295813050996
2025-10-23,0.0,0.0,0,0,0.0,0.0,93.01295813050996
2025-10-24,0.0,0.0,0,0,0.0,0.0,93.01295813050996
2025-10-25,0.0,0.0,0,0,0.0,0.0,93.01295813050996
2025-10-26,0.0,0.0,0,0,0.0,0.0,93.01295813050996
2025-10-27,0.0,0.0,0,0,0.0,0.0,93.01295813050996
2025-10-28,0.0,0.0,0,0,0.0,0.0,93.01295813050996
2025-10-29,0.0,0.0,0,0,0.0,0.0,93.01295813050996
2025-10-30,0.0,0.0,0,0,0.0,0.0,93.01295813050996
2025-10-31,0.0,0.0,0,0,0.0,0.0,93.01295813050996
2025-11-01,0.0,0.0,0,0,0.0,0.0,93.01295813050996
2025-11-02,0.0,0.0,0,0,0.0,0.0,93.01295813050996
2025-11-03,0.0,0.0,0,0,0.0,0.0,93.01295813050996
2025-11-04,0.0,0.0,0,0,0.0,0.0,93.01295813050996
2025-11-05,0.0,0.0,0,0,0.0,0.0,93.01295813050996
2025-11-06,0.0,0.0,0,0,0.0,0.0,93.01295813050996
2025-11-07,0.0,0.0,0,0,0.0,0.0,93.01295813050996
2025-11-08,0.0,0.0,0,0,0.0,0.0,93.01295813050996
2025-11-09,0.0,0.0,0,0,0.0,0.0,93.01295813050996
2025-11-10,0.0,0.0,0,0,0.0,0.0,93.01295813050996
2025-11-11,0.0,0.0,0,0,0.0,0.0,93.01295813050996
2025-11-12,0.0,0.0,0,0,0.0,0.0,93.01295813050996
2025-11-13,0.0,0.0,0,0,0.0,0.0,93.01295813050996
2025-11-14,0.0,0.0,0,0,0.0,0.0,93.01295813050996
2025-11-15,0.0,0.0,0,0,0.0,0.0,93.01295813050996
2025-11-16,0.0,0.0,0,0,0.0,0.0,93.01295813050996
2025-11-17,0.0,0.0,0,0,0.0,0.0,93.01295813050996
2025-11-18,0.0,0.0,0,0,0.0,0.0,93.01295813050996
2025-11-19,0.0,0.0,0,0,0.0,0.0,93.01295813050996
2025-11-20,0.0,0.0,0,0,0.0,0.0,93.01295813050996
2025-11-21,0.0,0.0,0,0,0.0,0.0,93.01295813050996
2025-11-22,0.0,0.0,0,0,0.0,0.0,93.01295813050996
2025-11-23,0.0,0.0,0,0,0.0,0.0,93.01295813050996
2025-11-24,0.0,0.0,0,0,0.0,0.0,93.01295813050996
2025-11-25,0.0,0.0,0,0,0.0,0.0,93.01295813050996
2025-11-26,0.0,0.0,0,0,0.0,0.0,93.01295813050996
2025-11-27,0.0,0.0,0,0,0.0,0.0,93.01295813050996
2025-11-28,0.0,0.0,0,0,0.0,0.0,93.01295813050996
2025-11-29,0.0,0.0,0,0,0.0,0.0,93.01295813050996
2025-11-30,0.0,0.0,0,0,0.0,0.0,93.01295813050996
2025-12-01,0.0,0.0,0,0,0.0,0.0,93.01295813050996
2025-12-02,0.0,0.0,0,0,0.0,0.0,93.01295813050996
2025-12-03,0.0,0.0,0,0,0.0,0.0,93.01295813050996
2025-12-04,0.0,0.0,0,0,0.0,0.0,93.01295813050996
2025-12-05,0.0,0.0,0,0,0.0,0.0,93.01295813050996
2025-12-06,0.0,0.0,0,0,0.0,0.0,93.01295813050996
2025-12-07,0.0,0.0,0,0,0.0,0.0,93.01295813050996
2025-12-08,0.0,0.0,0,0,0.0,0.0,93.01295813050996
2025-12-09,0.0,0.0,0,0,0.0,0.0,93.01295813050996
2025-12-10,0.0,0.0,0,0,0.0,0.0,93.01295813050996
2025-12-11,0.0,0.0,0,0,0.0,0.0,93.01295813050996
2025-12-12,0.0,0.0,0,0,0.0,0.0,93.01295813050996
2025-12-13,0.0,0.0,0,0,0.0,0.0,93.01295813050996
2025-12-14,0.0,0.0,0,0,0.0,0.0,93.01295813050996
2025-12-15,0.0,0.0,0,0,0.0,0.0,93.01295813050996
2025-12-16,0.0,0.0,0,0,0.0,0.0,93.01295813050996
2025-12-17,0.0,0.0,0,0,0.0,0.0,93.01295813050996
2025-12-18,0.0,0.0,0,0,0.0,0.0,93.01295813050996
2025-12-19,0.0,0.0,0,0,0.0,0.0,93.01295813050996
2025-12-20,0.0,0.0,0,0,0.0,0.0,93.01295813050996
2025-12-21,0.0,0.0,0,0,0.0,0.0,93.01295813050996
2025-12-22,0.0,0.0,0,0,0.0,0.0,93.01295813050996
2025-12-23,0.0,0.0,0,0,0.0,0.0,93.01295813050996
2025-12-24,0.0,0.0,0,0,0.0,0.0,93.01295813050996
2025-12-25,0.0,0.0,0,0,0.0,0.0,93.01295813050996
2025-12-26,0.0,0.0,0,0,0.0,0.0,93.01295813050996
2025-12-27,0.0,0.0,0,0,0.0,0.0,93.01295813050996
2025-12-28,0.0,0.0,0,0,0.0,0.0,93.01295813050996
2025-12-29,0.0,0.0,0,0,0.0,0.0,93.01295813050996
2025-12-30,0.0,0.0,0,0,0.0,0.0,93.01295813050996
2025-12-31,0.0,0.0,0,0,0.0,0.0,93.01295813050996
