date,title,url,source,domain,language
2015-02-18,,http://timesofindia.indiatimes.com/city/delhi/City-temperature-to-remain-above-normal-says-Met/articleshow/46293884.cms,indiatimes.com,indiatimes.com,English
2015-02-18,,http://www.dailyexcelsior.com/swine-flu-toll-663/,dailyexcelsior.com,dailyexcelsior.com,English
2015-02-18,,https://in.newshub.org/ahead-of-track-ii-meet-pakistan-denies-visa-to-pdp-spokesman-12013266.html,newshub.org,newshub.org,English
2015-02-18,,http://www.indiatimes.com/news/india/pdp-bjp-coalition-stalled-because-rss-doesnt-want-to-repeal-afspa-230337.html,indiatimes.com,indiatimes.com,English
2015-02-19,,http://www.newindianexpress.com/nation/Two-Die-of-Swine-Flu-in-Kashmir/2015/02/19/article2675754.ece,newindianexpress.com,newindianexpress.com,English
2015-02-19,,http://www.risingkashmir.com/kashmir-set-for-phase-3/,risingkashmir.com,risingkashmir.com,English
2015-02-19,,https://en-maktoob.news.yahoo.com/bjp-pdp-candidates-elected-unopposed-jammu-kashmir-024037275.html,yahoo.com,yahoo.com,English
2015-02-19,,http://www.abplive.in/india/2015/02/19/article505989.ece/Swine-flu-deaths-at-663-people-affected-cross-10000,abplive.in,abplive.in,English
2015-02-19,,http://www.thefrontierpost.com/article/240487//,thefrontierpost.com,thefrontierpost.com,English
2015-02-19,,http://nypost.com/2015/02/18/burkle-bags-67-million-in-soho-house-building-deal/,nypost.com,nypost.com,English
2015-02-19,,http://post.jagran.com/mehbooba-mufti-meets-arun-jaitley-amid-impasse-over-cmp-in-jk-1424315615,jagran.com,jagran.com,English
2015-02-19,,http://www.livesamachar.in/latest-news/over-650-dead-due-to-swine-flu-at-least-10000-test-positive/,livesamachar.in,livesamachar.in,English
2015-02-19,,http://www.oneindia.com/india/10-day-long-taj-mahotsava-begins-in-agra-1658578.html,oneindia.com,oneindia.com,English
2015-02-19,,http://www.thefrontierpost.com/article/241859//,thefrontierpost.com,thefrontierpost.com,English
2015-02-19,,http://www.visionmp.com/mehbooba-mufti-meets-arun-jaitley-for-government-formation-in-mp/,visionmp.com,visionmp.com,English
2015-02-19,,http://www.setanta.com/ie/tv-listings?date=21-02-2015&time=18,setanta.com,setanta.com,English
2015-02-19,,http://www.nyoooz.com/news/pune/huge-temperature-difference-cause-of-viral-fevers-say-doctors/57782.html,nyoooz.com,nyoooz.com,English
2015-02-19,,http://www.thefrontierpost.com/article/240495//,thefrontierpost.com,thefrontierpost.com,English
2015-02-19,,http://www.manipalworldnews.com/2015/02/19/fate-lakhvi-entirely-hands-court-pakistan-tells-india/,manipalworldnews.com,manipalworldnews.com,English
2015-02-19,,http://www.firstpost.com/politics/jammu-and-kashmir-mehbooba-mufti-meets-jaitley-as-bjp-pdp-work-out-differences-2107105.html,firstpost.com,firstpost.com,English
2015-02-19,,http://www.setanta.com/ie/tv-listings?date=21-02-2014&time=14,setanta.com,setanta.com,English
2015-02-19,,http://www.firstpost.com/politics/with-pressure-from-rss-army-on-pdp-demands-will-bjp-walk-away-from-jk-alliance-2107983.html,firstpost.com,firstpost.com,English
2015-02-19,,http://www.merinews.com/article/pakistans-latest-war-on-terror-in-a-state-of-disarray/15904391.shtml,merinews.com,merinews.com,English
2015-02-19,,http://www.ibtimes.co.in/india-facing-potential-threat-ior-chinese-submarine-docks-colombo-610158,ibtimes.co.in,ibtimes.co.in,English
2015-02-19,,http://www.ibtimes.co.in/jk-5-bjp-pdp-candidates-elected-unopposed-legislative-council-election-623903,ibtimes.co.in,ibtimes.co.in,English
2015-02-19,,http://www.bignewsnetwork.com/index.php/sid/230396825,bignewsnetwork.com,bignewsnetwork.com,English
2015-02-19,,http://economictimes.indiatimes.com/news/politics-and-nation/amit-shah-holds-discussions-with-rss-over-jammu-and-kashmir-and-bihar-issues/articleshow/46299086.cms,indiatimes.com,indiatimes.com,English
2015-02-19,,http://www.thehealthsite.com/news/swine-flu-in-india-84-tested-positive-no-new-death-in-kashmir/,thehealthsite.com,thehealthsite.com,English
2015-02-19,,http://www.thehindu.com/news/national/amit-shah-holds-talks-with-rss-leaders/article6912757.ece,thehindu.com,thehindu.com,English
2015-02-19,,http://www.risingkashmir.com/pak-pms-statement-encouraging-for-the-ongoing-struggle-shah/,risingkashmir.com,risingkashmir.com,English
2015-02-19,,http://www.thehindu.com/news/national/rs-125-cr-bid-for-modis-controversial-bandhgala-suit/article6912836.ece,thehindu.com,thehindu.com,English
2015-02-19,,http://www.bignewsnetwork.com/index.php/sid/230396909,bignewsnetwork.com,bignewsnetwork.com,English
2015-02-19,,https://in.newshub.org/women-the-soft-target-of-the-natural-disasters-12041527.html,newshub.org,newshub.org,English
2015-02-19,,http://www.dnaindia.com/india/report-amit-shah-holds-discussions-with-rss-leaders-2062388,dnaindia.com,dnaindia.com,English
2015-02-19,,http://www.greaterkashmir.com/news/2015/Feb/19/lecturing-on-safety-skims-throws-norms-to-winds-20.asp,greaterkashmir.com,greaterkashmir.com,English
2015-02-19,,http://www.oneindia.com/india/shah-holds-discussions-with-rss-leaders.html,oneindia.com,oneindia.com,English
2015-02-19,,http://www.prnewswire.co.in/news-releases/ola-bandhan-laurus-trimax-vini-zomato-among-winners-of-vccircle-awards-2015-292563221.html,prnewswire.co.in,prnewswire.co.in,English
2015-02-19,,http://indianexpress.com/article/india/politics/jk-bjps-historical-victory-on-legislative-council-seat-from-valley/,indianexpress.com,indianexpress.com,English
2015-02-19,,http://twocircles.net/2015feb19/1424345237.html,twocircles.net,twocircles.net,English
2015-02-19,,http://www.newkerala.com/news/2015/fullnews-21320.html,newkerala.com,newkerala.com,English
2015-02-19,,http://www.thehealthsite.com/news/swine-flu-in-india-jammu-sp-dies-of-breathing-disorder-swine-flu-suspected/,thehealthsite.com,thehealthsite.com,English
2015-02-19,,http://www.business-standard.com/article/news-ani/swine-flu-deaths-congress-accuses-govt-of-being-insensitive-115021900798_1.html,business-standard.com,business-standard.com,English
2015-02-19,,http://www.newindianexpress.com/nation/Congress-Questions-Modis-Tough-Stance-on-Religious-Intolerance/2015/02/19/article2676483.ece,newindianexpress.com,newindianexpress.com,English
2015-02-19,,http://www.taiwansun.com/index.php/sid/230396825,taiwansun.com,taiwansun.com,English
2015-02-19,,http://indiatoday.intoday.in/education/story/south-indian-bank-announces-vacancy-probationary-clerk/1/419856.html,indiatoday.intoday.in,indiatoday.intoday.in,English
2015-02-19,,http://zeenews.india.com/news/jammu-and-kashmir/jammu-sp-dies-of-breathing-disorder-swine-flu-suspected_1549299.html,india.com,india.com,English
2015-02-19,,http://www.israelreturns.org/2015/02/becoming-moses/,israelreturns.org,israelreturns.org,English
2015-02-19,,http://www.newageislam.com/islamic-world-news/new-age-islam-news-bureau/obama-calls-upon-muslim-leaders-to-do-more-to-%E2%80%98reject-the-narratives-of-violent-extremists%E2%80%99/d/101601,newageislam.com,newageislam.com,English
2015-02-19,,http://www.dnaindia.com/india/report-congress-questions-pm-modi-s-tough-stance-on-religious-intolerance-2062449,dnaindia.com,dnaindia.com,English
2015-02-19,,http://www.kashmirlife.net/hurriyat-m-welcomes-shariefs-k-statement-says-internationally-recognized-disputes-cannot-be-wished-away-73549/,kashmirlife.net,kashmirlife.net,English
2015-02-19,,http://www.kashmirlife.net/health-authorities-ignored-swine-flu-alert-dak-73546/,kashmirlife.net,kashmirlife.net,English
2015-02-19,,http://www.iraqsun.com/index.php/sid/230396825,iraqsun.com,iraqsun.com,English
2015-02-19,,http://www.nytimes.com/2015/02/18/travel/in-south-india-a-low-key-and-cheap-alternative-to-goa.html,nytimes.com,nytimes.com,English
2015-02-19,,http://www.scoopnews.in/det.aspx?q=44651,scoopnews.in,scoopnews.in,English
2015-02-19,,http://www.newindianexpress.com/nation/Cong-Questions-Modis-Tough-Stance-on-Religious-Intolerance/2015/02/19/article2676536.ece,newindianexpress.com,newindianexpress.com,English
2015-02-19,,https://in.news.yahoo.com/kashmir-policeman-dies-suspected-swine-flu-84-cases-134618261.html,yahoo.com,yahoo.com,English
2015-02-19,,http://www.outlookindia.com/news/article/Modis-Bandhgala-Attracts-Highest-Bid-of-148Cr/882098,outlookindia.com,outlookindia.com,English
2015-02-19,,http://www.indiatvnews.com/news/india/swine-flu-deaths-soar-to-663-delhi-govt-issues-helpline-numbers-47748.html,indiatvnews.com,indiatvnews.com,English
2015-02-19,,http://news.webindia123.com/news/Articles/Asia/20150219/2540410.html,webindia123.com,webindia123.com,English
2015-02-19,,http://www.finanznachrichten.de/nachrichten-2015-02/32869754-india-s-best-pe-vc-backed-indian-companies-investment-banks-law-firms-honoured-at-vccircle-annual-awards-2014-008.htm,finanznachrichten.de,finanznachrichten.de,English
2015-02-19,,http://www.itnewsonline.com/prnewswire/Indias-Best-PE/VC-Backed-Indian-Companies-Investment-Banks-Law-Firms-Honoured-at-VCCircle-Annual-Awards-2014/365023,itnewsonline.com,itnewsonline.com,English
2015-02-19,,http://www.marketwatch.com/story/indias-best-pevc-backed-indian-companies-investment-banks-law-firms-honoured-at-vccircle-annual-awards-2014-2015-02-19,marketwatch.com,marketwatch.com,English
2015-02-19,,http://www.firstpost.com/politics/jk-stalemate-conveyed-displeasure-bjp-misunderstanding-seat-sharing-says-pdp-2109733.html,firstpost.com,firstpost.com,English
2015-02-19,,http://www.srilankasource.com/index.php/sid/230396825,srilankasource.com,srilankasource.com,English
2015-02-19,,http://www.sify.com/news/budget-challenges-mount-for-bjp-after-delhi-debacle-news-columns-pctqa1icchejf.html,sify.com,sify.com,English
2015-02-19,,http://finance.yahoo.com/news/indias-best-pe-vc-backed-143100102.html,yahoo.com,yahoo.com,English
2015-02-19,,http://www.oneindia.com/india/congress-questions-pm-modi-s-tough-stance-on-religious-intolerance-1659231.html,oneindia.com,oneindia.com,English
2015-02-19,,https://in.news.yahoo.com/mamata-confident-breakthrough-lba-during-bangladesh-visit-135804780.html,yahoo.com,yahoo.com,English
2015-02-19,,http://www.prnewswire.co.uk/news-releases/indias-best-pevc-backed-indian-companies-investment-banks-law-firms-honoured-at-vccircle-annual-awards-2014-292643221.html,prnewswire.co.uk,prnewswire.co.uk,English
2015-02-19,,http://us.india.com/news/india/mamata-banerjee-confident-of-breakthrough-in-lba-during-bangladesh-visit-288510/,india.com,india.com,English
2015-02-19,,http://www.outlookindia.com/news/article/Modis-Bandhgala-Attracts-Highest-Bid-of-148-Crore/882098,outlookindia.com,outlookindia.com,English
2015-02-19,,http://www.deccanherald.com/content/460823/amit-shah-talks-rss-over.html,deccanherald.com,deccanherald.com,English
2015-02-19,,http://news.webindia123.com/news/articles/India/20150219/2540458.html,webindia123.com,webindia123.com,English
2015-02-19,,http://www.bignewsnetwork.com/index.php/sid/230397217,bignewsnetwork.com,bignewsnetwork.com,English
2015-02-19,,http://www.deccanherald.com/content/460822/40-more-deaths-due-swine.html,deccanherald.com,deccanherald.com,English
2015-02-19,,http://primenews.com.bd/en/?p=3327,primenews.com.bd,primenews.com.bd,English
2015-02-19,,http://www.bignewsnetwork.com/index.php/sid/230397163,bignewsnetwork.com,bignewsnetwork.com,English
2015-02-19,,http://www.thenational.ae/opinion/editorial/no-need-to-feel-sheepish-in-the-year-of-the-yang,thenational.ae,thenational.ae,English
2015-02-19,,http://www.malaysiasun.com/index.php/sid/230397169,malaysiasun.com,malaysiasun.com,English
2015-02-19,,http://www.dayandnightnews.com/2015/02/jmu-sgr-nh-closes-after-fresh-snowfall/,dayandnightnews.com,dayandnightnews.com,English
2015-02-19,,http://www.scoopnews.in/det.aspx?q=44670,scoopnews.in,scoopnews.in,English
2015-02-19,,http://www.stuff.co.nz/national/66429533/hamilton-zoos-red-pandas-get-ready-for-their-closeup,stuff.co.nz,stuff.co.nz,English
2015-02-19,,http://news.gnom.es/pr/indias-best-pevc-backed-indian-companies-investment-banks-law-firms-honoured-at-vccircle-annual-awards-2014,news.gnom.es,news.gnom.es,English
2015-02-19,,http://www.newindianexpress.com/nation/Swine-Flu-Claims-703-Lives-PM-Directs-Proper-Treatment-for-Patients/2015/02/19/article2676581.ece,newindianexpress.com,newindianexpress.com,English
2015-02-19,,http://www.jamaicantimes.com/index.php/sid/230397169,jamaicantimes.com,jamaicantimes.com,English
2015-02-19,,http://www.dnaindia.com/india/report-amit-shah-talks-to-rss-over-govt-formation-in-jammu-kashmir-2062509,dnaindia.com,dnaindia.com,English
2015-02-19,,http://www.kntvnews.in/mamata-confident-breakthrough-lba/,kntvnews.in,kntvnews.in,English
2015-02-19,,http://www.vnewsbd.com/?p=97802,vnewsbd.com,vnewsbd.com,English
2015-02-19,,http://www.stuff.co.nz/waikato-times/66429533/Hamilton-Zoos-red-pandas-get-ready-for-their-close-up,stuff.co.nz,stuff.co.nz,English
2015-02-19,,http://www.zimbabwestar.com/index.php/sid/230397163,zimbabwestar.com,zimbabwestar.com,English
2015-02-19,,http://www.zimbabwestar.com/index.php/sid/230397169,zimbabwestar.com,zimbabwestar.com,English
2015-02-19,,http://www.thehindubusinessline.com/economy/budget/mixed-signals-and-no-blockbuster-rallies/article6913507.ece,thehindubusinessline.com,thehindubusinessline.com,English
2015-02-19,,http://www.firstpost.com/politics/bjp-chief-amit-shah-consults-rss-govt-formation-jk-2110033.html,firstpost.com,firstpost.com,English
2015-02-19,,https://en-maktoob.news.yahoo.com/top-asian-news-5-00-p-m-gmt-170254666.html,yahoo.com,yahoo.com,English
2015-02-19,,http://www.hawaiitelegraph.com/index.php/sid/230397169,hawaiitelegraph.com,hawaiitelegraph.com,English
2015-02-19,,http://www.kashmirmonitor.in/news-governor-reviews-h1n1-flu-status-in-the-state-79673.aspx,kashmirmonitor.in,kashmirmonitor.in,English
2015-02-19,,http://www.singaporestar.com/index.php/sid/230397169,singaporestar.com,singaporestar.com,English
2015-02-19,,http://www.kashmirmonitor.in/news-politics-of-rape-in-kashmir-79626.aspx,kashmirmonitor.in,kashmirmonitor.in,English
2015-02-19,,http://www.sruti.com/index.php?main_page=product_info&products_id=237&zenid=56610j318qni6n661tb2tkjii1,sruti.com,sruti.com,English
2015-02-19,,http://kashmirreader.com/pakistan-did-not-cede-aksai-chin-to-china-34489,kashmirreader.com,kashmirreader.com,English
2015-02-19,,http://www.economist.com/news/books-and-arts/21644118-clear-and-highly-readable-account-disputed-topic-divide-and-rue,economist.com,economist.com,English
2015-02-19,,http://www.morungexpress.com/national/128575.html,morungexpress.com,morungexpress.com,English
2015-02-19,,https://in.newshub.org/jd-u-gets-tag-of-opposition-12075723.html,newshub.org,newshub.org,English
2015-02-19,,http://www.kashmirmonitor.in/news-now-rs-1-41-crore-bid-for-pm-modis-pinstripe-suit-79633.aspx,kashmirmonitor.in,kashmirmonitor.in,English
2015-02-19,,http://www.kashmirmonitor.in/news-desperately-hope-south-africa-wins-wc-kirsten-79650.aspx,kashmirmonitor.in,kashmirmonitor.in,English
2015-02-19,,http://thebangladeshtoday.com/business/2015/02/59th-annual-general-meeting-of-bgfcl-held/,thebangladeshtoday.com,thebangladeshtoday.com,English
2015-02-19,,http://www.kashmirmonitor.in/news-military-courts-to-hear-shikarpur-imambargah-blast-case-sharjeel-79639.aspx,kashmirmonitor.in,kashmirmonitor.in,English
2015-02-19,,http://www.kashmirmonitor.in/news-13-more-tested-positive-of-swine-flu-79670.aspx,kashmirmonitor.in,kashmirmonitor.in,English
2015-02-19,,http://www.kashmirmonitor.in/news-cristiano-ronaldo-helps-real-madrid-equal-record-79648.aspx,kashmirmonitor.in,kashmirmonitor.in,English
2015-02-19,,http://www.kashmirmonitor.in/news-eight-teams-for-inaugural-womens-big-bash-league-79649.aspx,kashmirmonitor.in,kashmirmonitor.in,English
2015-02-19,,http://www.dailykashmirimages.com/news-13-new-cases-of-swine-flu-test-positive-73111.aspx,dailykashmirimages.com,dailykashmirimages.com,English
2015-02-19,,http://www.newjerseytelegraph.com/index.php/sid/230397169,newjerseytelegraph.com,newjerseytelegraph.com,English
2015-02-19,,http://www.kashmirmonitor.in/news-afghan-taliban-signal-readiness-for-peace-talks-pakistani-officials-79640.aspx,kashmirmonitor.in,kashmirmonitor.in,English
2015-02-19,,http://www.kashmirmonitor.in/news-ttp-claims-attack-on-rawalpindi-imambargah-three-killed-79638.aspx,kashmirmonitor.in,kashmirmonitor.in,English
2015-02-19,,http://www.risingkashmir.com/shariefs-statement-on-kashmir-a-historic-reality-hurriyat-m/,risingkashmir.com,risingkashmir.com,English
2015-02-19,,http://www.kashmirmonitor.in/news-let-planning-infiltration-attacks-on-naval-assets-through-sea-route-79636.aspx,kashmirmonitor.in,kashmirmonitor.in,English
2015-02-19,,http://www.kashmirmonitor.in/news-army-against-afspa-climb-down-79676.aspx,kashmirmonitor.in,kashmirmonitor.in,English
2015-02-19,,http://dailymailnews.com/2015/02/19/pakistan-rejects-indias-minus-hurriyat-talks-formula/,dailymailnews.com,dailymailnews.com,English
2015-02-19,,http://www.kashmirmonitor.in/news-global-trade-changing-realities-79628.aspx,kashmirmonitor.in,kashmirmonitor.in,English
2015-02-19,,http://www.kashmirmonitor.in/news-bjp-pdp-candidates-elected-unopposed-79667.aspx,kashmirmonitor.in,kashmirmonitor.in,English
2015-02-19,,http://www.kashmirmonitor.in/news-indias-batting-is-not-only-about-kohli-sa-coach-79651.aspx,kashmirmonitor.in,kashmirmonitor.in,English
2015-02-19,,http://timesofindia.indiatimes.com/Entertainment/Hindi/Music/News/KC-Loy-Band-/-Indie-music/articleshow/46300228.cms,indiatimes.com,indiatimes.com,English
2015-02-19,,http://www.dailykashmirimages.com/news-army-holds-recruitment-rally-in-frontier-poonch-district-73084.aspx,dailykashmirimages.com,dailykashmirimages.com,English
2015-02-19,,http://www.dailypioneer.com/todays-newspaper/death-toll-at-700-as-cases-swell-to-11000.html,dailypioneer.com,dailypioneer.com,English
2015-02-19,,http://www.thefrontierpost.com/article/240863//,thefrontierpost.com,thefrontierpost.com,English
2015-02-19,,https://iaoj.wordpress.com/2015/02/19/islamic-state-poses-a-dangerous-threat-to-the-world/,wordpress.com,wordpress.com,English
2015-02-19,,http://www.thehindu.com/opinion/letters/politics-of-rape/article6913669.ece,thehindu.com,thehindu.com,English
2015-02-19,,http://www.greaterkashmir.com/news/2015/Feb/20/is-hindu-our-national-identity--13.asp,greaterkashmir.com,greaterkashmir.com,English
2015-02-19,,http://timesofindia.indiatimes.com/city/chennai/Aadhar-registration-in-Chennai-remains-low/articleshow/46305757.cms,indiatimes.com,indiatimes.com,English
2015-02-19,,http://www.eurasiareview.com/19022015-pakistans-nukes-are-a-global-threat-analysis/,eurasiareview.com,eurasiareview.com,English
2015-02-19,,http://www.vnewsbd.com/?p=97830,vnewsbd.com,vnewsbd.com,English
2015-02-19,,http://www.deccanherald.com/content/460938/amit-shah-meets-rss-leaders.html,deccanherald.com,deccanherald.com,English
2015-02-19,,http://www.indiagazette.com/index.php/sid/230402189,indiagazette.com,indiagazette.com,English
2015-02-19,,http://www.business-standard.com/article/current-affairs/pm-s-bandhgala-suit-attracts-rs-1-25-crore-bid-on-day-2-115021900292_1.html,business-standard.com,business-standard.com,English
2015-02-19,,https://in.newshub.org/in-a-first-bjp-leader-set-to-be-elected-to-j-k-council-12081919.html,newshub.org,newshub.org,English
2015-02-19,,http://www.thehansindia.com/posts/index/2015-02-20/Physical-geography-of-India-132538,thehansindia.com,thehansindia.com,English
2015-02-19,,http://www.telegraphindia.com/1150220/jsp/frontpage/story_4531.jsp,telegraphindia.com,telegraphindia.com,English
2015-02-19,,http://www.telegraphindia.com/1150220/jsp/bihar/story_4496.jsp,telegraphindia.com,telegraphindia.com,English
2015-02-19,,http://kashmirwatch.com/asia.php/2015/02/19/pakistan-supports-afghan-owned-reconciliation-process-ispr.html,kashmirwatch.com,kashmirwatch.com,English
2015-02-19,,http://www.dailyexcelsior.com/governor-reviews-h1n1-flu-status-in-state/,dailyexcelsior.com,dailyexcelsior.com,English
2015-02-19,,http://timesofindia.indiatimes.com/india/PDP-spokesman-denied-Pakistan-visa/articleshow/46306707.cms,indiatimes.com,indiatimes.com,English
2015-02-19,,http://www.telegraphindia.com/1150220/jsp/nation/story_4568.jsp,telegraphindia.com,telegraphindia.com,English
2015-02-19,,http://indianexpress.com/article/india/politics/meet-sofi-yusuf-who-will-be-bjps-first-kashmiri-muslim-lawmaker/,indianexpress.com,indianexpress.com,English
2015-02-20,,http://www.telegraphindia.com/1150220/jsp/northeast/story_4437.jsp,telegraphindia.com,telegraphindia.com,English
2015-02-20,,http://www.telegraphindia.com/1150220/jsp/northeast/story_4441.jsp,telegraphindia.com,telegraphindia.com,English
2015-02-20,,http://www.thehansindia.com/posts/index/2015-02-20/Budget-session-to-be-test-of-nerves-132570,thehansindia.com,thehansindia.com,English
2015-02-20,,http://www.dnaindia.com/india/report-no-cheers-for-famed-kashmiri-willow-bats-2062523,dnaindia.com,dnaindia.com,English
2015-02-20,,http://newsindiatimes.com/dallas-to-host-inaugural-south-asian-film-festival/,newsindiatimes.com,newsindiatimes.com,English
2015-02-20,,http://www.thehindu.com/todays-paper/tp-national/cancellation-of-talks-made-pakistan-toughen-stand/article6914595.ece,thehindu.com,thehindu.com,English
2015-02-20,,http://timesofindia.indiatimes.com/city/rajkot/172-fishermen-released-from-Pakistan-jails-reach-home/articleshow/46307484.cms,indiatimes.com,indiatimes.com,English
2015-02-20,,http://dc.asianage.com/mumbai/police-caught-charas-worth-rs-16-lakh-795,asianage.com,asianage.com,English
2015-02-20,,http://nvonews.com/delhi-government-takes-matter-lightly-as-swine-flu-cases-take-700-lives-across-india/,nvonews.com,nvonews.com,English
2015-02-20,,http://www.siasat.com/english/news/politics-rape-kashmir,siasat.com,siasat.com,English
2015-02-20,,http://www.greaterkashmir.com/news/2015/Feb/20/kashmir-into-the-murky-waters-screened-36.asp,greaterkashmir.com,greaterkashmir.com,English
2015-02-20,,"AVT Khyber TV, Islamabad/BBC Monitoring/(c) BBC",BBC Monitoring,BBC Monitoring,English
2015-02-20,,http://www.thenews.com.pk/Todays-News-1-302747-100-die-from-swine-flu-in-India,thenews.com.pk,thenews.com.pk,English
2015-02-20,,http://www.thedailystar.net/the-miraculous-dog-65461,thedailystar.net,thedailystar.net,English
2015-02-20,,http://www.thenews.com.pk/Todays-News-5-302647-Lahore-Literary-Festival-kicks-off-today,thenews.com.pk,thenews.com.pk,English
2015-02-20,,http://hiindialive.com/two-more-swine-flu-deaths-in-kashmir/,hiindialive.com,hiindialive.com,English
2015-02-20,,http://www.kashmirdispatch.com/more-news/200229256-christians-jews-muslims-hold-peace-march-in-london.htm,kashmirdispatch.com,kashmirdispatch.com,English
2015-02-20,,http://www.business-standard.com/article/news-ians/two-more-swine-flu-deaths-in-kashmir-115022000245_1.html,business-standard.com,business-standard.com,English
2015-02-20,,http://indianexpress.com/article/india/india-others/swine-flu-death-toll-rises-to-four-in-kashmir-valley/,indianexpress.com,indianexpress.com,English
2015-02-20,,http://daijiworld.com/news/news_disp.asp?n_id=298234,daijiworld.com,daijiworld.com,English
2015-02-20,,http://kashmirreader.com/snow-rains-lash-kashmir-34523,kashmirreader.com,kashmirreader.com,English
2015-02-20,,http://daijiworld.com/news/news_disp.asp?n_id=298252,daijiworld.com,daijiworld.com,English
2015-02-20,,http://www.daijiworld.com/news/news_disp.asp?n_id=298235,daijiworld.com,daijiworld.com,English
2015-02-20,,http://www.prepsure.com/nda/indian-army-recruitment-rally-at-poonch/,prepsure.com,prepsure.com,English
2015-02-20,,http://in.newshub.org/death-toll-rises-to-four-in-kashmir-valley-the-indian-express-12106706.html,newshub.org,newshub.org,English
2015-02-20,,http://www.jamaicantimes.com/index.php/sid/230428831,jamaicantimes.com,jamaicantimes.com,English
2015-02-20,,http://www.channelnewsasia.com/news/asiapacific/former-osama-aide-urges/1670194.html,channelnewsasia.com,channelnewsasia.com,English
2015-02-20,,http://finance.yahoo.com/news/india-struggles-contain-h1n1-outbreak-070416744.html,yahoo.com,yahoo.com,English
2015-02-20,,http://www.firstpost.com/business/budget-session-challenges-mount-bjp-delhi-debacle-2110969.html,firstpost.com,firstpost.com,English
2015-02-20,,http://www.thehealthsite.com/news/pm-modi-directs-proper-treatment-for-patients-as-swine-flu-claims-703-lives/,thehealthsite.com,thehealthsite.com,English
2015-02-20,,http://www.straitstimes.com:80/news/asia/south-asia/story/india-struggles-contain-h1n1-outbreak-death-toll-hits-700-20150220,straitstimes.com,straitstimes.com,English
2015-02-20,,http://www.ibtimes.co.in/swine-flu-spreads-its-tentacles-north-east-toll-crosses-700-india-records-11071-cases-624020,ibtimes.co.in,ibtimes.co.in,English
2015-02-20,,http://qz.com/346941/the-seven-homegrown-firms-fighting-over-indias-620-billion-defence-market/,qz.com,qz.com,English
2015-02-20,,http://www.indiagazette.com/index.php/sid/230428511,indiagazette.com,indiagazette.com,English
2015-02-20,,http://www.stlouisstar.com/index.php/sid/230428831,stlouisstar.com,stlouisstar.com,English
2015-02-20,,http://www.ianslive.in/index.php?param=news/Two_more_swine_flu_deaths_in_Kashmir-466911/TopStory/30,ianslive.in,ianslive.in,English
2015-02-20,,"The Telegraph, Kolkata/BBC Monitoring/(c) BBC",BBC Monitoring,BBC Monitoring,English
2015-02-20,,http://www.dayandnightnews.com/2015/02/fresh-medium-range-avalanche-warning-in-kashmir/,dayandnightnews.com,dayandnightnews.com,English
2015-02-20,,http://www.vogue.in/content/chroniclers-red-carpet,vogue.in,vogue.in,English
2015-02-20,,http://www.incentivetravel.co.uk/news/hotel/25075-taj-hotels-launches-tour-inspired-by-the-best-exotic-marigold-hotel-film-in-rajasthan-india,incentivetravel.co.uk,incentivetravel.co.uk,English
2015-02-20,,http://economictimes.indiatimes.com/news/politics-and-nation/omar-abdullah-accuses-pdp-patron-of-being-sell-out-to-bjp/articleshow/46311798.cms,indiatimes.com,indiatimes.com,English
2015-02-20,,http://www.hindustantimes.com/chandigarh/rain-lashes-pb-har-minimum-temp-above-normal-levels/article1-1318838.aspx,hindustantimes.com,hindustantimes.com,English
2015-02-20,,http://www.business-standard.com/article/pti-stories/lba-issues-solved-will-take-up-teesta-with-bangla-pm-mamata-115022000658_1.html,business-standard.com,business-standard.com,English
2015-02-20,,http://www.dailyexcelsior.com/omar-accuses-pdp-patron-of-being-sell-out-to-bjp/,dailyexcelsior.com,dailyexcelsior.com,English
2015-02-20,,http://www.dailyexcelsior.com/wet-spells-continue-in-valley-fresh-snowfall-at-some-places/,dailyexcelsior.com,dailyexcelsior.com,English
2015-02-20,,http://www.bd.banglanews24.com/fullnews/bn/107037,banglanews24.com,banglanews24.com,English
2015-02-20,,http://economictimes.indiatimes.com/news/politics-and-nation/scramble-for-pm-narendra-modis-suit-grows-as-surat-based-diamond-trader-offers-rs-2-31-crore/articleshow/46312042.cms,indiatimes.com,indiatimes.com,English
2015-02-20,,http://economictimes.indiatimes.com/industry/banking/finance/bandhan-financial-services-to-focus-on-deposits-in-the-initial-years/articleshow/46312051.cms,indiatimes.com,indiatimes.com,English
2015-02-20,,http://www.oneindia.com/india/news-updates-world-cup-aap-bjp-bihar-nitish-kumar-manjhi-jdu-feb-20-1659761.html,oneindia.com,oneindia.com,English
2015-02-20,,http://www.business-standard.com/article/pti-stories/sugar-prices-rise-as-government-approves-export-subsidy-115022000649_1.html,business-standard.com,business-standard.com,English
2015-02-20,,http://www.dailyexcelsior.com/wet-spells-continue-in-valley-fresh-snowfall-at-some-places-2/,dailyexcelsior.com,dailyexcelsior.com,English
2015-02-20,,http://www.kmsnews.org/news/2015/02/20/kashmir-settlement-can-bring-peace-in-south-asia-waza-mir.html,kmsnews.org,kmsnews.org,English
2015-02-20,,http://www.business-standard.com/article/pti-stories/sc-asks-j-k-hc-to-spell-out-steps-for-holding-bar-council-poll-115022000764_1.html,business-standard.com,business-standard.com,English
2015-02-20,,http://www.indiainfoline.com/article/news-top-story/sensex-nifty-up-for-2nd-consecutive-week-115022000425_1.html,indiainfoline.com,indiainfoline.com,English
2015-02-20,,http://www.kmsnews.org/news/2015/02/20/india-israel-conspiring-against-freedom-movements-dar.html,kmsnews.org,kmsnews.org,English
2015-02-20,,http://www.thestatesman.com/news/bengal/mamta-to-take-up-teesta-issue-with-bangladesh-pm/49199.html,thestatesman.com,thestatesman.com,English
2015-02-20,,http://www.brahmand.com/news/IAFs-Sarang--women-officers/13540/1/41.html,brahmand.com,brahmand.com,English
2015-02-20,,http://www.thehindu.com/features/metroplus/menu-for-everyone/article6916416.ece,thehindu.com,thehindu.com,English
2015-02-20,,http://hillpost.in/2015/02/cng-buses-for-rohtang-not-feasible-himachal-cm-differs-with-green-tribunal/102478/,hillpost.in,hillpost.in,English
2015-02-20,,https://www.opendemocracy.net/openindia/l-k-sharma/will-real-modi-stand-up,opendemocracy.net,opendemocracy.net,English
2015-02-20,,http://www.dailyexcelsior.com/jk-govt-likely-to-be-formed-soon/,dailyexcelsior.com,dailyexcelsior.com,English
2015-02-20,,http://www.dailyexcelsior.com/sc-asks-jk-hc-to-spell-out-steps-for-holding-bar-council-poll/,dailyexcelsior.com,dailyexcelsior.com,English
2015-02-20,,http://www.epw.in/letters/kashmir-state-exception.html,epw.in,epw.in,English
2015-02-20,,http://www.thehindu.com/features/metroplus/butter-teafuelled-laughter/article6916573.ece,thehindu.com,thehindu.com,English
2015-02-20,,http://www.risingkashmir.com/dak-sets-up-swine-flu-helpline/,risingkashmir.com,risingkashmir.com,English
2015-02-20,,http://www.dailyexcelsior.com/jammu-sp-dies-of-swine-flu/,dailyexcelsior.com,dailyexcelsior.com,English
2015-02-20,,http://post.jagran.com/lba-issues-solved-will-take-up-teesta-with-bangladesh-pm-mamata-banerjee-1424435462,jagran.com,jagran.com,English
2015-02-20,,http://www.kashmirmonitor.in/news-swine-flu-12-more-tested-positive-toll-rises-to-96-in-kashmir-79677.aspx,kashmirmonitor.in,kashmirmonitor.in,English
2015-02-20,,http://daijiworld.com/news/news_disp.asp?n_id=298399,daijiworld.com,daijiworld.com,English
2015-02-20,,http://www.niticentral.com/2015/02/20/omar-abdullah-forgot-his-previous-sell-out-to-bjp-302701.html,niticentral.com,niticentral.com,English
2015-02-20,,http://www.kashmirlife.net/government-formation-pdp-says-everything-will-be-in-writing-73596/,kashmirlife.net,kashmirlife.net,English
2015-02-20,,http://www.indiantelevision.com/movies/hindi/badlapur-don-t-miss-the-beginning-noir-has-its-limits-150220,indiantelevision.com,indiantelevision.com,English
2015-02-20,,http://www.business-standard.com/article/pti-stories/rape-of-japanese-girl-9-charge-sheeted-for-gang-rape-115022001006_1.html,business-standard.com,business-standard.com,English
2015-02-20,,http://www.kashmirlife.net/karra-seeks-union-health-ministers-intervention-in-dealing-with-swine-flu-outbreak-in-jk-73594/,kashmirlife.net,kashmirlife.net,English
2015-02-20,,http://zeenews.india.com/news/jammu-and-kashmir/sc-asks-jk-hc-to-spell-out-steps-for-holding-bar-council-poll_1549933.html,india.com,india.com,English
2015-02-20,,http://www.theindiapost.com/headline/recruitment-for-the-post-of-constablegd-in-central-armed-police-forces-national-investigation-agency-secretariat-security-force-and-rifleman-gd-in-assam-rifles/,theindiapost.com,theindiapost.com,English
2015-02-20,,http://www.business-standard.com/article/pti-stories/j-k-govt-distributes-compensation-among-flood-victims-115022001005_1.html,business-standard.com,business-standard.com,English
2015-02-20,,http://www.oneindia.com/india/kashmiri-pandits-cautions-bjp-against-joining-hands-with-pdp-1660431.html,oneindia.com,oneindia.com,English
2015-02-20,,http://zeenews.india.com/business/news/finance/bandhan-to-focus-on-deposits-in-the-initial-years_119154.html,india.com,india.com,English
2015-02-20,,http://www.kashmirdispatch.com/headlines/200229260-12-more-test-positive-for-h1n1-in-kashmir-skims.htm,kashmirdispatch.com,kashmirdispatch.com,English
2015-02-20,,http://twocircles.net/2015feb20/1424442098.html,twocircles.net,twocircles.net,English
2015-02-20,,http://www.indiagazette.com/index.php/sid/230429831,indiagazette.com,indiagazette.com,English
2015-02-20,,http://www.business-standard.com/article/news-ians/union-cabinet-secretary-holds-meet-on-j-k-river-blockade-115022001100_1.html,business-standard.com,business-standard.com,English
2015-02-20,,http://www.business-standard.com/article/pti-stories/2-508-flood-victims-granted-building-permission-in-srinagar-115022001267_1.html,business-standard.com,business-standard.com,English
2015-02-20,,http://us.india.com/news/india/pdp-bjp-set-to-form-jammu-kashmir-government-soon-289675/,india.com,india.com,English
2015-02-20,,http://www.business-standard.com/article/pti-stories/vanzara-appears-before-mumbai-court-in-sohrabuddin-case-115022001264_1.html,business-standard.com,business-standard.com,English
2015-02-20,,http://punjabstarnews.com/after-releasing-172-fishermen-pakistan-to-send-57-boats-back-to-india/.html,punjabstarnews.com,punjabstarnews.com,English
2015-02-20,,http://www.hindustantimes.com/india-news/bjp-pdp-reach-verbal-agreement-on-art-370-afspa/article1-1318996.aspx,hindustantimes.com,hindustantimes.com,English
2015-02-20,,http://www.financialexpress.com/article/miscellaneous/jammu-and-kashmir-likely-to-get-bjp-pdp-coalition-govt-soon/45409/,financialexpress.com,financialexpress.com,English
2015-02-20,,http://www.c3sindia.org/uncategorized/4832,c3sindia.org,c3sindia.org,English
2015-02-20,,http://www.business-standard.com/article/news-ians/charge-sheet-filed-against-nine-over-japanese-woman-s-rape-115022001346_1.html,business-standard.com,business-standard.com,English
2015-02-20,,http://zeenews.india.com/news/jammu-and-kashmir/jk-likely-to-get-bjp-pdp-coalition-government-soon-nirmal-singh_1550007.html,india.com,india.com,English
2015-02-20,,http://zeenews.india.com/news/jammu-and-kashmir/jk-likely-to-have-a-bjp-pdp-coalition-government-soon-nirmal-singh_1550007.html,india.com,india.com,English
2015-02-20,,http://economictimes.indiatimes.com/news/politics-and-nation/d-g-vanzara-appears-before-mumbai-court-in-sohrabuddin-case/articleshow/46315891.cms,indiatimes.com,indiatimes.com,English
2015-02-20,,http://www.sruti.com/index.php?main_page=product_info&products_id=234&zenid=r97bifae4km5g2s26saq2da895,sruti.com,sruti.com,English
2015-02-20,,http://foreignpolicy.com/2015/02/20/how-isis-could-become-a-potent-force-in-south-asia/,foreignpolicy.com,foreignpolicy.com,English
2015-02-20,,http://www.economylead.com/politics/mamata-assures-bangladesh-resolving-teesta-issue-57177,economylead.com,economylead.com,English
2015-02-20,,http://www.sify.com/news/jk-bjp-pdp-narrow-down-issues-coalition-soon-news-national-pcuuufigdjadj.html,sify.com,sify.com,English
2015-02-20,,http://www.bignewsnetwork.com/index.php/sid/230432301,bignewsnetwork.com,bignewsnetwork.com,English
2015-02-20,,http://news.priyo.com/2015/02/20/fresh-72-hour-hartal-sunday-127309.html,priyo.com,priyo.com,English
2015-02-20,,http://www.thehindubusinessline.com/economy/budget/ups-and-downs-for-highway-companies/article6917285.ece,thehindubusinessline.com,thehindubusinessline.com,English
2015-02-20,,http://twocircles.net/2015feb20/1424450261.html,twocircles.net,twocircles.net,English
2015-02-20,,http://www.risingkashmir.com/man-found-dead-in-tral-2/,risingkashmir.com,risingkashmir.com,English
2015-02-20,,http://www.artfixdaily.com/artwire/release/8313-a-banner-year-for-asia-week-new-york-as-the-met-celebrates-the-10,artfixdaily.com,artfixdaily.com,English
2015-02-20,,http://www.daijiworld.com/news/news_disp.asp?n_id=298513,daijiworld.com,daijiworld.com,English
2015-02-20,,http://www.risingkashmir.com/army-organizes-medical-cum-veterinary-camp-2/,risingkashmir.com,risingkashmir.com,English
2015-02-20,,http://www.risingkashmir.com/setup-medical-camps-to-tackle-h1n1-in-kashmir/,risingkashmir.com,risingkashmir.com,English
2015-02-20,,http://www.kashmirmonitor.in/news-far-from-the-horseshoe-table-79683.aspx,kashmirmonitor.in,kashmirmonitor.in,English
2015-02-20,,http://www.dailykashmirimages.com/news-opposites-as-competing-possibilities-73123.aspx,dailykashmirimages.com,dailykashmirimages.com,English
2015-02-20,,http://www.risingkashmir.com/governor-reviews-preparation-of-annual-plan-2015-16/,risingkashmir.com,risingkashmir.com,English
2015-02-20,,http://www.dailykashmirimages.com/news-steyn-fit-for-high-stake-clash-73115.aspx,dailykashmirimages.com,dailykashmirimages.com,English
2015-02-20,,http://www.dailyexcelsior.com/no-debate-on-article-370/,dailyexcelsior.com,dailyexcelsior.com,English
2015-02-20,,http://www.kashmirmonitor.in/news-southee-mccullum-star-as-new-zealand-rout-england-79702.aspx,kashmirmonitor.in,kashmirmonitor.in,English
2015-02-20,,http://www.kashmirmonitor.in/news-roads-to-a-comeback-79685.aspx,kashmirmonitor.in,kashmirmonitor.in,English
2015-02-20,,http://www.dailykashmirimages.com/news-modis-convenient-new-religious-tolerance-73125.aspx,dailykashmirimages.com,dailykashmirimages.com,English
2015-02-20,,http://www.dailykashmirimages.com/news-donald-hopes-south-africa-can-silence-india-fans-73116.aspx,dailykashmirimages.com,dailykashmirimages.com,English
2015-02-20,,http://timesofindia.indiatimes.com/Police-superintendent-dies-of-swine-flu-in-JK/articleshow/46317357.cms,indiatimes.com,indiatimes.com,English
2015-02-20,,http://www.dailykashmirimages.com/news-thus-spake-modi-73122.aspx,dailykashmirimages.com,dailykashmirimages.com,English
2015-02-20,,http://www.mumbaimirror.com/news/india/Modis-monogrammed-suit-goes-for-Rs-4-31-cr/articleshow/46316516.cms,mumbaimirror.com,mumbaimirror.com,English
2015-02-20,,http://www.kashmirmonitor.in/news-pdp-bjp-government-in-jk-soon-79712.aspx,kashmirmonitor.in,kashmirmonitor.in,English
2015-02-20,,http://www.kashmirmonitor.in/news-no-panic-but-pakistan-batting-concerns-misbah-79701.aspx,kashmirmonitor.in,kashmirmonitor.in,English
2015-02-20,,http://www.dailykashmirimages.com/news-no-panic-but-pakistan-batting-concerns-skipper-misbah-73117.aspx,dailykashmirimages.com,dailykashmirimages.com,English
2015-02-20,,http://www.thehindubusinessline.com/economy/budget/speed-up-project-restructuring-say-developers/article6917284.ece,thehindubusinessline.com,thehindubusinessline.com,English
2015-02-20,,http://www.dailykashmirimages.com/news-after-southee-brendon-over-england-73119.aspx,dailykashmirimages.com,dailykashmirimages.com,English
2015-02-20,,http://www.dailykashmirimages.com/news-new-challenges-73126.aspx,dailykashmirimages.com,dailykashmirimages.com,English
2015-02-20,,http://www.japanherald.com/index.php/sid/230432311,japanherald.com,japanherald.com,English
2015-02-20,,http://oxfordstudent.com/2015/02/20/its-war-but-not-as-we-know-it/,oxfordstudent.com,oxfordstudent.com,English
2015-02-20,,http://www.firstpost.com/india/sohrabuddin-case-dg-vanzara-appears-mumbai-court-2112687.html,firstpost.com,firstpost.com,English
2015-02-20,,http://www.scoopnews.in/det.aspx?q=44703,scoopnews.in,scoopnews.in,English
2015-02-20,,http://www.telegraphindia.com/1150221/jsp/bihar/story_4650.jsp,telegraphindia.com,telegraphindia.com,English
2015-02-20,,http://www.risingkashmir.com/kashmir-colors-at-jaipurs-literature-festival/,risingkashmir.com,risingkashmir.com,English
2015-02-20,,http://www.kashmirmonitor.in/news-mccullum-hits-fastest-wc-fifty-after-southees-7-wicket-haul-79699.aspx,kashmirmonitor.in,kashmirmonitor.in,English
2015-02-20,,http://www.khaleejtimes.com/kt-article-display-1.asp?xfile=data/opinion/2015/February/opinion_February32.xml&section=opinion,khaleejtimes.com,khaleejtimes.com,English
2015-02-20,,http://timesofindia.indiatimes.com/city/kolkata/Man-challenges-himself-hits-road-to-defeat-fears/articleshow/46317543.cms,indiatimes.com,indiatimes.com,English
2015-02-20,,http://www.bssnews.net/newsDetails.php?cat=0&id=472525&date=2015-02-21,bssnews.net,bssnews.net,English
2015-02-20,,http://onlinenews.com.pk/details.php?newsid=285543&catname=World,onlinenews.com.pk,onlinenews.com.pk,English
2015-02-20,,http://indianexpress.com/article/india/india-others/muslim-family-assaulted-in-bijnor-after-youth-elopes-with-hindu-girl/,indianexpress.com,indianexpress.com,English
2015-02-20,,http://www.greaterkashmir.com/news/2015/Feb/21/aap-and-kashmir-4.asp,greaterkashmir.com,greaterkashmir.com,English
2015-02-20,,http://www.greaterkashmir.com/news/2015/Feb/21/governor-for-close-monitoring-of-action-plan-54.asp,greaterkashmir.com,greaterkashmir.com,English
2015-02-20,,http://www.deccanherald.com/content/461107/woman-iaf-pilot-storms-male.html,deccanherald.com,deccanherald.com,English
2015-02-20,,http://www.pakistantoday.com.pk/2015/02/21/national/literary-spring-in-lahore-as-litfest-kicks-off/,pakistantoday.com.pk,pakistantoday.com.pk,English
2015-02-20,,http://kashmirreader.com/swine-flu-threat-triggers-demand-for-n-95-masks-34642,kashmirreader.com,kashmirreader.com,English
2015-02-20,,http://www.chinanationalnews.com/index.php/sid/230442227,chinanationalnews.com,chinanationalnews.com,English
2015-02-20,,http://www.oklahomacitysun.com/index.php/sid/230442261,oklahomacitysun.com,oklahomacitysun.com,English
2015-02-20,,http://www.risingkashmir.com/pdp-has-already-finalized-deal-with-bjp-enacting-drama-now-mir/,risingkashmir.com,risingkashmir.com,English
2015-02-20,,http://timesofindia.indiatimes.com/city/delhi/Tourism-fest-back-with-variety/articleshow/46318633.cms,indiatimes.com,indiatimes.com,English
2015-02-20,,http://www.telegraphindia.com/1150221/jsp/bengal/story_4713.jsp,telegraphindia.com,telegraphindia.com,English
2015-02-20,,http://indianexpress.com/article/india/india-others/rss-to-decide-should-bjp-agree-to-pdp-demands/,indianexpress.com,indianexpress.com,English
2015-02-20,,http://bdnews24.com/bangladesh/2015/02/21/mamata-banerjee-exchange-pleasantries-with-hasina-at-shaheed-minar,bdnews24.com,bdnews24.com,English
2015-02-20,,http://www.nola.com/homegarden/index.ssf/2015/02/how_to_design_gorgeous_home-gr.html,nola.com,nola.com,English
2015-02-20,,http://timesofindia.indiatimes.com/City/Bengaluru/These-cool-dudes-are-trained-to-kill/articleshow/46317420.cms,indiatimes.com,indiatimes.com,English
2015-02-21,,http://economictimes.indiatimes.com/articleshow/46315941.cms,indiatimes.com,indiatimes.com,English
2015-02-21,,http://www.greaterkashmir.com/news/2015/Feb/21/ghaziabad-dm-down-with-swine-flu-50.asp,greaterkashmir.com,greaterkashmir.com,English
2015-02-21,,http://www.dailyexcelsior.com/6-rifles-ammunition-haul-in-doda/,dailyexcelsior.com,dailyexcelsior.com,English
2015-02-21,,http://www.dailyexcelsior.com/100-bags-of-capd-rice-seized/,dailyexcelsior.com,dailyexcelsior.com,English
2015-02-21,,http://www.dailyexcelsior.com/vote-on-account-only-option-either-guv-or-govt-to-take-it/,dailyexcelsior.com,dailyexcelsior.com,English
2015-02-21,,http://economictimes.indiatimes.com/articleshow/46315891.cms,indiatimes.com,indiatimes.com,English
2015-02-21,,http://www.dailyexcelsior.com/bjp-core-group-rss-functionaries-discuss-govt-formation-in-jk/,dailyexcelsior.com,dailyexcelsior.com,English
2015-02-21,,http://www.dailyexcelsior.com/insurance-employees-hold-protest-project-demands/,dailyexcelsior.com,dailyexcelsior.com,English
2015-02-21,,http://timesofindia.indiatimes.com/articleshow/46318535.cms,indiatimes.com,indiatimes.com,English
2015-02-21,,http://www.dailyexcelsior.com/crest-hyundai-unveils-all-new-4s-fluidic-verna/,dailyexcelsior.com,dailyexcelsior.com,English
2015-02-21,,http://www.dailyexcelsior.com/citys-first-theatrical-play-way-school-inaugurated/,dailyexcelsior.com,dailyexcelsior.com,English
2015-02-21,,http://www.dailyexcelsior.com/kabra-inaugurates-annual-divisional-book-fair/,dailyexcelsior.com,dailyexcelsior.com,English
2015-02-21,,http://www.dnaindia.com/money/report-bandhan-plans-a-jan-dhan-open-1-crore-accounts-2062822,dnaindia.com,dnaindia.com,English
2015-02-21,,http://www.greaterkashmir.com/news/2015/Feb/21/kashmir-gets-fresh-snowfall-10.asp,greaterkashmir.com,greaterkashmir.com,English
2015-02-21,,http://www.newindianexpress.com/nation/No-End-in-Sight-to-Deadlock-in-J-and-K-as-BJP-plays-hardball/2015/02/21/article2679451.ece,newindianexpress.com,newindianexpress.com,English
2015-02-21,,http://www.newindianexpress.com/cities/hyderabad/Tariq-was-Interested-in-J-and-K-Politics/2015/02/21/article2679268.ece,newindianexpress.com,newindianexpress.com,English
2015-02-21,,http://news.yahoo.com/philadelphia-woman-sentenced-life-beating-214842089.html,yahoo.com,yahoo.com,English
2015-02-21,,http://timesofindia.indiatimes.com/india/Lukewarm-response-to-bandh-call-by-Maoists/articleshow/46319619.cms,indiatimes.com,indiatimes.com,English
2015-02-21,,http://nation.com.pk/columns/21-Feb-2015/the-politics-of-politics,nation.com.pk,nation.com.pk,English
2015-02-21,,http://www.vancouverdesi.com/lifestyle/tests-confirm-police-officer-died-of-swine-flu-in-jk/847752/,vancouverdesi.com,vancouverdesi.com,English
2015-02-21,,http://www.dawn.com/news/1164959/sound-byte-no-govt-in-indian-held-kashmir-if-bjp-pdp-cant-agree,dawn.com,dawn.com,English
2015-02-21,,http://www.dawn.com/news/1164976/all-issues-to-be-taken-up-with-indian-official-fo,dawn.com,dawn.com,English
2015-02-21,,http://www.dawn.com/news/1164899/sales-tax-recovery-up-manifold-after-sindh-took-over-collection-pa-told,dawn.com,dawn.com,English
2015-02-21,,https://en-maktoob.news.yahoo.com/tests-confirm-police-officer-died-swine-flu-j-023621438.html,yahoo.com,yahoo.com,English
2015-02-21,,http://www.thenews.com.pk/Todays-News-2-302988-FAISALABAD-City-News,thenews.com.pk,thenews.com.pk,English
2015-02-21,,http://www.thehansindia.com/posts/index/2015-02-21/Maoist-bandh-peaceful-in-Bhadrachalam-Agency-132837,thehansindia.com,thehansindia.com,English
2015-02-21,,http://www.indiagazette.com/index.php/sid/230432289,indiagazette.com,indiagazette.com,English
2015-02-21,,http://news.statetimes.in/scramble-for-modi-suit-grows-as-surat-bizman-offers-rs-2-31-cr/,news.statetimes.in,news.statetimes.in,English
2015-02-21,,http://bhaktabandhav.com/?p=30288,bhaktabandhav.com,bhaktabandhav.com,English
2015-02-21,,http://www.newkerala.com/news/2015/fullnews-21291.html,newkerala.com,newkerala.com,English
2015-02-21,,http://www.thenews.com.pk/Todays-News-2-302966-PMs-decision-on-access-road-to-new-airport-being-implemented,thenews.com.pk,thenews.com.pk,English
2015-02-21,,http://www.daijiworld.com/news/news_disp.asp?n_id=298544,daijiworld.com,daijiworld.com,English
2015-02-21,,http://www.aquila-style.com/focus-points/global-snapshots/pakistan-terror-wave-sparks-rare-criticism-saudi-arabia/93342/,aquila-style.com,aquila-style.com,English
2015-02-21,,http://www.nyoooz.com/news/jammu/phuktal-blockage-experts-to-explore-possibility-of-controlled-blasting/58969.html,nyoooz.com,nyoooz.com,English
2015-02-21,,http://www.business-standard.com/article/news-ani/swine-flu-ten-more-deaths-reported-in-gujarat-115022100152_1.html,business-standard.com,business-standard.com,English
2015-02-21,,http://www.irishsun.com/index.php/sid/230452001,irishsun.com,irishsun.com,English
2015-02-21,,http://www.nyoooz.com/news/jammu/cs-reviews-control-measures/58968.html,nyoooz.com,nyoooz.com,English
2015-02-21,,http://tribune.com.pk/story/841910/pakistan-terror-wave-sparks-rare-criticism-of-saudi-arabia/,tribune.com.pk,tribune.com.pk,English
2015-02-21,,http://timesofindia.indiatimes.com/articleshow/46320209.cms,indiatimes.com,indiatimes.com,English
2015-02-21,,http://sikhsiyasat.net/2015/02/21/centre-seeks-fresh-comments-from-punjab-chandigarh-on-rajoanas-death-sentence/,sikhsiyasat.net,sikhsiyasat.net,English
2015-02-21,,http://www.mid-day.com/articles/tests-confirm-police-officer-died-of-swine-flu-in-jk/16007172,mid-day.com,mid-day.com,English
2015-02-21,,http://www.indiatvnews.com/politics/national/jk-government-formation-decks-cleared-for-bjp-pdp-alliance-26625.html,indiatvnews.com,indiatvnews.com,English
2015-02-21,,http://www.hindustantimes.com/analysis/to-be-with-bjp-or-not-to-be-mufti-sayeed-s-kashmir-dilemma/article1-1319134.aspx,hindustantimes.com,hindustantimes.com,English
2015-02-21,,http://www.malaysiandigest.com/frontpage/29-4-tile/542693-terror-wave-sparks-pakistan-s-rare-criticism-of-saudi-arabia-funding-extremism.html,malaysiandigest.com,malaysiandigest.com,English
2015-02-21,,http://www.deccanherald.com/content/461183/encounter-breaks-baramulla.html,deccanherald.com,deccanherald.com,English
2015-02-21,,https://in.newshub.org/pdp-and-bjp-seal-deal-mufti-to-be-j-k-cm-12178446.html,newshub.org,newshub.org,English
2015-02-21,,http://www.deccanherald.com/content/461190/pdp-bjp-reach-agreement-mufti.html,deccanherald.com,deccanherald.com,English
2015-02-21,,http://news.webindia123.com/news/Articles/India/20150221/2541491.html,webindia123.com,webindia123.com,English
2015-02-21,,https://au.news.yahoo.com/world/a/26389727/pakistan-terror-wave-sparks-rare-criticism-of-saudi-arabia/,yahoo.com,yahoo.com,English
2015-02-21,,http://zeenews.india.com/news/health/health-news/swine-flu-ten-more-deaths-reported-in-gujarat_1550233.html,india.com,india.com,English
2015-02-21,,http://www.ummid.com/news/2015/February/21.02.2015/mufti-saeed-to-be-kashmir-cm.html,ummid.com,ummid.com,English
2015-02-21,,http://www.thehindu.com/news/national/other-states/pdp-and-bjp-seal-deal-mufti-to-be-jk-cm/article6919607.ece,thehindu.com,thehindu.com,English
2015-02-21,,http://post.jagran.com/pm-modi-attends-prewedding-bash-of-mulayams-grandnephew-1424496281,jagran.com,jagran.com,English
2015-02-21,,http://kashmirwatch.com/opinions.php/2015/02/21/prioritize-panacean-statesmanship.html,kashmirwatch.com,kashmirwatch.com,English
2015-02-21,,http://zeenews.india.com/news/health/health-news/tests-confirm-police-officer-died-of-swine-flu-in-jk_1550231.html,india.com,india.com,English
2015-02-21,,http://www.hindustantimes.com/india-news/two-militants-killed-in-encounter/article1-1319157.aspx,hindustantimes.com,hindustantimes.com,English
2015-02-21,,http://www.thedailystar.net/2-ssc-exams-deferred-due-to-hartal-65951,thedailystar.net,thedailystar.net,English
2015-02-21,,http://odishasuntimes.com/114575/pdp-bjp-reach-agreement-mufti-jk-cm/,odishasuntimes.com,odishasuntimes.com,English
2015-02-21,,http://zeenews.india.com/news/jammu-and-kashmir/jammu-and-kashmir-govt-formation-bjp-pdp-trying-to-find-common-ground_1550269.html,india.com,india.com,English
2015-02-21,,http://www.blogto.com/toronto/the_best_butter_chicken_in_toronto/,blogto.com,blogto.com,English
2015-02-21,,http://www.dailyexcelsior.com/dry-weather-breaks-rainy-spell-as-min-temp-rises-in-kashmir/,dailyexcelsior.com,dailyexcelsior.com,English
2015-02-21,,http://www.newstoday.com.bd/?option=details&news_id=2403713&date=2015-02-21,newstoday.com.bd,newstoday.com.bd,English
2015-02-21,,http://www.newsworms.com/news_detail.php?ncatId=40&pcatid=36&news_id=7836,newsworms.com,newsworms.com,English
2015-02-21,,http://www.indileak.com/pdp-bjp-reach-agreement-mufti-to-be-jk-cm/,indileak.com,indileak.com,English
2015-02-21,,http://www.business-standard.com/article/news-ians/pdp-bjp-agree-on-government-formation-in-j-k-115022100233_1.html,business-standard.com,business-standard.com,English
2015-02-21,,http://www.dnaindia.com/india/report-mamata-banerjee-meets-bangladesh-pm-sheikh-hasina-2062914,dnaindia.com,dnaindia.com,English
2015-02-21,,http://www.oneindia.com/feature/jammu-and-kashmir-govt-bjp-stands-firm-on-afspa-army-happy-1661125.html,oneindia.com,oneindia.com,English
2015-02-21,,http://www.hindustantimes.com/india-news/swine-flu-outbreak-743-deaths-12000-positive-cases-set-alarm-bells-ringing-across-india/article1-1319158.aspx,hindustantimes.com,hindustantimes.com,English
2015-02-21,,http://www.newkerala.com/news/2015/fullnews-22159.html,newkerala.com,newkerala.com,English
2015-02-21,,http://indiatoday.intoday.in/story/jammu-and-kashmir-govt-formation-bjp-pdp-trying-to-find-common-ground/1/420256.html,indiatoday.intoday.in,indiatoday.intoday.in,English
2015-02-21,,http://economictimes.indiatimes.com/news/politics-and-nation/west-bengal-cm-mamata-banerjee-meets-bangladesh-prime-minister-sheikh-hasina/articleshow/46322596.cms,indiatimes.com,indiatimes.com,English
2015-02-21,,http://www.sify.com/news/bjp-talks-with-pdp-continuing-over-govt-formation-in-j-k-news-national-pcvnJegabjjbb.html,sify.com,sify.com,English
2015-02-21,,http://www.thehindu.com/news/international/mamata-meets-bangladesh-pm-hasina/article6919815.ece,thehindu.com,thehindu.com,English
2015-02-21,,http://us.india.com/news/india/two-let-guerrillas-killed-in-kashmir-gunfight-290429/,india.com,india.com,English
2015-02-21,,http://indiatoday.intoday.in/story/mamata-banerjee-sheikh-hasina-bangladesh-prime-minister/1/420257.html,indiatoday.intoday.in,indiatoday.intoday.in,English
2015-02-21,,http://english.manoramaonline.com/news/nation/two-let-guerrillas-killed-in-kashmir-gunfight.html,manoramaonline.com,manoramaonline.com,English
2015-02-21,,http://en.cihan.com.tr/news/Cihan-News-Agency-Diary_4639-CHMTY4NDYzOS80,cihan.com.tr,cihan.com.tr,English
2015-02-21,,http://www.indiawaterportal.org/articles/groundwater-resources-race-against-time,indiawaterportal.org,indiawaterportal.org,English
2015-02-21,,http://economictimes.indiatimes.com/news/politics-and-nation/dry-weather-breaks-rainy-spell-as-minimum-temperature-rises-in-kashmir/articleshow/46322163.cms,indiatimes.com,indiatimes.com,English
2015-02-21,,http://www.thehindubusinessline.com/economy/policy/land-mines-bill-to-be-introduced-on-tuesday/article6919819.ece,thehindubusinessline.com,thehindubusinessline.com,English
2015-02-21,,http://www.business-standard.com/article/news-ians/two-let-guerrillas-killed-in-kashmir-gunfight-114031000883_1.html,business-standard.com,business-standard.com,English
2015-02-21,,http://zeenews.india.com/news/west-bengal/mamata-banerjee-meets-bangladesh-prime-minister-hasina_1550302.html,india.com,india.com,English
2015-02-21,,http://www.arkansasonline.com/news/2015/feb/21/thailand-enacts-strict-limits-surrogacy/,arkansasonline.com,arkansasonline.com,English
2015-02-21,,http://economictimes.indiatimes.com/news/politics-and-nation/two-militants-killed-in-encounter-in-kashmir/articleshow/46321717.cms,indiatimes.com,indiatimes.com,English
2015-02-21,,http://www.bignewsnetwork.com/index.php/sid/230452233,bignewsnetwork.com,bignewsnetwork.com,English
2015-02-21,,http://www.filmfare.com/reviews/movie-review-qissa-the-tale-of-a-lonely-ghost-8484.html,filmfare.com,filmfare.com,English
2015-02-21,,http://www.sify.com/news/two-let-guerrillas-killed-in-kashmir-gunfight-news-national-pcvoakgfbggdh.html,sify.com,sify.com,English
2015-02-21,,http://hiindialive.com/two-let-guerrillas-killed-in-kashmir-gunfight/,hiindialive.com,hiindialive.com,English
2015-02-21,,http://www.newkerala.com/news/2015/fullnews-22199.html,newkerala.com,newkerala.com,English
2015-02-21,,http://hiindialive.com/pdp-bjp-reach-agreement-mufti-to-be-jk-cm/,hiindialive.com,hiindialive.com,English
2015-02-21,,http://www.newkerala.com/news/2015/fullnews-22196.html,newkerala.com,newkerala.com,English
2015-02-21,,http://news.yahoo.com/pakistan-terror-wave-sparks-rare-criticism-saudi-arabia-070702930.html,yahoo.com,yahoo.com,English
2015-02-21,,https://sg.news.yahoo.com/indian-forces-kill-2-suspected-rebels-kashmir-gunbattle-101756710.html,yahoo.com,yahoo.com,English
2015-02-21,,http://www.indiagazette.com/index.php/sid/230455739,indiagazette.com,indiagazette.com,English
2015-02-21,,http://www.business-standard.com/article/news-ani/congress-for-fresh-polls-in-j-k-says-not-optimistic-of-pdp-bjp-coalition-115022100473_1.html,business-standard.com,business-standard.com,English
2015-02-21,,http://www.kmsnews.org/news/2015/02/21/jklf-denounces-re-arrest-of-party-leader.html,kmsnews.org,kmsnews.org,English
2015-02-21,,http://zeenews.india.com/news/jammu-and-kashmir/two-let-commanders-shot-dead-in-encounter-is-kashmirs-baramulla-district_1550360.html,india.com,india.com,English
2015-02-21,,http://zeenews.india.com/news/jammu-and-kashmir/two-lashkar-e-toiba-commanders-shot-dead-in-encounter_1550360.html,india.com,india.com,English
2015-02-21,,http://www.kmsnews.org/news/2015/02/21/kashmiris-offering-sacrifices-for-right-to-self-determination-jkpm.html,kmsnews.org,kmsnews.org,English
2015-02-21,,http://www.business-standard.com/article/pti-stories/one-way-traffic-restored-on-jammu-srinagar-highway-115022100487_1.html,business-standard.com,business-standard.com,English
2015-02-21,,http://www.business-standard.com/article/pti-stories/2-lashkar-e-taiba-commanders-shot-dead-in-encounter-115022100488_1.html,business-standard.com,business-standard.com,English
2015-02-21,,http://www.ddinews.gov.in/National/National%20-%20Headlines/Pages/armyrecttest.aspx,ddinews.gov.in,ddinews.gov.in,English
2015-02-21,,http://www.dayandnightnews.com/2015/02/two-arrested-with-1-78-kg-charas-in-kishtwar/,dayandnightnews.com,dayandnightnews.com,English
2015-02-21,,http://dconheels.com/?p=29403,dconheels.com,dconheels.com,English
2015-02-21,,http://www.business-standard.com/article/news-ani/two-militants-killed-in-j-k-115022100528_1.html,business-standard.com,business-standard.com,English
2015-02-21,,http://timesofindia.indiatimes.com/india/2-Lashkar-e-Taiba-commanders-shot-dead-in-encounter-in-Kashmir/articleshow/46324262.cms,indiatimes.com,indiatimes.com,English
2015-02-21,,http://www.rediff.com/news/report/z-category-security-for-muzzafarnagar-riots-accused/20150221.htm,rediff.com,rediff.com,English
2015-02-21,,http://economictimes.indiatimes.com/news/politics-and-nation/2-lashkar-e-taiba-commanders-shot-dead-in-encounter/articleshow/46321717.cms,indiatimes.com,indiatimes.com,English
2015-02-21,,http://www.siasat.com/english/news/mamata-banerjee-meets-bangladesh-pm,siasat.com,siasat.com,English
2015-02-21,,http://www.business-standard.com/article/pti-stories/winter-vacations-of-schools-in-kashmir-extended-by-a-week-115022100517_1.html,business-standard.com,business-standard.com,English
2015-02-21,,http://www.business-standard.com/article/pti-stories/j-k-may-opt-for-vote-on-account-115022100531_1.html,business-standard.com,business-standard.com,English
2015-02-21,,https://in.news.yahoo.com/congress-fresh-polls-j-k-says-not-optimistic-110459919.html,yahoo.com,yahoo.com,English
2015-02-21,,http://www.newsx.com/regional/item/33823-two-let-commanders-shot-dead-in-encounter-is-kashmirs-baramulla-district,newsx.com,newsx.com,English
2015-02-21,,http://www.business-standard.com/article/pti-stories/2-arrested-for-possession-of-cannabis-in-j-k-115022100534_1.html,business-standard.com,business-standard.com,English
2015-02-21,,https://abdulruff.wordpress.com/2015/02/21/sri-lankan-president-sirisena-to-visit-pakistan-in-march/,wordpress.com,wordpress.com,English
2015-02-21,,https://abdulruff.wordpress.com/2015/02/21/bangladesh-usa-asks-pm-hasina-to-end-crisis/,wordpress.com,wordpress.com,English
2015-02-21,,http://www.4-traders.com/IMAGINARIUM-SA-5762334/news/Imaginarium--A-snowballs-chance-of-fun-19908399/,4-traders.com,4-traders.com,English
2015-02-21,,http://www.dailyexcelsior.com/omar-says-pdp-bjp-agreement-reached-much-earlier/,dailyexcelsior.com,dailyexcelsior.com,English
2015-02-21,,http://www.bssnews.net/newsDetails.php?cat=0&id=472644&date=2015-02-21,bssnews.net,bssnews.net,English
2015-02-21,,https://abdulruff.wordpress.com/2015/02/21/jammu-kashmir-with-bjp-support-pdp-patron-mufti-mohammad-sayeed-to-be-new-cm/,wordpress.com,wordpress.com,English
2015-02-21,,http://www.bignewsnetwork.com/index.php/sid/230461247,bignewsnetwork.com,bignewsnetwork.com,English
2015-02-21,,http://kashmirwatch.com/news.php/2015/02/21/anti-islamic-posters-spark-protest-in-achabal.html,kashmirwatch.com,kashmirwatch.com,English
2015-02-21,,http://www.pakistantelegraph.com/index.php/sid/230461189,pakistantelegraph.com,pakistantelegraph.com,English
2015-02-21,,http://www.kashmirdispatch.com/headlines/210229267-winter-vacations-of-schools-in-kashmir-extended-by-a-week.htm,kashmirdispatch.com,kashmirdispatch.com,English
2015-02-21,,http://www.dailyexcelsior.com/pdp-bjp-govt-in-jk-likely-within-a-week/,dailyexcelsior.com,dailyexcelsior.com,English
2015-02-21,,http://www.kashmirdispatch.com/headlines/210229269-anti-islamic-posters-spark-protest-in-kashmir-s-achabal.htm,kashmirdispatch.com,kashmirdispatch.com,English
2015-02-21,,http://economictimes.indiatimes.com/news/politics-and-nation/five-elected-unopposed-to-jammu-and-kashmir-legislative-council/articleshow/46324741.cms,indiatimes.com,indiatimes.com,English
2015-02-21,,http://www.dnaindia.com/india/report-swine-flu-10-more-deaths-reported-in-gujarat-2062984,dnaindia.com,dnaindia.com,English
2015-02-21,,http://zeenews.india.com/news/health/health-news/13-more-test-positive-for-swine-flu-in-kashmir_1550396.html,india.com,india.com,English
2015-02-21,,http://www.4-traders.com/TRIPADVISOR-INC-9597196/news/Tripadvisor--Hotels-of-romance-19908487/,4-traders.com,4-traders.com,English
2015-02-21,,http://www.telegraphindia.com/1150221/jsp/frontpage/story_4772.jsp,telegraphindia.com,telegraphindia.com,English
2015-02-21,,http://www.dailyexcelsior.com/five-elected-unopposed-to-jk-legislative-council/,dailyexcelsior.com,dailyexcelsior.com,English
2015-02-21,,http://www.kashmirdispatch.com/headlines/210229266-police-to-help-bring-kashmir-scholar-s-body-back.htm,kashmirdispatch.com,kashmirdispatch.com,English
2015-02-21,,http://news.webindia123.com/news/Articles/India/20150221/2541701.html,webindia123.com,webindia123.com,English
2015-02-21,,http://www.indiatvnews.com/politics/national/pdp-bjp-govt-in-jk-likely-within-a-week-26641.html,indiatvnews.com,indiatvnews.com,English
2015-02-21,,http://kashmirwatch.com/humanrights.php/2015/02/21/relatives-of-missing-kashmir-youth-stages-protest-seeks-governor-8217-s-help.html,kashmirwatch.com,kashmirwatch.com,English
2015-02-21,,http://www.yourmiddleeast.com/news/pakistan-terror-wave-sparks-rare-criticism-of-saudi-arabia_30037,yourmiddleeast.com,yourmiddleeast.com,English
2015-02-21,,http://www.sruti.com/index.php?main_page=product_info&products_id=340&zenid=evlc8map01pieg49vapmo1vge5,sruti.com,sruti.com,English
2015-02-21,,https://in.news.yahoo.com/nine-trainee-ips-officers-test-positive-swine-flu-143059788.html,yahoo.com,yahoo.com,English
2015-02-21,,http://www.business-standard.com/article/pti-stories/pakistan-terror-wave-sparks-rare-criticism-of-saudi-arabia-115022100726_1.html,business-standard.com,business-standard.com,English
2015-02-21,,http://www.globalpost.com/dispatch/news/xinhua-news-agency/150221/indian-troops-kill-2-militants-indian-controlled-kashmir,globalpost.com,globalpost.com,English
2015-02-21,,http://www.globalpost.com/dispatch/news/xinhua-news-agency/150221/india-controlled-kashmir-struggles-deadly-swine-flu-outbreak,globalpost.com,globalpost.com,English
2015-02-21,,http://bdnews24.com/bangladesh/2015/02/21/mamata-leaves-dhaka,bdnews24.com,bdnews24.com,English
2015-02-21,,http://timesofindia.indiatimes.com/Home/Specials/2014-ASSEMBLY-ELECTIONS/JAMMU-KASHMIR-NEWS/JK-may-opt-for-vote-on-account/articleshow/46325343.cms,indiatimes.com,indiatimes.com,English
2015-02-21,,http://www.deccanchronicle.com/150221/nation-current-affairs/article/omar-says-pdp-bjp-agreement-reached-much-earlier,deccanchronicle.com,deccanchronicle.com,English
2015-02-21,,http://zeenews.india.com/news/jammu-and-kashmir/pdp-bjp-alliance-government-in-jammu-and-kashmir-likely-within-a-week-sources_1550379.html,india.com,india.com,English
2015-02-21,,http://www.oneindia.com/new-delhi/jammu-and-kashmir-mufti-mohammad-sayeed-set-to-become-cm-say-sources-1661464.html,oneindia.com,oneindia.com,English
2015-02-21,,http://www.irishsun.com/index.php/sid/230461291,irishsun.com,irishsun.com,English
2015-02-21,,http://www.dailyexcelsior.com/kashmiri-scholars-death-dgp-assures-help-to-bring-body-back/,dailyexcelsior.com,dailyexcelsior.com,English
2015-02-21,,http://ibnlive.in.com/news/jammu-and-kashmir-governor-reviews-arrangements-for-amarnath-pilgrimage/529843-3-245.html,in.com,in.com,English
2015-02-21,,http://timesofindia.indiatimes.com/india/JK-governor-reviews-arrangements-for-Amarnath-pilgrimage/articleshow/46325743.cms,indiatimes.com,indiatimes.com,English
2015-02-21,,http://www.dhakatribune.com/crime/2015/feb/21/crude-bomb-blast-injures-2-chittagong,dhakatribune.com,dhakatribune.com,English
2015-02-21,,http://www.kashmirobserver.net/news/opinion/high-time-muslim-patch,kashmirobserver.net,kashmirobserver.net,English
2015-02-21,,http://m.indiatvnews.com/news/world/pm-visit-arunachal-china-summons-indian-envoy-to-lodge-protest-23073.html,indiatvnews.com,indiatvnews.com,English
2015-02-21,,http://www.kashmirobserver.net/news/local-news/farooq-gave-7-power-projects-lieu-employment-his-son,kashmirobserver.net,kashmirobserver.net,English
2015-02-21,,http://www.kashmirobserver.net/news/opinion/high-time-muslim-patch-0,kashmirobserver.net,kashmirobserver.net,English
2015-02-21,,http://www.risingkashmir.com/officials-tour-waterlogged-city/,risingkashmir.com,risingkashmir.com,English
2015-02-21,,http://www.kashmirobserver.net/news/local-news/relatives-missing-kashmir-youth-stages-protest-0,kashmirobserver.net,kashmirobserver.net,English
2015-02-21,,http://www.kashmirobserver.net/news/opinion/be-bjp-or-not-bemufti-sayeeds-kashmir-dilemma,kashmirobserver.net,kashmirobserver.net,English
2015-02-21,,http://www.kashmirobserver.net/news/top-news/2-militants-killed-rafiabad-gunfight,kashmirobserver.net,kashmirobserver.net,English
2015-02-21,,http://www.newkerala.com/news/2015/fullnews-22378.html,newkerala.com,newkerala.com,English
2015-02-21,,http://www.kashmirobserver.net/news/opinion/street-stroll-0,kashmirobserver.net,kashmirobserver.net,English
2015-02-21,,http://www.kashmirobserver.net/news/local-news/relatives-missing-kashmir-youth-stages-protest,kashmirobserver.net,kashmirobserver.net,English
2015-02-21,,http://www.kashmirobserver.net/news/opinion/street-stroll,kashmirobserver.net,kashmirobserver.net,English
2015-02-21,,http://www.kashmirobserver.net/news/local-news/kunanposhpora-shah-expresses-solidarity-families,kashmirobserver.net,kashmirobserver.net,English
2015-02-21,,http://www.kashmirobserver.net/news/top-news/what-deal,kashmirobserver.net,kashmirobserver.net,English
2015-02-21,,http://www.kashmirobserver.net/news/city/swine-flunc-urges-guv-take-steps-war-footing,kashmirobserver.net,kashmirobserver.net,English
2015-02-21,,http://www.newsx.com/regional/item/33830-13-more-test-positive-for-swine-flu-in-kashmir,newsx.com,newsx.com,English
2015-02-21,,http://www.kashmirobserver.net/news/local-news/guv-reviews-yatra-arrangements,kashmirobserver.net,kashmirobserver.net,English
2015-02-21,,http://www.bssnews.net/newsDetails.php?cat=0&id=472706&date=2015-02-21,bssnews.net,bssnews.net,English
2015-02-21,,http://www.kashmirmonitor.in/news-in-democracy-leader-should-be-elected-not-imposed-sc-79768.aspx,kashmirmonitor.in,kashmirmonitor.in,English
2015-02-21,,http://www.kashmirmonitor.in/news-pakistans-collapse-a-record-bad-start-in-odis-79788.aspx,kashmirmonitor.in,kashmirmonitor.in,English
2015-02-21,,http://www.kashmirmonitor.in/news-pakistan-making-unprecedented-effort-for-afghan-peace-kerry-79773.aspx,kashmirmonitor.in,kashmirmonitor.in,English
2015-02-21,,http://www.kashmirmonitor.in/news-its-indias-batting-versus-south-africas-bowling-kohli-79789.aspx,kashmirmonitor.in,kashmirmonitor.in,English
2015-02-21,,http://www.dailykashmirimages.com/news-pakistans-woeful-batting-shocks-akram-73149.aspx,dailykashmirimages.com,dailykashmirimages.com,English
2015-02-21,,http://www.dailykashmirimages.com/news-rajnath-culprits-in-document-leaks-will-be-punished-73159.aspx,dailykashmirimages.com,dailykashmirimages.com,English
2015-02-21,,http://www.dailykashmirimages.com/news-markets-take-cautious-turn-sensex-down-230-points-73154.aspx,dailykashmirimages.com,dailykashmirimages.com,English
2015-02-21,,http://www.kashmirmonitor.in/news-the-great-game-folio-defence-diplomacy-79766.aspx,kashmirmonitor.in,kashmirmonitor.in,English
2015-02-21,,http://www.kashmirmonitor.in/news-mufti-likely-to-take-over-on-27-feb-79808.aspx,kashmirmonitor.in,kashmirmonitor.in,English
2015-02-21,,http://www.dailykashmirimages.com/news-healing-our-sectarian-divide-73144.aspx,dailykashmirimages.com,dailykashmirimages.com,English
2015-02-21,,http://www.dailykashmirimages.com/news-becoming-what-we-hate-73143.aspx,dailykashmirimages.com,dailykashmirimages.com,English
2015-02-21,,http://www.kashmirmonitor.in/news-modi-leaves-saifai-after-attending-tilak-ceremony-of-mulayams-grandnephew-79770.aspx,kashmirmonitor.in,kashmirmonitor.in,English
2015-02-21,,http://www.dailykashmirimages.com/news-caribbean-calypso-silences-pakistan-73153.aspx,dailykashmirimages.com,dailykashmirimages.com,English
2015-02-21,,http://www.kashmirmonitor.in/news-corporate-espionage-case-culprits-will-not-be-spared-assures-rajnath-79771.aspx,kashmirmonitor.in,kashmirmonitor.in,English
2015-02-21,,http://www.kashmirmonitor.in/news-pakistan%E2%80%99s-role-in-peace-talks-deserves-credit-ghani-79775.aspx,kashmirmonitor.in,kashmirmonitor.in,English
2015-02-21,,http://www.dailykashmirimages.com/news-pakistans-14-worst-start-in-history-of-odis-73152.aspx,dailykashmirimages.com,dailykashmirimages.com,English
2015-02-21,,http://www.kashmirmonitor.in/news-china-objects-to-pm-modis-arunachal-visit-says-it-will-complicate-ties-with-india-79772.aspx,kashmirmonitor.in,kashmirmonitor.in,English
2015-02-21,,http://www.kashmirmonitor.in/news-nigerian-woman-gang-raped-in-new-delhi-79767.aspx,kashmirmonitor.in,kashmirmonitor.in,English
2015-02-21,,http://www.dailykashmirimages.com/news-jk-may-opt-for-vote-on-account-73196.aspx,dailykashmirimages.com,dailykashmirimages.com,English
2015-02-21,,http://www.dailykashmirimages.com/news-holder-hails-%E2%80%98wonderful-windies-73150.aspx,dailykashmirimages.com,dailykashmirimages.com,English
2015-02-21,,http://www.kashmirmonitor.in/news-indo-pak-%E2%80%98peace-clinic%E2%80%99-launched-79801.aspx,kashmirmonitor.in,kashmirmonitor.in,English
2015-02-21,,http://www.dailykashmirimages.com/news-gold-silver-extend-losses-on-subdued-demand-global-cues-73155.aspx,dailykashmirimages.com,dailykashmirimages.com,English
2015-02-21,,http://onlinenews.com.pk/details.php?newsid=285624&catname=World,onlinenews.com.pk,onlinenews.com.pk,English
2015-02-21,,http://www.assamtribune.com/scripts/detailsnew.asp?id=feb2215/at054,assamtribune.com,assamtribune.com,English
2015-02-21,,https://in.newshub.org/modi-bjp-leaders-to-vet-cmp-12209013.html,newshub.org,newshub.org,English
2015-02-21,,http://timesofindia.indiatimes.com/City/Patna/Rs-51cr-ISKCON-temple-coming-up-in-Patna/articleshow/46328273.cms,indiatimes.com,indiatimes.com,English
2015-02-21,,http://www.greaterkashmir.com/news/2015/Feb/22/take-steps-on-war-footing-basis-nc-urges-guv-61.asp,greaterkashmir.com,greaterkashmir.com,English
2015-02-21,,http://bd.thedailystar.net/business/poultry-operators-to-export-processed-food-65989,thedailystar.net,thedailystar.net,English
2015-02-21,,http://www.nyoooz.com/news/srinagar/asiya-andrabi-urges-separatists-to-show-steadfastness/59160.html,nyoooz.com,nyoooz.com,English
2015-02-21,,https://in.newshub.org/happy-days-return-for-janata-parivar-12211261.html,newshub.org,newshub.org,English
2015-02-21,,http://indianexpress.com/article/cities/lucknow/bijnor-elopement-bajrang-dal-cries-love-jihad-threatens-stir-across-western-up/,indianexpress.com,indianexpress.com,English
2015-02-21,,http://www.mumbaimirror.com/news/india/JK-BJP-PDP-govt-to-have-CMP-on-Article-370-AFSPA/articleshow/46327990.cms,mumbaimirror.com,mumbaimirror.com,English
2015-02-21,,http://www.arabnews.com/columns/news/708051,arabnews.com,arabnews.com,English
2015-02-21,,https://in.newshub.org/lalu-show-pm-warms-up-to-political-rivals-at-tilak-of-msy-s-grand-nephew-12213208.html,newshub.org,newshub.org,English
2015-02-21,,http://www.kashmirobserver.net/news/top-news/bjp-pdp-seal-deal-mufti-be-cm,kashmirobserver.net,kashmirobserver.net,English
2015-02-21,,http://www.kashmirobserver.net/news/local-news/socialite-accuses-ex-mantri-sexual-harassment,kashmirobserver.net,kashmirobserver.net,English
2015-02-21,,http://www.kashmirobserver.net/news/opinion/mufti-sayeeds-kashmir-dilemma,kashmirobserver.net,kashmirobserver.net,English
2015-02-21,,http://www.kashmirobserver.net/news/city/spl-skims-opd-open-today,kashmirobserver.net,kashmirobserver.net,English
2015-02-21,,http://www.kashmirobserver.net/news/local-news/anti-islam-posters-spark-achabal-outrage,kashmirobserver.net,kashmirobserver.net,English
2015-02-21,,http://www.kashmirobserver.net/news/letters/media-reporting-can-hike-demand-pharma-products,kashmirobserver.net,kashmirobserver.net,English
2015-02-21,,http://www.kashmirobserver.net/news/top-news/h1n1-outbreak-13-more-test-positive,kashmirobserver.net,kashmirobserver.net,English
2015-02-21,,http://www.kashmirobserver.net/news/top-news/non-availability-logistics-cause-panic,kashmirobserver.net,kashmirobserver.net,English
2015-02-21,,http://www.iamin.in/en/nashik/news/build-global-image-nashik-during-kumbmela-cm-53748,iamin.in,iamin.in,English
2015-02-21,,http://timesofindia.indiatimes.com/city/kolkata/Bullet-aimed-at-TMC-man-kills-passerby/articleshow/46327587.cms,indiatimes.com,indiatimes.com,English
2015-02-21,,http://www.kashmirobserver.net/news/local-news/hepatitis-c-breaks-out-south-kashmir-hamlet-0,kashmirobserver.net,kashmirobserver.net,English
2015-02-21,,http://www.bangaloremirror.com/news/india/mufti-mohammad-sayeed-jammu-and-kashmir/articleshow/46326507.cms,bangaloremirror.com,bangaloremirror.com,English
2015-02-21,,http://www.kashmirobserver.net/news/top-news/swine-flu-helpline,kashmirobserver.net,kashmirobserver.net,English
2015-02-21,,http://www.dailyexcelsior.com/ysac-opposes-move-to-weaken-article-370/,dailyexcelsior.com,dailyexcelsior.com,English
2015-02-21,,http://www.kashmirobserver.net/news/local-news/hepatitis-c-breaks-out-south-kashmir-hamlet,kashmirobserver.net,kashmirobserver.net,English
2015-02-22,,http://www.newindianexpress.com/thesundaystandard/Using-Every-Resource-to-Get-Our-Students-Skilled-is-Indias-Best-Shot/2015/02/22/article2680652.ece,newindianexpress.com,newindianexpress.com,English
2015-02-22,,http://www.mid-day.com/articles/thousands-turn-up-to-pay-last-respects-to-govind-pansare/16008164,mid-day.com,mid-day.com,English
2015-02-22,,http://www.newindianexpress.com/nation/BCCI-Must-Come-under-RTIs-Ambit-Abdullah/2015/02/22/article2681018.ece,newindianexpress.com,newindianexpress.com,English
2015-02-22,,http://www.newindianexpress.com/thesundaystandard/National-Security-Lands-in-Trinamool-Trouble/2015/02/22/article2680336.ece,newindianexpress.com,newindianexpress.com,English
2015-02-22,,http://www.newindianexpress.com/thesundaystandard/Diffuse-and-Rule/2015/02/22/article2680634.ece,newindianexpress.com,newindianexpress.com,English
2015-02-22,,http://www.newindianexpress.com/columns/Abusing-RSS-is-Creative-Secularism/2015/02/22/article2680207.ece,newindianexpress.com,newindianexpress.com,English
2015-02-22,,http://www.newindianexpress.com/states/karnataka/Shivamogga-Bandh-Total-After-Killings-City-Still-Tense/2015/02/22/article2680861.ece,newindianexpress.com,newindianexpress.com,English
2015-02-22,,http://timesofindia.indiatimes.com/city/guwahati/Gogoi-hints-at-Cong-tie-up-with-AIUDF/articleshow/46326676.cms,indiatimes.com,indiatimes.com,English
2015-02-22,,http://theindependentbd.com/index.php?option=com_content&view=article&id=248834:poultry-industry-eyes-to-start-export-by-2018&catid=110:business-others&Itemid=156,theindependentbd.com,theindependentbd.com,English
2015-02-22,,http://www.newindianexpress.com/nation/Bandh-in-Mrashtra-Today-against-Pansares-Murder/2015/02/22/article2680882.ece,newindianexpress.com,newindianexpress.com,English
2015-02-22,,http://www.financialexpress.com/article/miscellaneous/jammu-kashmir-govt-formation-bjp-pdp-trying-to-find-common-ground/45704/,financialexpress.com,financialexpress.com,English
2015-02-22,,http://www.thefrontierpost.com/article/240526//,thefrontierpost.com,thefrontierpost.com,English
2015-02-22,,http://www.scoopnews.in/det.aspx?q=44729,scoopnews.in,scoopnews.in,English
2015-02-22,,http://zeenews.india.com/news/jammu-and-kashmir/two-let-commanders-shot-dead-in-encounter-in-kashmirs-baramulla-district_1550360.html,india.com,india.com,English
2015-02-22,,http://www.bd.banglanews24.com/fullnews/bn/107086,banglanews24.com,banglanews24.com,English
2015-02-22,,http://www.indiatvnews.com/news/world/pm-visit-to-arunachal-china-summons-indian-envoy-to-lodge-protest-23073.html,indiatvnews.com,indiatvnews.com,English
2015-02-22,,http://www.expeditioncruising.com/2015/02/pandaw-river-expeditions-14-night.html,expeditioncruising.com,expeditioncruising.com,English
2015-02-22,,http://indiatoday.intoday.in/story/aero-india-2015-iaf-woman-pilot-deepika-misra-sandeep-singh-sarang-team/1/420317.html,indiatoday.intoday.in,indiatoday.intoday.in,English
2015-02-22,,http://www.nyoooz.com/news/guwahati/gogoi-hints-at-cong-tieup-with-aiudf/59493.html,nyoooz.com,nyoooz.com,English
2015-02-22,,http://www.oneindia.com/india/bsf-wants-special-pay-for-being-1st-line-of-defence-at-borders-1661721.html,oneindia.com,oneindia.com,English
2015-02-22,,http://www.newindianexpress.com/nation/BSF-Pitches-for-Special-Border-Service-Pay/2015/02/22/article2681220.ece,newindianexpress.com,newindianexpress.com,English
2015-02-22,,http://www.newindianexpress.com/cities/hyderabad/Tariq-ul-Islams-Body-Handed-Over-to-Family-Members/2015/02/22/article2680921.ece,newindianexpress.com,newindianexpress.com,English
2015-02-22,,http://www.risingkashmir.com/police-foil-municipal-employees-protest-scores-held/,risingkashmir.com,risingkashmir.com,English
2015-02-22,,http://timesofindia.indiatimes.com/city/ludhiana/Labour-cess-hike-leaves-city-Inc-fuming/articleshow/46330044.cms,indiatimes.com,indiatimes.com,English
2015-02-22,,http://www.thestatesman.com/news/india/bsf-wants-special-pay-for-being-1st-line-of-defence-at-borders/49379.html,thestatesman.com,thestatesman.com,English
2015-02-22,,http://economictimes.indiatimes.com/news/politics-and-nation/bsf-wants-special-pay-for-being-first-line-of-defence-at-borders/articleshow/46330036.cms,indiatimes.com,indiatimes.com,English
2015-02-22,,http://www.emirates247.com/entertainment/bollywood-gossip-who-is-caught-partying-with-salman-in-dubai-2015-02-22-1.563173,emirates247.com,emirates247.com,English
2015-02-22,,http://www.business-standard.com/article/pti-stories/bandh-in-maharashtra-to-condemn-pansare-s-murder-115022200124_1.html,business-standard.com,business-standard.com,English
2015-02-22,,http://indianexpress.com/article/india/crime/bandh-in-maharashtra-to-condemn-cpi-leader-govind-pansares-murder/,indianexpress.com,indianexpress.com,English
2015-02-22,,http://zeenews.india.com/news/maharashtra/bandh-in-maharashtra-to-condemn-pansares-murder_1550669.html,india.com,india.com,English
2015-02-22,,http://www.dawn.com/news/1165158/poonch-house-a-mansion-fit-for-a-king,dawn.com,dawn.com,English
2015-02-22,,http://www.firstpost.com/politics/mufti-likely-to-be-jk-cm-sources-claim-pdp-bjp-sealed-deal-on-afspa-article-370-2113543.html,firstpost.com,firstpost.com,English
2015-02-22,,http://www.mid-day.com/articles/black-and-white-in-early-light/16008163,mid-day.com,mid-day.com,English
2015-02-22,,http://www.mid-day.com/articles/bandh-in-maharashtra-to-condemn-govind-pansares-murder/16009162,mid-day.com,mid-day.com,English
2015-02-22,,https://en-maktoob.news.yahoo.com/recovery-ieds-averts-major-tragedy-kashmir-073031375.html,yahoo.com,yahoo.com,English
2015-02-22,,http://www.newsnation.in/article/70713-govind-pansare-death-bandh-observed-maharashtra.html,newsnation.in,newsnation.in,English
2015-02-22,,http://www.euro2day.gr/ftcom_en/article-ft-en/1306422/china-criticises-modi-visit-to-disputed-area.html,euro2day.gr,euro2day.gr,English
2015-02-22,,http://www.sruti.com/index.php?main_page=product_info&products_id=214&zenid=klf0ftur2p3afc115f4dlrtn25,sruti.com,sruti.com,English
2015-02-22,,http://www.bd.banglanews24.com/fullnews/bn/107104,banglanews24.com,banglanews24.com,English
2015-02-22,,http://timesofindia.indiatimes.com/India/Bandh-in-Maharashtra-to-condemn-Pansares-murder/articleshow/46330589.cms,indiatimes.com,indiatimes.com,English
2015-02-22,,http://www.businessnews-bd.com/index.php?option=com_blog_calendar&&year=2015&month=02&day=22&modid=173,businessnews-bd.com,businessnews-bd.com,English
2015-02-22,,http://www.businessnews-bd.com/index.php?option=com_content&view=article&id=13583:sundays-morning-business-round-up-of-bangladesh&catid=77:bbn-exclusive,businessnews-bd.com,businessnews-bd.com,English
2015-02-22,,https://in.news.yahoo.com/delhi-metro-opens-exact-change-counters-080613316.html,yahoo.com,yahoo.com,English
2015-02-22,,https://in.news.yahoo.com/recovery-ieds-averts-major-tragedy-kashmir-072610035.html,yahoo.com,yahoo.com,English
2015-02-22,,http://www.newkerala.com/news/2015/fullnews-22459.html,newkerala.com,newkerala.com,English
2015-02-22,,http://www.newkerala.com/news/2015/fullnews-22510.html,newkerala.com,newkerala.com,English
2015-02-22,,http://zeenews.india.com/entertainment/music/the-horrors-to-play-blissfields-festival-2015_1550775.html,india.com,india.com,English
2015-02-22,,http://zeenews.india.com/entertainment/movies/maruthi-to-direct-nani-in-his-next-film_1550725.html,india.com,india.com,English
2015-02-22,,http://www.scoopnews.in/det.aspx?q=44736,scoopnews.in,scoopnews.in,English
2015-02-22,,http://news.priyo.com/2015/02/22/bnp-declare-hartal-victims-national-hero-127371.html,priyo.com,priyo.com,English
2015-02-22,,http://bdnews24.com/bangladesh/2015/02/22/us-secretary-of-state-john-kerry-will-be-in-dhaka-soon,bdnews24.com,bdnews24.com,English
2015-02-22,,http://www.newkerala.com/news/2015/fullnews-22499.html,newkerala.com,newkerala.com,English
2015-02-22,,http://www.business-standard.com/article/pti-stories/all-party-meeting-sees-moments-of-bonhomie-115022200337_1.html,business-standard.com,business-standard.com,English
2015-02-22,,http://www.mofa.gov.bd/index.php?option=com_content&view=article&id=168&catid=43&PRid=946,mofa.gov.bd,mofa.gov.bd,English
2015-02-22,,http://www.dawn.com/news/1165203/will-take-to-streets-if-gb-polls-are-rigged-imran-warns,dawn.com,dawn.com,English
2015-02-22,,http://www.dnaindia.com/mumbai/report-bandh-in-maharashtra-to-condemn-govind-pansare-s-murder-rpi-seeks-cbi-probe-2063211,dnaindia.com,dnaindia.com,English
2015-02-22,,http://www.business-standard.com/article/pti-stories/bandh-in-maha-to-condemn-pansare-s-murder-rpi-seeks-cbi-probe-115022200386_1.html,business-standard.com,business-standard.com,English
2015-02-22,,http://www.kmsnews.org/news/2015/02/22/kunanposhpora-incident-black-spot-in-kashmirs-history.html,kmsnews.org,kmsnews.org,English
2015-02-22,,http://ibnlive.in.com/news/allparty-meeting-sees-moments-of-bonhomie-before-budget-session/529996-37.html,in.com,in.com,English
2015-02-22,,"http://www.newageislam.com/islam,-women-and-feminism/new-age-islam-news-bureau/lured-by-isis--how-the-young-girls-who-revel-in-brutality-are-offered-cause/d/101640",newageislam.com,newageislam.com,English
2015-02-22,,http://www.oneindia.com/india/swine-flu-vaccine-dries-up-in-kashmir-doctors-at-risk-1662059.html,oneindia.com,oneindia.com,English
2015-02-22,,https://in.newshub.org/h1n1-swine-flu-claims-38-more-lives-death-toll-crosses-800-12243355.html,newshub.org,newshub.org,English
2015-02-22,,http://www.business-standard.com/article/pti-stories/j-k-to-have-elected-govt-next-week-115022200429_1.html,business-standard.com,business-standard.com,English
2015-02-22,,http://zeenews.india.com/news/health/health-news/swine-flu-claims-38-more-lives-death-toll-crosses-800_1550837.html,india.com,india.com,English
2015-02-22,,http://www.citypress.co.za/columnists/tyrants-jam-signals/,citypress.co.za,citypress.co.za,English
2015-02-22,,http://www.business-standard.com/article/pti-stories/j-k-governor-seeks-increase-in-central-assistance-115022200430_1.html,business-standard.com,business-standard.com,English
2015-02-22,,http://www.kashmirdispatch.com/headlines/220229279-swine-flu-coaching-centres-in-kashmir-announces-break.htm,kashmirdispatch.com,kashmirdispatch.com,English
2015-02-22,,http://paktribune.com/news/PTI-will-go-to-street-if-the-polls-are-rigged-in-GB-273212.html,paktribune.com,paktribune.com,English
2015-02-22,,http://us.india.com/news/mumbai/bandh-in-maha-to-condemn-pansares-murder-rpi-seeks-cbi-probe-292079/,india.com,india.com,English
2015-02-22,,http://paktribune.com/news/PTI-will-go-to-street-if-the-pollsa-re-rigged-in-GB-273212.html,paktribune.com,paktribune.com,English
2015-02-22,,http://economictimes.indiatimes.com/news/politics-and-nation/jammu-and-kashmir-to-have-elected-government-next-week/articleshow/46333550.cms,indiatimes.com,indiatimes.com,English
2015-02-22,,http://www.business-standard.com/article/pti-stories/swine-flu-claims-38-more-lives-death-toll-now-812-115022200467_1.html,business-standard.com,business-standard.com,English
2015-02-22,,http://www.mizonews.net/nation/iaf-women-crew-dazzle-in-copter-aerobatics/,mizonews.net,mizonews.net,English
2015-02-22,,http://economictimes.indiatimes.com/news/politics-and-nation/jk-governor-n-n-vohra-seeks-increase-in-central-assistance/articleshow/46333890.cms,indiatimes.com,indiatimes.com,English
2015-02-22,,http://bharatpress.com/2015/02/22/all-party-meeting-sees-moments-of-bonhomie-before-budget-session/,bharatpress.com,bharatpress.com,English
2015-02-22,,http://www.dailyexcelsior.com/swine-flu-claims-38-more-lives-death-toll-crosses-800/,dailyexcelsior.com,dailyexcelsior.com,English
2015-02-22,,http://zeenews.india.com/news/health/health-news/swine-flu-claims-38-more-lives-death-toll-now-812_1550837.html,india.com,india.com,English
2015-02-22,,http://www.dailyexcelsior.com/free-heart-and-urology-check-up-camp-held/,dailyexcelsior.com,dailyexcelsior.com,English
2015-02-22,,http://www.dailyexcelsior.com/governor-seeks-increase-in-central-assistance/,dailyexcelsior.com,dailyexcelsior.com,English
2015-02-22,,http://www.dailyexcelsior.com/jk-council-polls-cong-asks-its-mlas-to-vote-for-nc-nominees/,dailyexcelsior.com,dailyexcelsior.com,English
2015-02-22,,http://www.dailyexcelsior.com/protest-against-contaminated-water/,dailyexcelsior.com,dailyexcelsior.com,English
2015-02-22,,http://www.dailyexcelsior.com/jk-to-have-elected-govt-next-week/,dailyexcelsior.com,dailyexcelsior.com,English
2015-02-22,,http://www.outlookindia.com/news/article/BJPPDP-Coalition-Govt-to-Be-Announced-Next-Week/882457,outlookindia.com,outlookindia.com,English
2015-02-22,,http://www.business-standard.com/article/pti-stories/swine-flu-cca-decides-to-close-coaching-centres-in-valley-115022200470_1.html,business-standard.com,business-standard.com,English
2015-02-22,,http://economictimes.indiatimes.com/news/politics-and-nation/bandh-in-maharashtra-to-condemn-pansares-murder-rpi-seeks-cbi-probe/articleshow/46333581.cms,indiatimes.com,indiatimes.com,English
2015-02-22,,http://zeenews.india.com/news/health/health-news/6-swine-flu-cases-in-jammu-docs-say-not-enough-supply-of-medicines_1550884.html,india.com,india.com,English
2015-02-22,,http://www.sanantoniopost.com/index.php/sid/230479667,sanantoniopost.com,sanantoniopost.com,English
2015-02-22,,http://week.manoramaonline.com/cgi-bin/MMONline.dll/portal/ep/theWeekContent.do?programId=1073755754&contentId=18438815,manoramaonline.com,manoramaonline.com,English
2015-02-22,,http://www.bignewsnetwork.com/index.php/sid/230479667,bignewsnetwork.com,bignewsnetwork.com,English
2015-02-22,,http://us.india.com/news/india/h1n1-swine-flu-six-cases-in-jammu-doctors-say-not-enough-supply-of-medicines-292318/,india.com,india.com,English
2015-02-22,,https://in.newshub.org/six-cases-in-jammu-doctors-say-not-enough-supply-of-medicines-india-latest-india-news-12249188.html,newshub.org,newshub.org,English
2015-02-22,,http://www.indiatvnews.com/news/india/swine-flu-claims-38-more-lives-death-toll-crosses-800-47874.html,indiatvnews.com,indiatvnews.com,English
2015-02-22,,http://onlykashmir.in/pdp-bjp-govt-likely-to-take-oath-on-feb-27-or-28/,onlykashmir.in,onlykashmir.in,English
2015-02-22,,http://video.dunyanews.tv/index.php/en/mustwatch/15179/Azad-Kashmir:-More-than-50-political-leaders-join-PTI,video.dunyanews.tv,video.dunyanews.tv,English
2015-02-22,,http://www.theuknews.com/index.php/sid/230479667,theuknews.com,theuknews.com,English
2015-02-22,,http://dunyanews.tv/index.php/en/Pakistan/263047-Najam-Sethi-acquired-PCB-chairmanship-as-reward-fo,dunyanews.tv,dunyanews.tv,English
2015-02-22,,http://www.kashmirlife.net/legislative-council-polls-congress-issues-whip-to-support-nc-73747/,kashmirlife.net,kashmirlife.net,English
2015-02-22,,http://www.easternmirrornagaland.com/2015/02/iaf-women-crew-dazzle-in-copter-aerobatics/,easternmirrornagaland.com,easternmirrornagaland.com,English
2015-02-22,,http://tribune.com.pk/story/842537/view-from-mcleod-road-can-hubco-truly-convert-to-a-growth-stock/,tribune.com.pk,tribune.com.pk,English
2015-02-22,,https://iaoj.wordpress.com/2015/02/22/terror-wave-in-pakistan-sparks-rare-criticism-of-saudi-arabia/,wordpress.com,wordpress.com,English
2015-02-22,,http://www.nashvilleherald.com/index.php/sid/230479667,nashvilleherald.com,nashvilleherald.com,English
2015-02-22,,http://www.sruti.com/index.php?main_page=product_info&products_id=340&zenid=2cmonqtthplieo2oidhklc0795,sruti.com,sruti.com,English
2015-02-22,,http://www.thehindubusinessline.com/economy/budget/budget-special-2015/article6922426.ece,thehindubusinessline.com,thehindubusinessline.com,English
2015-02-22,,http://www.greatandhra.com/politics/political-news/ysrcp-leader-biyyapu-madhusudhan-reddy-felicitated-in-dallas-64135.html,greatandhra.com,greatandhra.com,English
2015-02-22,,http://www.albuquerqueexpress.com/index.php/sid/230479667,albuquerqueexpress.com,albuquerqueexpress.com,English
2015-02-22,,http://www.thedailystar.net/op-ed/mamatas-goodwill-visit-66171,thedailystar.net,thedailystar.net,English
2015-02-22,,http://www.onlinenews.com.pk/details.php?newsid=285754&catname=World,onlinenews.com.pk,onlinenews.com.pk,English
2015-02-22,,http://www.risingkashmir.com/bjp-pdp-tie-up-doesnt-make-any-difference-geelani/,risingkashmir.com,risingkashmir.com,English
2015-02-22,,http://www.kashmirdispatch.com/more-news/220229280-meet-the-teen-who-switches-six-different-personalities-in-a-day.htm,kashmirdispatch.com,kashmirdispatch.com,English
2015-02-22,,http://www.dailykashmirimages.com/news-jk-four-trapped-in-snow-rescued-by-army-personnel-73228.aspx,dailykashmirimages.com,dailykashmirimages.com,English
2015-02-22,,http://www.dailykashmirimages.com/news-army-distributes-relief-material-73230.aspx,dailykashmirimages.com,dailykashmirimages.com,English
2015-02-22,,http://www.nagpurtoday.in/in-season-of-second-chances-nitish-to-return-to-patna-as-cm-of-bihar/02221629,nagpurtoday.in,nagpurtoday.in,English
2015-02-22,,http://www.dailykashmirimages.com/news-army-organizes-swine-flu-awareness-camp-73225.aspx,dailykashmirimages.com,dailykashmirimages.com,English
2015-02-22,,http://timesofindia.indiatimes.com/city/ahmedabad/3-held-for-firing-at-Kalol-doctor-to-extort-Rs-1-crore/articleshow/46335226.cms,indiatimes.com,indiatimes.com,English
2015-02-22,,http://www.nyoooz.com/news/jammu/vohra-seeks-hike-in-central-support-on-9010-basis/59763.html,nyoooz.com,nyoooz.com,English
2015-02-22,,http://indiankanoon.org/doc/36289614/,indiankanoon.org,indiankanoon.org,English
2015-02-22,,http://www.menafn.com/1094110210/Saudi--Remain-loyal-to-Bangladesh-image-envoy-tells-expats,menafn.com,menafn.com,English
2015-02-22,,http://www.newindianexpress.com/nation/Himachal-CM-Expresses-Concern-Over-Declining-Female-Sex-Ratio/2015/02/23/article2682053.ece,newindianexpress.com,newindianexpress.com,English
2015-02-22,,http://indianexpress.com/article/cities/delhi/new-house-meets-today-promises-top-agenda/,indianexpress.com,indianexpress.com,English
2015-02-22,,http://www.risingkashmir.com/guv-urges-centre-to-release-special-dispensation-for-three-urban-missions-2/,risingkashmir.com,risingkashmir.com,English
2015-02-22,,http://www.risingkashmir.com/cultural-exchange-can-build-indo-pak-trust-bazaz-2/,risingkashmir.com,risingkashmir.com,English
2015-02-22,,http://timesofindia.indiatimes.com/city/goa/GPL-runs-into-rough-weather/articleshow/46335128.cms,indiatimes.com,indiatimes.com,English
2015-02-22,,http://www.risingkashmir.com/india-needs-to-reorganise-its-healthcare-system-who-2/,risingkashmir.com,risingkashmir.com,English
2015-02-22,,http://www.sruti.com/index.php?main_page=product_info&products_id=247&zenid=fs6atqpfkggssoedrtqvrr80h6,sruti.com,sruti.com,English
2015-02-22,,http://www.dailytimes.com.pk/national/23-Feb-2015/pakistan-must-immediately-stop-forced-returns-of-afghans-hrw,dailytimes.com.pk,dailytimes.com.pk,English
2015-02-22,,http://timesofindia.indiatimes.com/city/patna/3-16-crore-get-Aadhaar-numbers-in-Bihar/articleshow/46337155.cms,indiatimes.com,indiatimes.com,English
2015-02-22,,http://www.risingkashmir.com/pdp-and-nc-narrative-of-sell-out/,risingkashmir.com,risingkashmir.com,English
2015-02-22,,http://www.theshillongtimes.com/2015/02/23/national-nuggets-587/,theshillongtimes.com,theshillongtimes.com,English
2015-02-22,,http://www.risingkashmir.com/dig-ckr-distributes-relief-among-flood-hit-families/,risingkashmir.com,risingkashmir.com,English
2015-02-22,,http://www.risingkashmir.com/nc-pdp-made-sell-out-rashid/,risingkashmir.com,risingkashmir.com,English
2015-02-22,,http://www.risingkashmir.com/ceo-holds-consultations-with-langar-organizations/,risingkashmir.com,risingkashmir.com,English
2015-02-22,,http://www.risingkashmir.com/serc-for-action-against-pdd-staff-in-high-pilferage-areas/,risingkashmir.com,risingkashmir.com,English
2015-02-22,,http://www.risingkashmir.com/precautions/,risingkashmir.com,risingkashmir.com,English
2015-02-22,,http://www.risingkashmir.com/shah-inaugurates-itm-in-ahmadabad/,risingkashmir.com,risingkashmir.com,English
2015-02-22,,http://www.risingkashmir.com/h1n1-outbreak-div-com-reviews-control-measures/,risingkashmir.com,risingkashmir.com,English
2015-02-22,,http://onlinenews.com.pk/details.php?newsid=285754&catname=World,onlinenews.com.pk,onlinenews.com.pk,English
2015-02-22,,http://www.risingkashmir.com/panicky-tuition-centres-close-down/,risingkashmir.com,risingkashmir.com,English
2015-02-22,,http://www.risingkashmir.com/jammus-swine-farms-may-complicate-matters/,risingkashmir.com,risingkashmir.com,English
2015-02-22,,http://www.risingkashmir.com/kashmiri-strikes-chord-with-bollywood-musicians/,risingkashmir.com,risingkashmir.com,English
2015-02-22,,http://www.deepikaglobal.com/ENG3_sub.asp?ccode=ENG3&newscode=82027,deepikaglobal.com,deepikaglobal.com,English
2015-02-22,,http://www.risingkashmir.com/the-darkest-hours/,risingkashmir.com,risingkashmir.com,English
2015-02-22,,http://www.dailyexcelsior.com/ju-vc-search-panel-invites-4-locals-among-11-for-interaction-on-feb-26/,dailyexcelsior.com,dailyexcelsior.com,English
2015-02-22,,http://www.risingkashmir.com/dry-weather-in-kashmir-may-witness-rains-snow-from-tuesday-met/,risingkashmir.com,risingkashmir.com,English
2015-02-22,,http://www.risingkashmir.com/audit-capd/,risingkashmir.com,risingkashmir.com,English
2015-02-22,,http://www.risingkashmir.com/incident-a-black-spot-in-kashmir-history-hurriyat-m/,risingkashmir.com,risingkashmir.com,English
2015-02-22,,http://www.risingkashmir.com/swine-flu-death-toll-reaches-6-in-jk/,risingkashmir.com,risingkashmir.com,English
2015-02-22,,http://www.risingkashmir.com/the-bus-stops-nowhere-but-where-does-the-buck-stop/,risingkashmir.com,risingkashmir.com,English
2015-02-22,,http://www.risingkashmir.com/we-wont-forget-we-wont-forgive-nor-will-we-give-up/,risingkashmir.com,risingkashmir.com,English
2015-02-22,,http://www.dailytimes.com.pk/islamabad/23-Feb-2015/pml-n-planning-to-rig-elections-in-gb-imran,dailytimes.com.pk,dailytimes.com.pk,English
2015-02-22,,http://www.risingkashmir.com/skims-spent-36-million-on-non-existing-200-bed-hospital/,risingkashmir.com,risingkashmir.com,English
2015-02-22,,http://www.risingkashmir.com/workshop-on-research-methodology-concludes-at-kus-dde/,risingkashmir.com,risingkashmir.com,English
2015-02-23,,http://www.dailyexcelsior.com/div-com-reviews-measures-to-check-swine-flu/,dailyexcelsior.com,dailyexcelsior.com,English
2015-02-23,,http://www.dailyexcelsior.com/mla-supervises-distribution-of-ration/,dailyexcelsior.com,dailyexcelsior.com,English
2015-02-23,,http://www.dailyexcelsior.com/face-masks-business-up-in-valley/,dailyexcelsior.com,dailyexcelsior.com,English
2015-02-23,,http://www.dailyexcelsior.com/governor-seeks-report-on-spurious-pesticides-by-feb-28/,dailyexcelsior.com,dailyexcelsior.com,English
2015-02-23,,http://www.dailyexcelsior.com/refresher-course-for-sub-judges-munsiffs-on-code-of-civil-procedure-organised/,dailyexcelsior.com,dailyexcelsior.com,English
2015-02-23,,http://timesofindia.indiatimes.com/city/chandigarh/Punjab-yet-to-formulate-law-on-groundwater-usage-Study/articleshow/46337327.cms,indiatimes.com,indiatimes.com,English
2015-02-23,,http://www.dailyexcelsior.com/natrang-presents-kavita-ka-chakkar/,dailyexcelsior.com,dailyexcelsior.com,English
2015-02-23,,http://www.newindianexpress.com/states/tamil_nadu/Break-Politics-Edu-Link/2015/02/23/article2682592.ece,newindianexpress.com,newindianexpress.com,English
2015-02-23,,http://economictimes.indiatimes.com/news/politics-and-nation/government-formation-talks-in-jammu-kashmir-reach-final-stages-pdp-unlikely-to-join-narendra-modi-in-delhi/articleshow/46337609.cms,indiatimes.com,indiatimes.com,English
2015-02-23,,http://www.asianage.com/mumbai/patchy-response-bandh-state-406,asianage.com,asianage.com,English
2015-02-23,,http://www.newindianexpress.com/nation/Defence-Expansion-Plan-Gets-Didis-Red-Flag/2015/02/23/article2682634.ece,newindianexpress.com,newindianexpress.com,English
2015-02-23,,http://nation.com.pk/national/23-Feb-2015/imran-warns-of-protests-if-gb-polls-rigged,nation.com.pk,nation.com.pk,English
2015-02-23,,http://www.abplive.in/india/2015/02/23/article509154.ece/Swine-flu-claims-38-more-lives-death-toll-now-812,abplive.in,abplive.in,English
2015-02-23,,http://www.thestatesman.com/news/india/swine-flu-toll-reaches-812/49494.html,thestatesman.com,thestatesman.com,English
2015-02-23,,http://www.dnaindia.com/mumbai/report-bombay-high-court-upholds-life-sentence-of-wife-killer-2063316,dnaindia.com,dnaindia.com,English
2015-02-23,,http://www.travelbizmonitor.com/Coverstory/vision-2015-travel-and-tourism--state-tourism-boards-26691,travelbizmonitor.com,travelbizmonitor.com,English
2015-02-23,,http://www.sify.com/news/state-administration-felicitated-for-rescue-work-during-kashmir-floods-news-national-pcxlaefjegahc.html,sify.com,sify.com,English
2015-02-23,,http://thenorthlines.com/readMore.aspx?nid=34717,thenorthlines.com,thenorthlines.com,English
2015-02-23,,http://post.jagran.com/bandh-in-maharashtra-to-condemn-pansares-murder-rpi-seeks-cbi-probe-1424669239,jagran.com,jagran.com,English
2015-02-23,,http://www.business-standard.com/article/news-ani/state-administration-felicitated-for-rescue-work-during-kashmir-floods-115022300199_1.html,business-standard.com,business-standard.com,English
2015-02-23,,http://www.kashmirlife.net/from-bang-to-boom-issue-49-vol-06-73690/,kashmirlife.net,kashmirlife.net,English
2015-02-23,,http://businesswireindia.com/news/news-details/bfgi-organised-3rd-edition-most-unique-vibrant-annual-international-fe/42733,businesswireindia.com,businesswireindia.com,English
2015-02-23,,http://www.dawn.com/news/1164657/,dawn.com,dawn.com,English
2015-02-23,,http://www.rediff.com/news/special/the-last-village-in-our-arunachal/20150223.htm,rediff.com,rediff.com,English
2015-02-23,,http://theindependentbd.com/index.php?option=com_content&view=article&id=248989:20-partys-72-hr-hartal-enters-2nd-day&catid=187:online-edition&Itemid=223,theindependentbd.com,theindependentbd.com,English
2015-02-23,,http://indiablooms.com/ibns_new/news-details/N/8505/budget-session-begins-with-president-s-address.html,indiablooms.com,indiablooms.com,English
2015-02-23,,http://www.pakwatan.com/pakistan-news.php?id=9415,pakwatan.com,pakwatan.com,English
2015-02-23,,http://www.moneylife.in/business-wire-news/bfgi-organised-the-3rd-edition-of-the-most-unique-and-vibrant-annual-international-fest-of-the-region-vibgyor-15/42733.html,moneylife.in,moneylife.in,English
2015-02-23,,http://www.dawn.com/news/1164657/indias-other-war,dawn.com,dawn.com,English
2015-02-23,,http://www.pakistanherald.com/news/4577/22-february-2015/turncoats-acceptance-negates-imran&apos,pakistanherald.com,pakistanherald.com,English
2015-02-23,,http://www.niticentral.com/2015/02/21/jammu-and-kashmir-may-opt-for-vote-on-account-302936.html,niticentral.com,niticentral.com,English
2015-02-23,,http://www.thestatesman.com/news/opinion/a-budget-for-defence/49528.html,thestatesman.com,thestatesman.com,English
2015-02-23,,http://www.business-standard.com/article/news-ians/jammu-and-kashmir-holds-special-place-for-government-president-115022300380_1.html,business-standard.com,business-standard.com,English
2015-02-23,,http://www.dawn.com/news/1165187/cover-story-other-worlds-troubled-worlds,dawn.com,dawn.com,English
2015-02-23,,http://www.business-standard.com/article/pti-stories/minimum-temp-rise-in-valley-115022300378_1.html,business-standard.com,business-standard.com,English
2015-02-23,,https://en-maktoob.news.yahoo.com/jammu-kashmir-holds-special-place-government-president-073221961.html,yahoo.com,yahoo.com,English
2015-02-23,,http://www.sify.com/news/9-stories-which-the-media-has-underplayed-news-columns-pcxm1wcdfgceh.html,sify.com,sify.com,English
2015-02-23,,http://ibnlive.in.com/news/live-rahul-gandhi-skips-budget-session-sonia-defends-him-says-he-needs-time/530098-37-64.html,in.com,in.com,English
2015-02-23,,http://www.dawn.com/news/1165186/a-writer-should-set-a-story-wherever-the-story-needs-to-be-set-soniah-kamal,dawn.com,dawn.com,English
2015-02-23,,http://www.indiablooms.com/ibns_new/news-details/N/8505/budget-session-begins-with-president-s-address.html,indiablooms.com,indiablooms.com,English
2015-02-23,,http://www.ndtv.com/india-news/president-pranab-mukherjees-address-to-the-joint-session-of-both-houses-of-parliament-full-speech-741652,ndtv.com,ndtv.com,English
2015-02-23,,http://www.ibtimes.co.in/union-budget-2015-inclusive-growth-job-market-expansion-governments-top-priorities-says-624254,ibtimes.co.in,ibtimes.co.in,English
2015-02-23,,http://www.business-standard.com/article/news-ians/swine-flu-toll-rises-to-six-in-kashmir-115022300368_1.html,business-standard.com,business-standard.com,English
2015-02-23,,http://www.dayafterindia.com/demo.php?headline=headline&val_id=31081,dayafterindia.com,dayafterindia.com,English
2015-02-23,,http://www.bssnews.net/newsDetails.php?cat=4&id=473025&date=2015-02-23,bssnews.net,bssnews.net,English
2015-02-23,,http://newamericamedia.org/2015/02/california-ambassadors-help-other-immigrant-elders-get-needed-help.php,newamericamedia.org,newamericamedia.org,English
2015-02-23,,http://www.kashmirlife.net/jk-occupies-a-special-place-in-govt-agenda-president-73767/,kashmirlife.net,kashmirlife.net,English
2015-02-23,,http://indiablooms.com/ibns_new/news-details/N/8512/there-should-be-dialogue-in-democracy-modi-ahead-of-budget-session.html,indiablooms.com,indiablooms.com,English
2015-02-23,,http://www.wkrg.com/story/28173232/ap-photos-editor-selections-from-asia,wkrg.com,wkrg.com,English
2015-02-23,,http://bharatpress.com/2015/02/23/bjp-pdp-government-will-make-no-difference-to-the-kashmiris-syed-ali-shah-geelani/,bharatpress.com,bharatpress.com,English
2015-02-23,,http://wcfcourier.com/news/world/asia/ap-photos-editor-selections-from-asia/article_1112f8fe-3813-5586-960a-7b3ce3f85c39.html,wcfcourier.com,wcfcourier.com,English
2015-02-23,,http://www.daytondailynews.com/ap/ap/top-news/ap-photos-editor-selections-from-asia/nkGz4/,daytondailynews.com,daytondailynews.com,English
2015-02-23,,http://www.newsnation.in/article/70793-full-text-president-pranab-mukherjees-budget-address-joint-session.html,newsnation.in,newsnation.in,English
2015-02-23,,http://cnsnews.com/news/article/ap-photos-editor-selections-asia-0,cnsnews.com,cnsnews.com,English
2015-02-23,,http://www.heraldstandard.com/news/world/asia/ap-photos-editor-selections-from-asia/article_a5505e2c-0fad-5683-afa5-bc0ff9bed612.html,heraldstandard.com,heraldstandard.com,English
2015-02-23,,http://www.daijiworld.com/news/news_disp.asp?n_id=298892,daijiworld.com,daijiworld.com,English
2015-02-23,,http://economictimes.indiatimes.com/news/politics-and-nation/ghulam-nabi-azad-back-as-lop-in-rajya-sabha/articleshow/46342033.cms,indiatimes.com,indiatimes.com,English
2015-02-23,,http://www.deccanchronicle.com/150223/business-latest/article/lpg-consumers-get-cash-subsidy-directly-their-bank-accounts,deccanchronicle.com,deccanchronicle.com,English
2015-02-23,,http://www.pakistantelegraph.com/index.php/sid/230497201,pakistantelegraph.com,pakistantelegraph.com,English
2015-02-23,,http://www.firstpost.com/politics/ghulam-nabi-azad-back-leader-opposition-rajya-sabha-2116217.html,firstpost.com,firstpost.com,English
2015-02-23,,http://readingeagle.com/article/20150223/AP/302239818/1010,readingeagle.com,readingeagle.com,English
2015-02-23,,http://www.kansascity.com/news/nation-world/article10990643.html,kansascity.com,kansascity.com,English
2015-02-23,,http://www.newkerala.com/news/2015/fullnews-22796.html,newkerala.com,newkerala.com,English
2015-02-23,,http://www.omnilogos.com/2015/02/alfalfa.html,omnilogos.com,omnilogos.com,English
2015-02-23,,http://www.thehealthsite.com/news/5-deaths-67-positive-swine-flu-cases-no-shortage-of-medicines-and-testing-kits-wb-official/,thehealthsite.com,thehealthsite.com,English
2015-02-23,,http://reliefweb.int/job/860996/country-finance-manager-pakistan,reliefweb.int,reliefweb.int,English
2015-02-23,,http://deshgujarat.com/2015/02/23/three-govt-bills-on-first-day-of-gujarat-assembly-budget-session/,deshgujarat.com,deshgujarat.com,English
2015-02-23,,http://us.india.com/news/india/president-pranab-mukherjee-direct-benefit-transfer-dbt-scheme-for-lpg-subsidy-biggest-in-the-world-292958/,india.com,india.com,English
2015-02-23,,http://www.firstpost.com/business/other-inventory-led-etailers-are-burning-billions-we-have-no-such-issue-snapdeals-bahl-2116321.html,firstpost.com,firstpost.com,English
2015-02-23,,http://www.dailyamerican.com/news/nation/ap-photos-editor-selections-from-asia/article_79e8ae99-a7ac-5273-8389-47bb61ae08b0.html,dailyamerican.com,dailyamerican.com,English
2015-02-23,,http://www.ianslive.in/index.php?param=category/NATION/index.php?param=news/Swine_flu_toll_rises_to_six_in_Kashmir-467213/NATION/1,ianslive.in,ianslive.in,English
2015-02-23,,http://groundreport.com/veteran-nc-leader-shiekh-nazirs-condition-serious/,groundreport.com,groundreport.com,English
2015-02-23,,http://www.pajhwok.com/en/2015/02/23/hrw-asks-pakistan-stop-forced-refugees%E2%80%99-repatriation,pajhwok.com,pajhwok.com,English
2015-02-23,,http://www.dothaneagle.com/news/ap/world/ap-photos-editor-selections-from-asia/article_d808433e-cad5-544d-b8c6-84d318ca37de.html,dothaneagle.com,dothaneagle.com,English
2015-02-23,,http://www.delhidailynews.com/news/Swine-Flu-outbreak-claims-38-more-lives--death-toll-reaches-812-1424690987/,delhidailynews.com,delhidailynews.com,English
2015-02-23,,http://ibnlive.in.com/news/ram-niwas-goel-elected-speaker-of-delhi-assembly/530186-37-64.html,in.com,in.com,English
2015-02-23,,http://us.india.com/news/delhi/president-pranab-mukherjee-india-largest-growing-economy-promising-future-awaits-us-293205/,india.com,india.com,English
2015-02-23,,http://www.kmsnews.org/news/2015/02/23/aphc-releases-report-on-women-sufferings-in-iok.html,kmsnews.org,kmsnews.org,English
2015-02-23,,http://news.webindia123.com/news/Articles/India/20150223/2542756.html,webindia123.com,webindia123.com,English
2015-02-23,,http://www.bangladeshsun.com/index.php/sid/230497483,bangladeshsun.com,bangladeshsun.com,English
2015-02-23,,http://www.freepressjournal.in/street-art-festival-adds-many-hues-to-delhis-forlorn-walls-with-images/,freepressjournal.in,freepressjournal.in,English
2015-02-23,,http://kashmirreader.com/use-of-rape-as-a-war-weapon-in-kashmir-34881,kashmirreader.com,kashmirreader.com,English
2015-02-23,,http://www.newsandsentinel.com/page/content.detail/id/798188/AP-PHOTOS--Editor-selections-from-Asia.html?isap=1&nav=5074,newsandsentinel.com,newsandsentinel.com,English
2015-02-23,,http://www.firstpost.com/politics/ec-instructs-maha-haryana-jharkhand-j-k-return-cash-seized-polls-2116419.html,firstpost.com,firstpost.com,English
2015-02-23,,http://kashmirreader.com/exams-on-cards-but-bose-remains-headless-34867,kashmirreader.com,kashmirreader.com,English
2015-02-23,,http://www.outlookindia.com/news/article/Telecom-Tariffs-to-Go-Down-As-TRAI-Cuts-Call-Charges/882546,outlookindia.com,outlookindia.com,English
2015-02-23,,http://www.mainemirror.com/index.php/sid/230497659,mainemirror.com,mainemirror.com,English
2015-02-23,,http://www.miningjournal.net/page/content.detail/id/798188/AP-PHOTOS--Editor-selections-from-Asia.html?isap=1&nav=5016,miningjournal.net,miningjournal.net,English
2015-02-23,,http://kashmirreader.com/jamaat-has-right-to-change-policies-whenever-and-wherever-needed-34879,kashmirreader.com,kashmirreader.com,English
2015-02-23,,http://www.thehindubusinessline.com/economy/budget/expect-budget-to-create-conducive-tax-environment-ficci/article6925640.ece,thehindubusinessline.com,thehindubusinessline.com,English
2015-02-23,,https://in.news.yahoo.com/opposition-plays-major-role-says-bandana-kumari-133844242.html,yahoo.com,yahoo.com,English
2015-02-23,,http://www.kashmirlife.net/h1n1-doctors-feel-insecure-who-will-treat-patients-73798/,kashmirlife.net,kashmirlife.net,English
2015-02-23,,http://pamirtimes.net/2015/02/23/cabinet-okays-pak-china-economic-corridor/,pamirtimes.net,pamirtimes.net,English
2015-02-23,,http://www.indiatvnews.com/news/india/19-more-test-positive-for-swine-flu-in-kashmir-47900.html,indiatvnews.com,indiatvnews.com,English
2015-02-23,,http://www.business-standard.com/article/finance/bandhan-to-raise-rs-1-000-cr-by-end-march-through-securitisation-115022300833_1.html,business-standard.com,business-standard.com,English
2015-02-23,,http://www.indiatvnews.com/politics/national/aap-mla-ram-niwas-goel-elected-speaker-of-delhi-assembly-26714.html,indiatvnews.com,indiatvnews.com,English
2015-02-23,,http://post.jagran.com/prepare-master-plan-for-flood-protection-works-parkash-singh-badal-1424698388,jagran.com,jagran.com,English
2015-02-23,,http://timesofindia.indiatimes.com/city/meerut/Krishna-Plaza-exterior-gets-makeover/articleshow/46343417.cms,indiatimes.com,indiatimes.com,English
2015-02-23,,http://www.vietnamtribune.com/index.php/sid/230497659,vietnamtribune.com,vietnamtribune.com,English
2015-02-23,,https://www.opendemocracy.net/opensecurity/hoshang-waziri/is-from-jihadist-ideology-to-jihadist-state,opendemocracy.net,opendemocracy.net,English
2015-02-23,,http://nation.com.pk/international/23-Feb-2015/islamic-state-is-a-politico-military-problem-u-s-defence-secretary,nation.com.pk,nation.com.pk,English
2015-02-23,,https://in.news.yahoo.com/ram-niwas-goyal-appointed-delhi-assembly-speaker-141406870.html,yahoo.com,yahoo.com,English
2015-02-23,,http://www.business-standard.com/article/news-ians/ram-niwas-goyal-appointed-delhi-assembly-speaker-115022301049_1.html,business-standard.com,business-standard.com,English
2015-02-23,,http://www.indileak.com/ram-niwas-goyal-elected-delhi-assembly-speaker/,indileak.com,indileak.com,English
2015-02-23,,http://www.irishsun.com/index.php/sid/230497659,irishsun.com,irishsun.com,English
2015-02-23,,http://www.business-standard.com/article/news-ani/opposition-plays-a-major-role-says-bandana-kumari-115022300994_1.html,business-standard.com,business-standard.com,English
2015-02-23,,http://www.irishsun.com/index.php/sid/230497483,irishsun.com,irishsun.com,English
2015-02-23,,http://post.jagran.com/street-art-festival-adds-many-hues-to-delhis-forlorn-walls-1424701777,jagran.com,jagran.com,English
2015-02-23,,http://www.business-standard.com/article/pti-stories/mehbooba-shah-meeting-tomorrow-govt-in-jk-likely-on-march-1-115022301057_1.html,business-standard.com,business-standard.com,English
2015-02-23,,http://indiatoday.intoday.in/story/ram-niwas-goyal-appointed-delhi-assembly-speaker/1/420577.html,indiatoday.intoday.in,indiatoday.intoday.in,English
2015-02-23,,http://twocircles.net/2015feb23/1424702370.html,twocircles.net,twocircles.net,English
2015-02-23,,http://kashmirwatch.com/humanrights.php/2015/02/23/kashmiri-students-protest-outside-indian-consulate-in-uk.html,kashmirwatch.com,kashmirwatch.com,English
2015-02-23,,http://economictimes.indiatimes.com/news/politics-and-nation/mehbooba-mufti-amit-shah-meeting-tomorrow-govt-in-jammu-and-kashmir-likely-on-march-1/articleshow/46345398.cms,indiatimes.com,indiatimes.com,English
2015-02-23,,http://www.news18.com/latest/news/ram-niwas-goel-elected-speaker-of-delhi-assembly-530186.html,news18.com,news18.com,English
2015-02-23,,http://www.brecorder.com/top-news/1-front-top-news/227133-pti-chief-awards-tickets-for-senate-elections-to-investors-hoti.html,brecorder.com,brecorder.com,English
2015-02-23,,http://www.firstpost.com/politics/jammu-and-kashmir-mehbooba-to-meet-amit-shah-on-tuesday-govt-swearing-in-on-1-march-2117041.html,firstpost.com,firstpost.com,English
2015-02-23,,http://colectivodisenolatinoamerica.blogspot.com/2015/02/india.html,blogspot.com,blogspot.com,English
2015-02-23,,http://www.outlookindia.com/news/article/Bandh-in-Maharashtra-to-Condemn-Pansares-Murder/882400,outlookindia.com,outlookindia.com,English
2015-02-23,,http://www.indiawest.com/news/india/pdp-bjp-reach-deal-to-rule-jammu-kashmir/article_c1c08a86-bb3e-11e4-a77c-fb6f3608e545.html,indiawest.com,indiawest.com,English
2015-02-23,,http://www.thehindubusinessline.com/economy/budget/auto-its-time-for-a-stockspecific-approach/article6925875.ece,thehindubusinessline.com,thehindubusinessline.com,English
2015-02-23,,http://ibnlive.in.com/news/different-languages-spice-up-delhi-assembly-oathtaking/530236-37.html,in.com,in.com,English
2015-02-23,,http://www.dayandnightnews.com/2015/02/badal-to-dedicate-war-heroes-memorial-to-nation-on-aug-15/,dayandnightnews.com,dayandnightnews.com,English
2015-02-23,,http://www.indiawest.com/news/india/diamond-trader-buys-modi-s-bandhgala-for/article_506272b8-bb3f-11e4-a6e4-93bf311626cb.html,indiawest.com,indiawest.com,English
2015-02-23,,http://www.deccanherald.com/content/461623/nowhere-close-being-sadhvi-manisha.html,deccanherald.com,deccanherald.com,English
2015-02-23,,http://www.bd.banglanews24.com/fullnews/bn/107219,banglanews24.com,banglanews24.com,English
2015-02-23,,http://indiaeducationdiary.in/Shownews.asp?newsid=33570,indiaeducationdiary.in,indiaeducationdiary.in,English
2015-02-23,,http://www.dayandnightnews.com/2015/02/omar-mum-over-pdp-bjp-alliance-rahuls-leave/,dayandnightnews.com,dayandnightnews.com,English
2015-02-23,,http://www.bangaloremirror.com/news/india/kashmiri-youths-army/articleshow/46346603.cms,bangaloremirror.com,bangaloremirror.com,English
2015-02-23,,http://www.kashmirobserver.net/news/local-news/jamaat-chief-apologises-inviting-er-rashid,kashmirobserver.net,kashmirobserver.net,English
2015-02-23,,http://www.kashmirobserver.net/news/local-news/burglars-decamp-gold-and-jewelery,kashmirobserver.net,kashmirobserver.net,English
2015-02-23,,"http://www.newageislam.com/islamic-world-news/new-age-islam-news-bureau/over-100,000-manuscripts,-books-burnt-by-isil-across-iraq-s-anbar/d/101659",newageislam.com,newageislam.com,English
2015-02-23,,http://www.kashmirobserver.net/news/regional-news/z-security-1900-cr-shivaji-statue,kashmirobserver.net,kashmirobserver.net,English
2015-02-23,,http://www.kashmirobserver.net/news/city/carrom-championship-begins-islamia-college,kashmirobserver.net,kashmirobserver.net,English
2015-02-23,,http://www.news.va/en/news/first-monument-to-the-martyrs-of-anti-christian-vi,news.va,news.va,English
2015-02-23,,http://www.kashmirobserver.net/news/local-news/kunan-poshpora-tragedy-kashmiri-students-protest-uk,kashmirobserver.net,kashmirobserver.net,English
2015-02-23,,http://www.kashmirobserver.net/news/world-news/death-cuts-short-cyclists-dream-guiness-record,kashmirobserver.net,kashmirobserver.net,English
2015-02-23,,http://www.firstpost.com/politics/jammu-and-kashmir-mehbooba-to-meet-amit-shah-on-tuesday-swearing-in-likely-on-1-march-2117041.html,firstpost.com,firstpost.com,English
2015-02-23,,http://www.kashmirobserver.net/news/regional-news/namaz-yoga-bjp-leader,kashmirobserver.net,kashmirobserver.net,English
2015-02-23,,http://www.kashmirobserver.net/news/letters/kashmiri-womens-resistance-day,kashmirobserver.net,kashmirobserver.net,English
2015-02-23,,http://www.kashmirobserver.net/news/world-news/muslim-fan-crucifies-self-jayalalitha,kashmirobserver.net,kashmirobserver.net,English
2015-02-23,,http://www.kashmirobserver.net/news/opinion/politics-rape-kashmir,kashmirobserver.net,kashmirobserver.net,English
2015-02-23,,http://www.hongkongherald.com/index.php/sid/230497957,hongkongherald.com,hongkongherald.com,English
2015-02-23,,http://www.kashmirobserver.net/news/regional-news/reuters-pak-correspondent-found-dead,kashmirobserver.net,kashmirobserver.net,English
2015-02-23,,http://www.kashmirobserver.net/news/opinion/part-indian-culture,kashmirobserver.net,kashmirobserver.net,English
2015-02-23,,http://www.kashmirobserver.net/news/local-news/kashmiri-womens-resistance-day-2015,kashmirobserver.net,kashmirobserver.net,English
2015-02-23,,http://www.kashmirobserver.net/news/regional-news/rahul-gandhi-takes-break-politics,kashmirobserver.net,kashmirobserver.net,English
2015-02-23,,http://www.newkerala.com/news/2015/fullnews-23094.html,newkerala.com,newkerala.com,English
2015-02-23,,http://thebangladeshtoday.com/news/2015/02/hartal-extended-till-friday/,thebangladeshtoday.com,thebangladeshtoday.com,English
2015-02-23,,http://www.kashmirobserver.net/news/editorial/dialogue-end-malaise-0,kashmirobserver.net,kashmirobserver.net,English
2015-02-23,,http://www.kashmirobserver.net/news/local-news/3-girls-tested-positive-h1n1,kashmirobserver.net,kashmirobserver.net,English
2015-02-23,,http://www.kashmirobserver.net/news/city/missionary-schools-demand-extra-fee-students,kashmirobserver.net,kashmirobserver.net,English
2015-02-23,,http://thebangladeshtoday.com/international/2015/02/cabinet-okays-pak-china-economic-corridor/,thebangladeshtoday.com,thebangladeshtoday.com,English
2015-02-23,,http://www.kashmirobserver.net/news/city/patients-sf-symptoms-accuse-doctors-negligence,kashmirobserver.net,kashmirobserver.net,English
2015-02-23,,http://www.dailykashmirimages.com/news-sheikh-nazir-critical-admitted-to-icu-73276.aspx,dailykashmirimages.com,dailykashmirimages.com,English
2015-02-23,,http://www.dailykashmirimages.com/news-pcb-seeks-clarification-from-moin-khan-over-casino-visit-73257.aspx,dailykashmirimages.com,dailykashmirimages.com,English
2015-02-23,,http://www.dailykashmirimages.com/news-death-for-dissent-and-disbelief-73308.aspx,dailykashmirimages.com,dailykashmirimages.com,English
2015-02-23,,http://www.kashmirmonitor.in/news-pdp-bjp-alliance-to-be-announced-today-79868.aspx,kashmirmonitor.in,kashmirmonitor.in,English
2015-02-23,,http://www.dailykashmirimages.com/news-div-com-inaugurates-weeklong-refresher-course-at-emmrc-73273.aspx,dailykashmirimages.com,dailykashmirimages.com,English
2015-02-23,,http://www.kashmirmonitor.in/news-modi%E2%80%99s-mindset-aims-to-isolate-pakistan-hina-rabbani-79831.aspx,kashmirmonitor.in,kashmirmonitor.in,English
2015-02-23,,http://www.dailykashmirimages.com/news-govt-issues-health-advisory-on-swine-flu-finally-73301.aspx,dailykashmirimages.com,dailykashmirimages.com,English
2015-02-23,,http://www.pakistantoday.com.pk/2015/02/23/national/kasuri-urges-indo-pak-peace-in-larger-interest-of-region/,pakistantoday.com.pk,pakistantoday.com.pk,English
2015-02-23,,http://www.kashmirmonitor.in/news-dont-remember-proteas-being-outplayed-like-this-ganguly-79844.aspx,kashmirmonitor.in,kashmirmonitor.in,English
2015-02-23,,http://www.risingkashmir.com/death-toll-in-india-reaches-833/,risingkashmir.com,risingkashmir.com,English
2015-02-23,,http://www.kashmirmonitor.in/news-akram-issues-warning-for-pakistan-team-79841.aspx,kashmirmonitor.in,kashmirmonitor.in,English
2015-02-23,,http://www.risingkashmir.com/rehabilitation-of-kashmiri-pandits-high-on-goi-agenda-president/,risingkashmir.com,risingkashmir.com,English
2015-02-23,,http://www.newsnation.in/article/70863-pakistan-approves-multi-billion-dollar-economic-corridor-china.html,newsnation.in,newsnation.in,English
2015-02-23,,http://www.dailykashmirimages.com/news-health-officials-should-be-booked-for-criminal-negligence-dak-73300.aspx,dailykashmirimages.com,dailykashmirimages.com,English
2015-02-23,,http://www.geo.tv/article-176108-Balochistan-separatist-leaders-travel-on-Indian-passports-Asif,geo.tv,geo.tv,English
2015-02-23,,http://www.kashmirmonitor.in/news-air-india-leans-on-retired-hostesses-after-crew-shortage-79853.aspx,kashmirmonitor.in,kashmirmonitor.in,English
2015-02-23,,http://www.dailykashmirimages.com/news-reliance-team-visits-ku-73275.aspx,dailykashmirimages.com,dailykashmirimages.com,English
2015-02-23,,http://www.kashmirmonitor.in/news-becoming-what-we-hate-79813.aspx,kashmirmonitor.in,kashmirmonitor.in,English
2015-02-23,,http://www.timesofoman.com/News/47797/India-worlds-fastest-growing-large-economy-future-bright-President,timesofoman.com,timesofoman.com,English
2015-02-23,,http://www.kashmirmonitor.in/news-govt-committed-to-housing-for-all-by-2022-president-79821.aspx,kashmirmonitor.in,kashmirmonitor.in,English
2015-02-23,,http://www.mainstreamweekly.net/article5470.html,mainstreamweekly.net,mainstreamweekly.net,English
2015-02-23,,http://zeenews.india.com/news/india/notions-of-minorities-not-valid-in-indian-context-govt_1551484.html,india.com,india.com,English
2015-02-23,,http://www.kashmirmonitor.in/news-jk-holds-special-place-for-government-president-79864.aspx,kashmirmonitor.in,kashmirmonitor.in,English
2015-02-23,,http://www.kashmirmonitor.in/news-swine-flu-symptoms-prevention-diet-treatment-79838.aspx,kashmirmonitor.in,kashmirmonitor.in,English
2015-02-23,,http://www.dailykashmirimages.com/news-aftermath-of-airstrikes-73310.aspx,dailykashmirimages.com,dailykashmirimages.com,English
2015-02-23,,http://www.kashmirmonitor.in/news-19-more-test-positive-for-swine-flu-79865.aspx,kashmirmonitor.in,kashmirmonitor.in,English
2015-02-23,,http://www.kashmirmonitor.in/news-no-room-for-complacency-act-fast-79809.aspx,kashmirmonitor.in,kashmirmonitor.in,English
2015-02-23,,http://www.risingkashmir.com/kunan-poshpora-case-hc-slams-state-for-dragging-feet-on-compensation-to-victims/,risingkashmir.com,risingkashmir.com,English
2015-02-23,,http://www.dailykashmirimages.com/news-sc-expresses-unhappiness-over-srinivasans-participation-in-bcci-meeting-73256.aspx,dailykashmirimages.com,dailykashmirimages.com,English
2015-02-23,,http://www.kashmirmonitor.in/news-training-cancelled-media-gag-in-place-for-pakistan-team-79843.aspx,kashmirmonitor.in,kashmirmonitor.in,English
2015-02-23,,http://www.financialexpress.com/article/industry/companies/the-not-in-stores-advantage/46601/,financialexpress.com,financialexpress.com,English
2015-02-23,,http://www.kashmirmonitor.in/news-al-shabab-threatens-lone-wolf-attacks-on-western-shopping-malls-79830.aspx,kashmirmonitor.in,kashmirmonitor.in,English
2015-02-23,,http://www.risingkashmir.com/youth-dies-at-smhs-hospital-h1n1-suspected/,risingkashmir.com,risingkashmir.com,English
2015-02-23,,http://www.kashmirmonitor.in/news-anna-launches-protest-to-meet-kejriwal-79822.aspx,kashmirmonitor.in,kashmirmonitor.in,English
2015-02-23,,http://www.kashmirmonitor.in/news-in-1978-similar-disease-killed-many-in-kashmir-79862.aspx,kashmirmonitor.in,kashmirmonitor.in,English
2015-02-23,,http://kashmirreader.com/indira-abdullah-and-feb-24-34887,kashmirreader.com,kashmirreader.com,English
2015-02-23,,http://www.kashmirmonitor.in/news-maharashtra-cm-has-changed-but-system-is-samesena-79820.aspx,kashmirmonitor.in,kashmirmonitor.in,English
2015-02-23,,http://www.dailykashmirimages.com/news-staff-protests-at-cd-hospital-73304.aspx,dailykashmirimages.com,dailykashmirimages.com,English
2015-02-23,,http://www.dailykashmirimages.com/news-victims-pleaded-for-probe-compensation-in-hc-73296.aspx,dailykashmirimages.com,dailykashmirimages.com,English
2015-02-23,,http://www.kashmirmonitor.in/news-flood-hit-kashmiris-await-relief-79861.aspx,kashmirmonitor.in,kashmirmonitor.in,English
2015-02-23,,http://www.kashmirmonitor.in/news-inflation-at-record-low-due-to-decisive-measures-president-79854.aspx,kashmirmonitor.in,kashmirmonitor.in,English
2015-02-23,,http://www.kashmirdispatch.com/health/230229290-follow-these-9-steps-to-ensure-a-healthier-heart.htm,kashmirdispatch.com,kashmirdispatch.com,English
2015-02-23,,http://www.kashmirmonitor.in/news-no-raids-conducted-at-our-offices-reliance-group-79852.aspx,kashmirmonitor.in,kashmirmonitor.in,English
2015-02-23,,http://www.dailykashmirimages.com/news-federer-apologises-for-getting-caught-up-in-pak-india-rivalry-73259.aspx,dailykashmirimages.com,dailykashmirimages.com,English
2015-02-23,,http://www.dailykashmirimages.com/news-jk-occupies-a-%E2%80%98special-place-in-govt-agenda-president-73297.aspx,dailykashmirimages.com,dailykashmirimages.com,English
2015-02-23,,http://www.kashmirmonitor.in/news-death-toll-rises-to-at-least-70-in-bangladesh-ferry-disaster-79832.aspx,kashmirmonitor.in,kashmirmonitor.in,English
2015-02-23,,http://www.dailykashmirimages.com/news-rbi-to-issue-rs-10-denomination-bank-notes-73261.aspx,dailykashmirimages.com,dailykashmirimages.com,English
2015-02-23,,http://www.dailykashmirimages.com/news-practice-cancelled-as-players-sent-to-detention-73258.aspx,dailykashmirimages.com,dailykashmirimages.com,English
2015-02-23,,http://www.kashmirmonitor.in/news-us-arming-israel-with-additional-14-stealth-fighters-79828.aspx,kashmirmonitor.in,kashmirmonitor.in,English
2015-02-23,,http://www.dailykashmirimages.com/news-smhs-hospital-witnesses-unruly-scenes-73306.aspx,dailykashmirimages.com,dailykashmirimages.com,English
2015-02-23,,http://www.westernadvocate.com.au/story/939542/armed-forces-with-unlimited-powers-are-answerable-to-no-one/?cs=4189,westernadvocate.com.au,westernadvocate.com.au,English
2015-02-23,,http://www.indiagazette.com/index.php/sid/230503251,indiagazette.com,indiagazette.com,English
2015-02-23,,http://www.indiagazette.com/index.php/sid/230503279,indiagazette.com,indiagazette.com,English
2015-02-23,,http://www.indiagazette.com/index.php/sid/230503217,indiagazette.com,indiagazette.com,English
2015-02-23,,http://www.newkerala.com/news/2015/fullnews-23157.html,newkerala.com,newkerala.com,English
2015-02-23,,http://www.risingkashmir.com/deceitful-leaders-of-kashmir/,risingkashmir.com,risingkashmir.com,English
2015-02-23,,https://in.newshub.org/india-counters-obama-s-religious-intolerance-jibe-with-facts-and-figures-12332062.html,newshub.org,newshub.org,English
2015-02-23,,http://www.risingkashmir.com/div-com-reviews-preparedness-of-hospitals/,risingkashmir.com,risingkashmir.com,English
2015-02-23,,http://timesofindia.indiatimes.com/India/India-counters-Obamas-religious-intolerance-jibe-with-facts-and-figures/articleshow/46348836.cms,indiatimes.com,indiatimes.com,English
2015-02-23,,http://www.dawn.com/news/1165488/india-our-perennial-problem,dawn.com,dawn.com,English
2015-02-23,,http://www.greaterkashmir.com/news/2015/Feb/24/understanding-politics-2.asp,greaterkashmir.com,greaterkashmir.com,English
2015-02-23,,http://www.torontotelegraph.com/index.php/sid/230497957,torontotelegraph.com,torontotelegraph.com,English
2015-02-23,,http://www.deccanherald.com/content/461702/ap-members-protest-rajya-sabha.html,deccanherald.com,deccanherald.com,English
2015-02-23,,http://www.nyoooz.com/news/raipur/cpwd-buildings-in-state-not-yet-in-centres-solar-power-list/60187.html,nyoooz.com,nyoooz.com,English
2015-02-23,,http://www.sruti.com/index.php?main_page=product_info&products_id=237&zenid=eir9dnsr3ocnmnj0rq6ce4f653,sruti.com,sruti.com,English
2015-02-23,,http://www.risingkashmir.com/salahuddin-pays-tribute-to-let-militants/,risingkashmir.com,risingkashmir.com,English
2015-02-23,,http://www.risingkashmir.com/students-must-be-prepared/,risingkashmir.com,risingkashmir.com,English
2015-02-23,,http://www.risingkashmir.com/lack-of-arrangements-to-check-h1n1-virus-exposed-govt-kcci/,risingkashmir.com,risingkashmir.com,English
2015-02-23,,http://www.risingkashmir.com/after-floods-h1n1-flu-adds-to-misery-of-kashmiris/,risingkashmir.com,risingkashmir.com,English
2015-02-23,,http://www.risingkashmir.com/workshop-on-departmental-and-vigilance-inquiries-held/,risingkashmir.com,risingkashmir.com,English
2015-02-23,,http://www.risingkashmir.com/airtel-settles-insurance-claims-of-21-navratna-retailers/,risingkashmir.com,risingkashmir.com,English
2015-02-23,,http://www.risingkashmir.com/medicos-protest-govts-non-seriousness-to-tackle-swine-flu/,risingkashmir.com,risingkashmir.com,English
2015-02-23,,http://www.risingkashmir.com/govt-downplays-swine-flu-spurt-in-jammu/,risingkashmir.com,risingkashmir.com,English
2015-02-23,,http://www.risingkashmir.com/jammu-railway-police-launches-drive-to-curb-begging/,risingkashmir.com,risingkashmir.com,English
2015-02-23,,http://www.risingkashmir.com/nc-pdp-equally-damaged-kashmir-cause-er-rashid/,risingkashmir.com,risingkashmir.com,English
2015-02-23,,http://dunyanews.tv/index.php/en/World/263317-Pentagon-chief-convenes-counterIS-meeting-lauds-,dunyanews.tv,dunyanews.tv,English
2015-02-23,,http://indianexpress.com/article/india/india-others/over-180-million-muslims-in-india-but-they-are-not-part-of-global-terror-groups-govt/,indianexpress.com,indianexpress.com,English
2015-02-23,,http://www.risingkashmir.com/chemists-profit-from-h1n1-outbreak-sell-masks-at-exorbitant-prices/,risingkashmir.com,risingkashmir.com,English
2015-02-23,,http://www.risingkashmir.com/sheikh-nazir-hospitalised/,risingkashmir.com,risingkashmir.com,English
2015-02-23,,http://www.risingkashmir.com/nowgam-colony-waterlogged-locals-stage-protests/,risingkashmir.com,risingkashmir.com,English
2015-02-23,,http://www.risingkashmir.com/tourism-officials-vandalise-citys-lone-art-gallery/,risingkashmir.com,risingkashmir.com,English
2015-02-23,,http://www.risingkashmir.com/flu-and-treatment/,risingkashmir.com,risingkashmir.com,English
2015-02-23,,http://www.risingkashmir.com/lmd-fines-traders-for-violating-various-acts/,risingkashmir.com,risingkashmir.com,English
2015-02-23,,http://www.risingkashmir.com/we-would-restore-state-institutions-destroyed-by-nc-cong-regime-bjp/,risingkashmir.com,risingkashmir.com,English
2015-02-23,,http://www.risingkashmir.com/faults-in-our-education-system/,risingkashmir.com,risingkashmir.com,English
2015-02-23,,http://www.risingkashmir.com/still-working-with-bjp-to-frame-cmp-mehbooba/,risingkashmir.com,risingkashmir.com,English
2015-02-23,,http://www.risingkashmir.com/19-more-test-positive-for-h1n1-flu-in-kashmir/,risingkashmir.com,risingkashmir.com,English
2015-02-23,,http://www.risingkashmir.com/refresher-course-for-ios-camera-persons-begins/,risingkashmir.com,risingkashmir.com,English
2015-02-23,,http://www.risingkashmir.com/dont-be-govt-propagandists-div-com-tells-info-deptt/,risingkashmir.com,risingkashmir.com,English
2015-02-23,,http://www.risingkashmir.com/humanity-misplaced-where-did-we-lose-it/,risingkashmir.com,risingkashmir.com,English
2015-02-23,,http://www.risingkashmir.com/mlas-elect-apprise-guv-about-issues-concerning-their-constituencies/,risingkashmir.com,risingkashmir.com,English
2015-02-23,,http://www.pakistanchristianpost.com/viewarticles.php?editorialid=2276,pakistanchristianpost.com,pakistanchristianpost.com,English
2015-02-23,,http://www.risingkashmir.com/afspa-repeal-must-be-priority-of-pdp-bjp-coalition-sssc/,risingkashmir.com,risingkashmir.com,English
2015-02-23,,http://www.risingkashmir.com/court-rebukes-police-for-not-arresting-papa-kishtwari-aide/,risingkashmir.com,risingkashmir.com,English
2015-02-23,,http://www.risingkashmir.com/sub-standard-drugs/,risingkashmir.com,risingkashmir.com,English
2015-02-23,,http://www.risingkashmir.com/health-officials-should-be-booked-for-criminal-negligence-dak/,risingkashmir.com,risingkashmir.com,English
2015-02-23,,http://www.thenational.ae/world/south-asia/india-holds-its-breath-as-modi-government-unveils-first-budget,thenational.ae,thenational.ae,English
2015-02-23,,http://kanglaonline.com/2015/02/bioresources-can-play-major-role-in-sustainable-development-of-ne-india/,kanglaonline.com,kanglaonline.com,English
2015-02-24,,http://www.indiagazette.com/index.php/sid/230497885,indiagazette.com,indiagazette.com,English
2015-02-24,,http://www.greaterkashmir.com/news/2015/Feb/24/targeting-livestock-and-poultry-industry-9.asp,greaterkashmir.com,greaterkashmir.com,English
2015-02-24,,http://www.newindianexpress.com/states/tamil_nadu/Priests-Village-Celebrates-in-Joy/2015/02/24/article2684234.ece,newindianexpress.com,newindianexpress.com,English
2015-02-24,,http://www.newindianexpress.com/states/kerala/Valakom-Case-It-Was-a-Road-Accident-Claims-CBI/2015/02/24/article2684072.ece,newindianexpress.com,newindianexpress.com,English
2015-02-24,,http://www.newindianexpress.com/nation/India-Shows-the-World-Path-to-Counter-Extremism/2015/02/24/article2684314.ece,newindianexpress.com,newindianexpress.com,English
2015-02-24,,http://www.newindianexpress.com/nation/Presidential-Speech-Sets-Poor-Mans-Hopes-High/2015/02/24/article2684290.ece,newindianexpress.com,newindianexpress.com,English
2015-02-24,,http://zeenews.india.com/news/jammu-and-kashmir/bjp-pdp-presidents-likely-to-seal-jk-government-formation-deal-today_1551530.html,india.com,india.com,English
2015-02-24,,http://m.indiatvnews.com/politics/national/amit-shah-mehbooba-mufti-to-seal-jk-government-formation-deal-26733.html,indiatvnews.com,indiatvnews.com,English
2015-02-24,,http://www.sruti.com/index.php?main_page=product_info&products_id=234&zenid=svcvlsafvce30c4ovo744if2o0,sruti.com,sruti.com,English
2015-02-24,,http://bhaktabandhav.com/?p=30291,bhaktabandhav.com,bhaktabandhav.com,English
2015-02-24,,http://www.bangaloremirror.com/bangalore/others/endowment-seer/articleshow/46348608.cms,bangaloremirror.com,bangaloremirror.com,English
2015-02-24,,http://www.indiatvnews.com/politics/national/amit-shah-mehbooba-mufti-to-seal-jk-government-formation-deal--26733.html,indiatvnews.com,indiatvnews.com,English
2015-02-24,,http://www.firstpost.com/world/modi-govt-hits-back-obama-lists-indias-pro-active-steps-integrate-minorities-2117733.html,firstpost.com,firstpost.com,English
2015-02-24,,http://www.morungexpress.com/national/128755.html,morungexpress.com,morungexpress.com,English
2015-02-24,,http://dc.asianage.com/delhi/ram-niwas-goel-new-speaker-bandana-kumari-his-deputy-470,asianage.com,asianage.com,English
2015-02-24,,http://www.sruti.com/index.php?main_page=product_info&products_id=247&zenid=mmvpsn5qronlc24anb8dbmvi85,sruti.com,sruti.com,English
2015-02-24,,https://in.newshub.org/bjp-to-launch-agitation-in-uttar-pradesh-india-latest-india-news-get-free-india-com-e-12353075.html,newshub.org,newshub.org,English
2015-02-24,,http://www.hindustantimes.com/chandigarh/parkash-singh-badal-to-dedicate-war-heroes-memorial-on-aug-15/article1-1319951.aspx,hindustantimes.com,hindustantimes.com,English
2015-02-24,,http://news.statetimes.in/43886/,news.statetimes.in,news.statetimes.in,English
2015-02-24,,http://www.bssnews.net/newsDetails.php?cat=10&id=473266&date=2015-02-24,bssnews.net,bssnews.net,English
2015-02-24,,http://zeenews.india.com/news/jammu-and-kashmir/veteran-nc-leader-omar-abdullahs-uncle-dies_1551548.html,india.com,india.com,English
2015-02-24,,http://us.india.com/news/india/live-news-breaking-headlines-bjp-to-launch-agitation-in-uttar-pradesh-293938/,india.com,india.com,English
2015-02-24,,http://www.kashmirdispatch.com/headlines/240229294-veteran-nc-leader-omar-abdullah-s-uncle-dies.htm,kashmirdispatch.com,kashmirdispatch.com,English
2015-02-24,,http://kashmirreader.com/12-percent-kashmiri-women-victims-of-sexual-violence-34940,kashmirreader.com,kashmirreader.com,English
2015-02-24,,http://indiatoday.intoday.in/story/mehbooba-mufti-amit-shah-peoples-democratic-party-bjp-jammu-kashmir/1/420621.html,indiatoday.intoday.in,indiatoday.intoday.in,English
2015-02-24,,http://www.newsnation.in/article/70876-pdp-bjp-coalition-govt-jk-swornin-march-1.html,newsnation.in,newsnation.in,English
2015-02-24,,http://dalje.com/en-world/pakistani-tvsoap-operas-a-hit-with-indian-viewers/537782,dalje.com,dalje.com,English
2015-02-24,,http://www.financialexpress.com/article/pharma/market-pharma/asia-pharma-expo-completes-12-highly-successful-years-as-catalyst-for-the-growth-of-the-south-asian-pharmaceutical-industry/46698/,financialexpress.com,financialexpress.com,English
2015-02-24,,http://www.dailyexcelsior.com/employment-february-24-2015/,dailyexcelsior.com,dailyexcelsior.com,English
2015-02-24,,http://www.bellevision.com/belle/index.php?action=topnews&type=12145,bellevision.com,bellevision.com,English
2015-02-24,,http://www.indiawaterportal.org/articles/karnataka-government-exposed-yettinahole-project,indiawaterportal.org,indiawaterportal.org,English
2015-02-24,,http://www.thehealthsite.com/news/jk-witnesses-huge-number-of-positive-cases-of-swine-flu/,thehealthsite.com,thehealthsite.com,English
2015-02-24,,http://www.hindustantimes.com/india-news/j-k-govt-formation-mehbooba-shah-to-meet-today-may-seal-common-agenda/article1-1320017.aspx,hindustantimes.com,hindustantimes.com,English
2015-02-24,,http://www.patnadaily.com/index.php/news/10480-togadia-demands-implementation-of-anti-conversion-law.html,patnadaily.com,patnadaily.com,English
2015-02-24,,http://www.vishwagujarat.com/gujarat/live-gujarat-budget-2015-16/,vishwagujarat.com,vishwagujarat.com,English
2015-02-24,,http://www.kashmirlife.net/h1n1-unmasking-market-crisis-management-73815/,kashmirlife.net,kashmirlife.net,English
2015-02-24,,http://www.siasat.com/english/news/india-largest-growing-economy-promising-future-awaits-us-president-mukherjee,siasat.com,siasat.com,English
2015-02-24,,http://www.dailyexcelsior.com/nc-veteran-sheikh-nazir-dies/,dailyexcelsior.com,dailyexcelsior.com,English
2015-02-24,,http://us.india.com/news/india/rains-lash-srinagar-downpour-predicted-for-next-two-days-294193/,india.com,india.com,English
2015-02-24,,http://timesofindia.indiatimes.com/budget-2015/union-budget-2015/Highlights-of-Union-Budget-2014/edushow/38115864.cms,indiatimes.com,indiatimes.com,English
2015-02-24,,http://economictimes.indiatimes.com/news/politics-and-nation/rains-lash-valley-downpour-predicted-for-next-two-days/articleshow/46353196.cms,indiatimes.com,indiatimes.com,English
2015-02-24,,http://www.kashmirmonitor.in/news-nc-patron-sheikh-nazir-passes-away-79870.aspx,kashmirmonitor.in,kashmirmonitor.in,English
2015-02-24,,http://www.business-standard.com/article/pti-stories/rich-luxurious-food-now-with-a-green-label-115022400174_1.html,business-standard.com,business-standard.com,English
2015-02-24,,http://www.firstpost.com/politics/no-guarantees-bjp-pdp-caves-afspa-article-370-form-jk-govt-2118293.html,firstpost.com,firstpost.com,English
2015-02-24,,http://www.kmsnews.org/news/2015/02/24/impartial-probe-into-kunanposhpora-tragedy-demanded.html,kmsnews.org,kmsnews.org,English
2015-02-24,,http://www.clickittefaq.com/in-the-news/ghulam-azam-case-dismissed-supreme-court/,clickittefaq.com,clickittefaq.com,English
2015-02-24,,http://www.thehindubusinessline.com/economy/policy/govt-mulls-direct-subsidy-to-farmers-for-fertilisers/article6928914.ece,thehindubusinessline.com,thehindubusinessline.com,English
2015-02-24,,http://www.ptinews.com/news/5724639_JK-militants-getting-funds-through-Hawala--Govt.html,ptinews.com,ptinews.com,English
2015-02-24,,http://www.thedailystar.net/hartal-extended-till-6am-friday-66427,thedailystar.net,thedailystar.net,English
2015-02-24,,http://gulfnews.com/opinions/letters/letters-february-25-2015-1.1461796,gulfnews.com,gulfnews.com,English
2015-02-24,,http://www.mizonews.net/nation/mufti-sayeed-to-be-sworn-in-jammu-and-kashmir-cm-march-1/,mizonews.net,mizonews.net,English
2015-02-24,,http://colombogazette.com/2015/02/24/kala-pola-2015-concludes-with-highest-visitor-turnout-and-sales/,colombogazette.com,colombogazette.com,English
2015-02-24,,http://www.siliconindia.com/news/general/Notions-Of-Minorities-Not-Valid-In-India-Govt-Delegation-At-US-Summit-nid-179297-cid-1.html,siliconindia.com,siliconindia.com,English
2015-02-24,,http://www.sahilonline.org/newsDetails.php?cid=3&nid=30877,sahilonline.org,sahilonline.org,English
2015-02-24,,http://zeenews.india.com/news/jammu-and-kashmir/jk-militants-getting-funds-through-hawala-govt_1551760.html,india.com,india.com,English
2015-02-24,,http://www.firstpost.com/politics/mufti-mohammad-sayeed-sworn-jammu-kashmir-cm-1-march-2118905.html,firstpost.com,firstpost.com,English
2015-02-24,,http://www.outlookindia.com/news/article/JK-Militants-Getting-Funds-Through-Hawala-Govt/882704,outlookindia.com,outlookindia.com,English
2015-02-24,,http://www.4-traders.com/JAMMU--KASHMIR-BANK-LIMI-19777579/news/Jammu--Kashmir-Bank--96th-JK-SLBC-convened-With-others-far-behind-JK-Bank-lead-lender-in-JK-S-19920209/,4-traders.com,4-traders.com,English
2015-02-24,,http://www.pakistantelegraph.com/index.php/sid/230523009,pakistantelegraph.com,pakistantelegraph.com,English
2015-02-24,,http://www.ptinews.com/news/5724700_Pak-violated-border-ceasefire-685-times-in-nbsp-8-months-.html,ptinews.com,ptinews.com,English
2015-02-24,,http://www.bbc.com/news/world-south-asia-12557390,bbc.com,bbc.com,English
2015-02-24,,http://economictimes.indiatimes.com/news/politics-and-nation/congress-mulling-poll-alliance-with-aiudf/articleshow/46355262.cms,indiatimes.com,indiatimes.com,English
2015-02-24,,http://chennaionline.com//Bollywood/Cine-Buzz/20155224045232/Neil-Motwani-to-create-madness-on-Uff-With-Images-TV-Snippets.col,chennaionline.com,chennaionline.com,English
2015-02-24,,http://timesofindia.indiatimes.com/budget-2015/rail-budget-2015/Jamshedpur-hopeful-of-lions-share-from-railway-budget/articleshow/46355347.cms,indiatimes.com,indiatimes.com,English
2015-02-24,,http://www.business-standard.com/article/news-ani/j-k-govt-formation-significant-headway-between-bjp-pdp-says-jitendra-singh-115022400657_1.html,business-standard.com,business-standard.com,English
2015-02-24,,http://daijiworld.com/news/news_disp.asp?n_id=299243,daijiworld.com,daijiworld.com,English
2015-02-24,,http://www.bignewsnetwork.com/index.php/sid/230530137,bignewsnetwork.com,bignewsnetwork.com,English
2015-02-24,,http://www.business-standard.com/article/news-ians/neil-motwani-to-create-madness-on-uff-tv-snippets-115022400624_1.html,business-standard.com,business-standard.com,English
2015-02-24,,http://www.business-standard.com/article/pti-stories/sugar-prices-rule-steady-in-thin-trade-115022400480_1.html,business-standard.com,business-standard.com,English
2015-02-24,,http://indianexpress.com/article/india/india-others/pakistan-violated-border-ceasefire-685-times-in-eight-months/,indianexpress.com,indianexpress.com,English
2015-02-24,,http://www.kmsnews.org/news/2015/02/24/kashmiris-are-not-safe-in-any-part-of-india-jksm.html,kmsnews.org,kmsnews.org,English
2015-02-24,,https://in.news.yahoo.com/j-k-govt-formation-significant-headway-between-bjp-102722119.html,yahoo.com,yahoo.com,English
2015-02-24,,http://m.indiatvnews.com/politics/national/mufti-mohammad-sayeed-likely-to-take-oath-as-jk-cm-on-march-1-26743.html,indiatvnews.com,indiatvnews.com,English
2015-02-24,,http://www.huffingtonpost.in/2015/02/24/pakistan-ceasefire_n_6741672.html,huffingtonpost.in,huffingtonpost.in,English
2015-02-24,,http://www.business-standard.com/article/news-cm/rs-2265-38-crore-approvals-provided-for-drugs-under-nhm-for-fy-2014-15-up-to-december-2014-115022400601_1.html,business-standard.com,business-standard.com,English
2015-02-24,,http://www.business-standard.com/article/news-ians/moderate-to-heavy-snowfall-forecast-in-kashmir-valley-115022400425_1.html,business-standard.com,business-standard.com,English
2015-02-24,,http://www.pakistantelegraph.com/index.php/sid/230524059,pakistantelegraph.com,pakistantelegraph.com,English
2015-02-24,,http://www.kmsnews.org/news/2015/02/24/indias-policy-in-iok-to-have-strong-repercussions.html,kmsnews.org,kmsnews.org,English
2015-02-24,,http://www.kmsnews.org/news/2015/02/24/yfk-demands-un-probe-into-iok-gang-rape-incident.html,kmsnews.org,kmsnews.org,English
2015-02-24,,http://www.dailyexcelsior.com/suspend-officers-involved-in-vandalising-only-art-gallery-in-jk-omar/,dailyexcelsior.com,dailyexcelsior.com,English
2015-02-24,,http://www.business-standard.com/article/pti-stories/between-june-14-and-jan-this-year-j-k-saw-685-ceasefire-115022400806_1.html,business-standard.com,business-standard.com,English
2015-02-24,,http://timesofindia.indiatimes.com/india/Mehbooba-Mufti-meets-Amit-Shah-BJP-PDP-formally-announce-alliance-in-JK/articleshow/46356294.cms,indiatimes.com,indiatimes.com,English
2015-02-24,,http://www.newindianexpress.com/nation/Mufti-Sayeed-to-be-Sworn-in-Jammu-and-Kashmir-CM-March-1/2015/02/24/article2684905.ece,newindianexpress.com,newindianexpress.com,English
2015-02-24,,http://www.newindianexpress.com/nation/Pakistan-Violated-Border-Ceasefire-685-Times-in-Eight-Months/2015/02/24/article2684908.ece,newindianexpress.com,newindianexpress.com,English
2015-02-24,,http://aninews.in/newsdetail2/story205298/amit-shah-meets-mehbooba-mufti-over-govt-formation-in-j-k.html,aninews.in,aninews.in,English
2015-02-24,,http://www.indiainfoline.com/article/news-top-story/14th-finance-commission-states-must-become-self-sufficient-says-govt-115022400494_1.html,indiainfoline.com,indiainfoline.com,English
2015-02-24,,http://odishasamaya.com/news/foreign-secretary-visit-pak-march,odishasamaya.com,odishasamaya.com,English
2015-02-24,,http://www.chron.com/news/world/article/India-s-ruling-party-Kashmir-party-to-form-state-6098079.php,chron.com,chron.com,English
2015-02-24,,http://indianexpress.com/article/india/politics/pdp-bjp-announce-alliance-to-form-government-in-jk/,indianexpress.com,indianexpress.com,English
2015-02-24,,http://www.hindustantimes.com/india-news/j-k-to-have-bjp-pdp-govt-as-mehbooba-shah-finalise-common-minimum-programme/article1-1320177.aspx,hindustantimes.com,hindustantimes.com,English
2015-02-24,,http://www.oneindia.com/india/between-june-14-jan-this-year-j-k-saw-685-ceasefire-1664230.html,oneindia.com,oneindia.com,English
2015-02-24,,http://www.business-standard.com/article/news-cm/the-storage-capacity-available-with-fci-and-state-agencies-is-711-16-lakh-tons-against-the-stock-position-of-355-60-lakh-ton-as-on-31-january-2015-115022400921_1.html,business-standard.com,business-standard.com,English
2015-02-24,,http://www.newsx.com/national/item/33972-latest-news-india-live-news-jammu-and-kashmir-two-months-after-polls-bjp-pdp-announce-coalition-government,newsx.com,newsx.com,English
2015-02-24,,http://www.sruti.com/index.php?main_page=product_info&products_id=247&zenid=o016h825090v8jklau4rgoru23,sruti.com,sruti.com,English
2015-02-24,,https://in.newshub.org/encounter-on-between-security-forces-militants-in-shopian-12384612.html,newshub.org,newshub.org,English
2015-02-24,,http://indiatoday.intoday.in/story/pakistan-ceasefire-violations-loc-jammu-and-kashmir-manohar-parrikar/1/420744.html,indiatoday.intoday.in,indiatoday.intoday.in,English
2015-02-24,,http://www.business-standard.com/article/news-cm/asian-lng-prices-likely-to-fall-emea-oil-firms-exposed-fitch-ratings-115022400920_1.html,business-standard.com,business-standard.com,English
2015-02-24,,http://www.asianewsnet.net/home/Those-wanting-confrontation-with-India-are-no-frie-72064.html,asianewsnet.net,asianewsnet.net,English
2015-02-24,,http://www.outlookindia.com/news/article/BJPPDP-Govt-Finalised-in-JK-With-Final-Touches-to-CMP/882750,outlookindia.com,outlookindia.com,English
2015-02-24,,http://www.dailyexcelsior.com/differences-over-art-370-afspa-ironed-out-mufti/,dailyexcelsior.com,dailyexcelsior.com,English
2015-02-24,,http://www.dhakatribune.com/bangladesh/2015/feb/24/hartal-extended-another-48-hours,dhakatribune.com,dhakatribune.com,English
2015-02-24,,http://archivev.asianage.com/delhi/ram-niwas-goel-new-speaker-bandana-kumari-his-deputy-470,asianage.com,asianage.com,English
2015-02-24,,http://english.manoramaonline.com/news/politics/mufti-sayeed-to-be-sworn-in-as-kashmir-cm-on-march-1.html,manoramaonline.com,manoramaonline.com,English
2015-02-24,,http://www.outlookindia.com/news/article/Differences-Over-Article-370-AFSPA-Ironed-Out-Mufti/882753,outlookindia.com,outlookindia.com,English
2015-02-24,,http://economictimes.indiatimes.com/news/politics-and-nation/jk-government-formation-decisive-headway-in-talks-with-pdp-says-bjp/articleshow/46357203.cms,indiatimes.com,indiatimes.com,English
2015-02-24,,http://us.india.com/news/india/mufti-mohammad-sayeed-to-be-sworn-in-jammu-and-kashmir-chief-minister-on-march-1-294388/,india.com,india.com,English
2015-02-24,,http://indianexpress.com/article/india/india-others/differences-over-article-370-afspa-ironed-out-mufti-mohammad-sayeed/,indianexpress.com,indianexpress.com,English
2015-02-24,,http://www.southeastasiapost.com/index.php/sid/230523009,southeastasiapost.com,southeastasiapost.com,English
2015-02-24,,http://www.firstpost.com/politics/understanding-to-form-jk-govt-pdp-bends-on-key-planks-to-join-hands-with-bjp-2118293.html,firstpost.com,firstpost.com,English
2015-02-24,,http://www.dailyexcelsior.com/j-k-to-have-bjp-pdp-govt-as-mehbooba-shah-finalise-cmp/,dailyexcelsior.com,dailyexcelsior.com,English
2015-02-24,,http://www.newkerala.com/news/2015/fullnews-23416.html,newkerala.com,newkerala.com,English
2015-02-24,,http://www.khaleejtimes.com/kt-article-display-1.asp?xfile=data/international/2015/February/international_February568.xml&section=international,khaleejtimes.com,khaleejtimes.com,English
2015-02-24,,http://www.reuters.com/article/2015/02/24/us-india-kashmir-idUSKBN0LS1A420150224,reuters.com,reuters.com,English
2015-02-24,,http://readingeagle.com/ap/article/indias-ruling-party-kashmir-party-to-form-state-government,readingeagle.com,readingeagle.com,English
2015-02-24,,http://www.mizonews.net/nation/foreign-secretary-to-visit-pakistan-in-march/,mizonews.net,mizonews.net,English
2015-02-24,,http://www.dnd.com.pk/two-murder-convicts-executed-in-ajk/,dnd.com.pk,dnd.com.pk,English
2015-02-24,,http://www.newindianexpress.com/nation/BJP-PDP-Formally-Announce-Alliance-to-Form-Government-in-J-K/2015/02/24/article2684964.ece,newindianexpress.com,newindianexpress.com,English
2015-02-24,,http://www.ibtimes.co.in/pdp-bjp-form-coalition-government-jk-mufti-mohammad-become-cm-624443,ibtimes.co.in,ibtimes.co.in,English
2015-02-24,,http://www.bssnews.net/newsDetails.php?cat=0&id=473326&date=2015-02-24,bssnews.net,bssnews.net,English
2015-02-24,,http://www.business-standard.com/article/pti-stories/four-jk-health-deptt-officials-booked-for-embezzling-funds-115022401079_1.html,business-standard.com,business-standard.com,English
2015-02-24,,http://www.theverge.com/2015/2/24/8098921/microsoft-band-virtual-keyboard-hands-on,theverge.com,theverge.com,English
2015-02-24,,http://beatricedailysun.com/news/world/asia/india-s-ruling-party-kashmir-party-to-form-state-government/article_cbf6665b-2a19-564e-ada7-8ab30b4c38be.html,beatricedailysun.com,beatricedailysun.com,English
2015-02-24,,http://www.dnd.com.pk/indian-constitution-and-kashmir/,dnd.com.pk,dnd.com.pk,English
2015-02-24,,http://www.bssnews.net/newsDetails.php?cat=0&id=473436&date=2015-02-24,bssnews.net,bssnews.net,English
2015-02-24,,http://fchornet.com/headlines/srinagar-india-new-indias-ruling-bharatiya-janata-h648881.html,fchornet.com,fchornet.com,English
2015-02-24,,http://asiancorrespondent.com/130889/india-bjp-kashmir-party-to-form-state-government/,asiancorrespondent.com,asiancorrespondent.com,English
2015-02-24,,http://www.newkerala.com/news/2015/fullnews-23433.html,newkerala.com,newkerala.com,English
2015-02-24,,http://www.ianslive.in/index.php?param=news/BJP_PDP_government_in_Jammu_and_Kashmir_soon_Amit_Shah-467396/TopStory/30,ianslive.in,ianslive.in,English
2015-02-24,,http://www.business-standard.com/article/pti-stories/dalit-youth-cremated-amid-tight-security-115022401072_1.html,business-standard.com,business-standard.com,English
2015-02-24,,http://www.espncricinfo.com/ranji-trophy-2014-15/content/story/838055.html,espncricinfo.com,espncricinfo.com,English
2015-02-24,,http://www.ctpost.com/news/world/article/India-s-ruling-party-Kashmir-party-to-form-state-6098079.php,ctpost.com,ctpost.com,English
2015-02-24,,http://www.deccanherald.com/content/461769/modi-accepts-finance-commissions-record.html,deccanherald.com,deccanherald.com,English
2015-02-24,,http://www.dnd.com.pk/activists-like-jibran-nasir-are-criminal-people/,dnd.com.pk,dnd.com.pk,English
2015-02-24,,http://www.dnd.com.pk/kashmir-solidarity-day-pakistanis-vow-unflinching-support/,dnd.com.pk,dnd.com.pk,English
2015-02-24,,http://www.newkerala.com/news/2015/fullnews-23410.html,newkerala.com,newkerala.com,English
2015-02-24,,http://www.firstpost.com/politics/pdp-bends-on-afspa-article-370-to-reach-consensus-with-bjp-for-jk-govt-2118293.html,firstpost.com,firstpost.com,English
2015-02-24,,http://www.dailyexcelsior.com/mercury-up-in-northern-plains-rain-in-hills-of-kashmir-hp/,dailyexcelsior.com,dailyexcelsior.com,English
2015-02-24,,http://www.globalpost.com/dispatch/news/xinhua-news-agency/150224/indias-ruling-bjp-agrees-form-coalition-govt-local-party-ind,globalpost.com,globalpost.com,English
2015-02-24,,http://www.bignewsnetwork.com/index.php/sid/230530557,bignewsnetwork.com,bignewsnetwork.com,English
2015-02-24,,http://www.globalpost.com/dispatch/news/xinhua-news-agency/150224/gunfight-between-militants-troops-erupts-indian-controlled-k,globalpost.com,globalpost.com,English
2015-02-24,,http://economictimes.indiatimes.com/news/politics-and-nation/15-ips-officers-assigned-new-duties-in-major-reshuffle-in-chhattisgarh/articleshow/46358628.cms,indiatimes.com,indiatimes.com,English
2015-02-24,,http://www.dnaindia.com/india/report-mohan-bhagwat-will-hold-the-strings-of-a-bjp-pdp-government-in-jammu-kashmir-congress-2063830,dnaindia.com,dnaindia.com,English
2015-02-24,,http://twocircles.net/2015feb24/1424786360.html,twocircles.net,twocircles.net,English
2015-02-24,,http://www.gulf-times.com/india/185/details/428354/india&apos,gulf-times.com,gulf-times.com,English
2015-02-24,,http://www.newkerala.com/news/2015/fullnews-23243.html,newkerala.com,newkerala.com,English
2015-02-24,,http://twocircles.net/2015feb24/1424777482.html,twocircles.net,twocircles.net,English
2015-02-24,,http://tribune.com.pk/story/843475/bjp-to-form-coalition-in-indian-kashmir/,tribune.com.pk,tribune.com.pk,English
2015-02-24,,http://www.dailyexcelsior.com/bjp-pdp-formally-announce-alliance-to-form-govt-in-j-k/,dailyexcelsior.com,dailyexcelsior.com,English
2015-02-24,,http://twocircles.net/2015feb24/1424787189.html,twocircles.net,twocircles.net,English
2015-02-24,,https://en-maktoob.news.yahoo.com/farmer-leaders-meet-rajnath-over-land-acquisition-ordinance-144029440.html,yahoo.com,yahoo.com,English
2015-02-24,,http://ibnlive.in.com/news/jk-to-have-bjppdp-government-as-mehbooba-shah-finalise-common-minimum-program/530427-37.html,in.com,in.com,English
2015-02-24,,http://www.kashmirlife.net/mufti-chose-communal-party-for-power-azad-73853/,kashmirlife.net,kashmirlife.net,English
2015-02-24,,http://www.firstpost.com/india/resuming-ties-foreign-secretary-jaishankar-travel-pakistan-next-week-2119543.html,firstpost.com,firstpost.com,English
2015-02-24,,http://www.business-standard.com/article/pti-stories/foreign-secretary-jaishankar-to-travel-to-pakistan-next-week-115022401340_1.html,business-standard.com,business-standard.com,English
2015-02-24,,http://www.thehindubusinessline.com/economy/policy/r-s-passes-bill-to-ease-eviction-from-public-land/article6929638.ece,thehindubusinessline.com,thehindubusinessline.com,English
2015-02-24,,http://in.reuters.com/article/2015/02/24/india-kashmir-politics-idINL4N0VY2X920150224,reuters.com,reuters.com,English
2015-02-24,,http://www.sify.com/news/congress-challenges-pdp-bjp-to-form-stable-govt-in-j-k-news-national-pcytJegbhbdhh.html,sify.com,sify.com,English
2015-02-24,,http://bdnews24.com/bangladesh/2015/02/24/photojournalist-mir-mohiuddin-sohan-dies-at-55,bdnews24.com,bdnews24.com,English
2015-02-24,,http://www.kntvnews.in/himachal-hopes-get-funds-rail-budget/,kntvnews.in,kntvnews.in,English
2015-02-24,,http://www.dnaindia.com/world/report-foreign-secretary-s-jaishankar-to-travel-to-pakistan-next-week-2063856,dnaindia.com,dnaindia.com,English
2015-02-24,,http://www.bangladeshsun.com/index.php/sid/230530557,bangladeshsun.com,bangladeshsun.com,English
2015-02-24,,http://businesstoday.intoday.in/story/pm-modi-accepts-finance-commission-hike-in-states-share-in-taxes/1/216096.html,businesstoday.intoday.in,businesstoday.intoday.in,English
2015-02-24,,http://www.ibtimes.co.in/tv/the-road-infrastructure-of-pok-deteriorating-day-by-day-34859,ibtimes.co.in,ibtimes.co.in,English
2015-02-24,,http://www.business-standard.com/article/pti-stories/police-solves-rajouri-s-minor-boy-murder-case-115022401437_1.html,business-standard.com,business-standard.com,English
2015-02-24,,http://www.pakistantoday.com.pk/2015/02/24/national/indian-foreign-secretary-to-visit-pakistan-in-march/,pakistantoday.com.pk,pakistantoday.com.pk,English
2015-02-24,,http://www.scoopnews.in/det.aspx?q=44809,scoopnews.in,scoopnews.in,English
2015-02-24,,http://www.business-standard.com/article/news-ians/bjp-pdp-to-form-kashmir-government-mufti-to-be-cm-march-1-roundup-115022401449_1.html,business-standard.com,business-standard.com,English
2015-02-24,,http://defence.pk/threads/is-pakistan%E2%80%99s-war-on-terror-out-of-time.361105/,defence.pk,defence.pk,English
2015-02-24,,http://www.wspd.com/articles/national-news-104668/isis-kidnaps-70-christians-13283474/,wspd.com,wspd.com,English
2015-02-24,,http://www.wtag.com/articles/national-news-104668/isis-kidnaps-70-christians-13283474/,wtag.com,wtag.com,English
2015-02-24,,http://economictimes.indiatimes.com/news/politics-and-nation/rss-chief-would-hold-strings-of-jk-government-congress/articleshow/46359805.cms,indiatimes.com,indiatimes.com,English
2015-02-24,,http://www.wtag.com/articles/national-news-104668/isis-kidnaps-70-christians-13283474,wtag.com,wtag.com,English
2015-02-24,,http://zeenews.india.com/news/india/amarnath-yatra-registration-to-commence-from-march_1552049.html,india.com,india.com,English
2015-02-24,,http://zeenews.india.com/news/west-bengal/west-bengal-four-persons-suspected-to-have-militant-links-arrested_1552046.html,india.com,india.com,English
2015-02-24,,http://www.business-standard.com/article/pti-stories/j-k-govt-releases-over-200-cr-under-various-schemes-official-115022401382_1.html,business-standard.com,business-standard.com,English
2015-02-24,,http://www.pakistantoday.com.pk/2015/02/24/foreign/bjp-to-form-coalition-govt-in-ihk/,pakistantoday.com.pk,pakistantoday.com.pk,English
2015-02-24,,https://en-maktoob.news.yahoo.com/bjp-pdp-form-kashmir-government-mufti-cm-march-163227205.html,yahoo.com,yahoo.com,English
2015-02-24,,http://www.malaysiasun.com/index.php/sid/230530557,malaysiasun.com,malaysiasun.com,English
2015-02-24,,http://thedailynewnation.com/news/44183/photojournalist-mir-mohiuddin-sohan-dies-at-55.html,thedailynewnation.com,thedailynewnation.com,English
2015-02-24,,http://www.thefrontierpost.com/article/245260//,thefrontierpost.com,thefrontierpost.com,English
2015-02-24,,http://thebangladeshtoday.com/news/2015/02/sharing-correct-history-with-new-generations-abroad-emphasized/,thebangladeshtoday.com,thebangladeshtoday.com,English
2015-02-24,,http://thebangladeshtoday.com/national/2015/02/20-party-extends-hartal-again-by-48-hrs-countrywide-demo-thursday/,thebangladeshtoday.com,thebangladeshtoday.com,English
2015-02-24,,http://www.woodradio.com/articles/national-news-104668/isis-kidnaps-70-christians-13283474,woodradio.com,woodradio.com,English
2015-02-24,,http://www.943wsc.com/articles/national-news-104668/isis-kidnaps-70-christians-13283474,943wsc.com,943wsc.com,English
2015-02-24,,http://www.sruti.com/index.php?main_page=product_info&products_id=234&zenid=6p5eiqtorg477psjon0v01ut50,sruti.com,sruti.com,English
2015-02-24,,http://www.wspd.com/articles/national-news-104668/isis-kidnaps-70-christians-13283474,wspd.com,wspd.com,English
2015-02-24,,http://www.newkerala.com/news/2015/fullnews-23561.html,newkerala.com,newkerala.com,English
2015-02-24,,http://www.hindustantimes.com/india-news/bjp-has-role-in-governing-kashmir-for-first-time/article1-1320264.aspx,hindustantimes.com,hindustantimes.com,English
2015-02-24,,http://www.thehindubusinessline.com/economy/budget/banks-seek-steps-to-make-fds-attractive/article6929735.ece,thehindubusinessline.com,thehindubusinessline.com,English
2015-02-24,,http://www.tkbsen.in/2015/02/bjp-to-govern-kashmir-for-first-time/,tkbsen.in,tkbsen.in,English
2015-02-24,,http://www.newkerala.com/news/2015/fullnews-23624.html,newkerala.com,newkerala.com,English
2015-02-24,,http://www.newkerala.com/news/2015/fullnews-23599.html,newkerala.com,newkerala.com,English
2015-02-24,,http://www.newstalk1230.com/articles/national-news-104668/isis-kidnaps-70-christians-13283474,newstalk1230.com,newstalk1230.com,English
2015-02-24,,http://nripress.com/fw-mea-reaches-out-on-facebook-q-andampamp-a/,nripress.com,nripress.com,English
2015-02-24,,http://www.wjbo.com/articles/national-news-104668/isis-kidnaps-70-christians-13283474,wjbo.com,wjbo.com,English
2015-02-24,,http://www.business-standard.com/article/pti-stories/fake-encounter-court-rejects-ex-dsp-parmar-s-discharge-plea-115022401522_1.html,business-standard.com,business-standard.com,English
2015-02-24,,http://www.newkerala.com/news/2015/fullnews-23608.html,newkerala.com,newkerala.com,English
2015-02-24,,http://www.newkerala.com/news/2015/fullnews-23613.html,newkerala.com,newkerala.com,English
2015-02-24,,http://www.daijiworld.com/news/news_disp.asp?n_id=299392,daijiworld.com,daijiworld.com,English
2015-02-24,,http://news.webindia123.com/news/Articles/India/20150224/2543666.html,webindia123.com,webindia123.com,English
2015-02-24,,http://www.indiagazette.com/index.php/sid/230536107,indiagazette.com,indiagazette.com,English
2015-02-24,,http://www.ktrh.com/articles/national-news-104668/isis-kidnaps-70-christians-13283474,ktrh.com,ktrh.com,English
2015-02-24,,http://www.business-standard.com/article/news-ians/fw-mea-reaches-out-on-facebook-q-a-115022401507_1.html,business-standard.com,business-standard.com,English
2015-02-24,,http://twocircles.net/2015feb24/1424792519.html,twocircles.net,twocircles.net,English
2015-02-24,,http://www.indiagazette.com/index.php/sid/230536105,indiagazette.com,indiagazette.com,English
2015-02-24,,http://www.b101.com/articles/national-news-104668/isis-kidnaps-70-christians-13283474,b101.com,b101.com,English
2015-02-24,,http://www.indiagazette.com/index.php/sid/230536155,indiagazette.com,indiagazette.com,English
2015-02-24,,http://economictimes.indiatimes.com/news/politics-and-nation/fake-encounter-court-rejects-ex-dsp-m-l-parmars-discharge-plea/articleshow/46361209.cms,indiatimes.com,indiatimes.com,English
2015-02-24,,http://www.kxic.com/articles/national-news-104668/isis-kidnaps-70-christians-13283474,kxic.com,kxic.com,English
2015-02-24,,http://www.dailykashmirimages.com/news-jk-to-have-bjp-pdp-govt-its-official-now-73358.aspx,dailykashmirimages.com,dailykashmirimages.com,English
2015-02-24,,http://www.risingkashmir.com/west-pak-refugees-stage-demo-demand-citizenship/,risingkashmir.com,risingkashmir.com,English
2015-02-24,,http://www.timesofoman.com/News/47866/BJP-PDP-announce-alliance-for-new-government-in-J-K,timesofoman.com,timesofoman.com,English
2015-02-24,,http://www.kashmirmonitor.in/news-india-our-perennial-problem-79875.aspx,kashmirmonitor.in,kashmirmonitor.in,English
2015-02-24,,http://www.risingkashmir.com/biscoe-students-protest-against-extra-fee-order/,risingkashmir.com,risingkashmir.com,English
2015-02-24,,http://www.risingkashmir.com/commr-secy-edu-reviews-measures-taken-for-controlling-swine-flu/,risingkashmir.com,risingkashmir.com,English
2015-02-24,,http://www.kashmirmonitor.in/news-did-leaked-documents-reach-pakistan-china-79883.aspx,kashmirmonitor.in,kashmirmonitor.in,English
2015-02-24,,http://www.dailykashmirimages.com/news-indian-fs-to-travel-to-pakistan-next-month-73355.aspx,dailykashmirimages.com,dailykashmirimages.com,English
2015-02-24,,http://www.risingkashmir.com/end-of-an-era-ncs-nationalist-voice-sheikh-nazir-passes-away/,risingkashmir.com,risingkashmir.com,English
2015-02-24,,http://www.sify.com/news/bjp-pdp-to-form-kashmir-government-mufti-to-be-cm-march-1-news-others-pcywuyaehiacd.html,sify.com,sify.com,English
2015-02-24,,http://www.dailykashmirimages.com/news-nc-veteran-sheikh-nazir-dies-death-widely-condoled-73353.aspx,dailykashmirimages.com,dailykashmirimages.com,English
2015-02-24,,http://kashmirreader.com/muftis-self-rule-is-an-extension-and-elaboration-of-1998-livingston-proposal-34994,kashmirreader.com,kashmirreader.com,English
2015-02-24,,http://www.dailymail.co.uk/wires/afp/article-2967286/Indias-ruling-party-form-coalition-Indian-Kashmir.html,dailymail.co.uk,dailymail.co.uk,English
2015-02-24,,http://www.dailykashmirimages.com/news-%E2%80%98pak-violated-border-ceasefire-685-times-in-eight-months-73354.aspx,dailykashmirimages.com,dailykashmirimages.com,English
2015-02-24,,http://www.kashmirmonitor.in/news-sheikh-nazir-passes-away-79938.aspx,kashmirmonitor.in,kashmirmonitor.in,English
2015-02-24,,http://www.kashmirmonitor.in/news-fugitive-bangladesh-ex-lawmaker-sentenced-to-life-for-war-crimes-79898.aspx,kashmirmonitor.in,kashmirmonitor.in,English
2015-02-24,,http://www.dailykashmirimages.com/news-are-pandits-bigger-sufferers-than-victims-of-kunan-poshpora-er-rashid-asks-president-73320.aspx,dailykashmirimages.com,dailykashmirimages.com,English
2015-02-24,,http://www.dailykashmirimages.com/news-jk-militants-getting-funds-through-hawala-govt-73342.aspx,dailykashmirimages.com,dailykashmirimages.com,English
2015-02-24,,http://timesofindia.indiatimes.com/city/kolkata/A-rose-and-free-auto-ride-for-examinees/articleshow/46361596.cms,indiatimes.com,indiatimes.com,English
2015-02-24,,http://www.risingkashmir.com/he-was-the-son-of-soil-inqilabi/,risingkashmir.com,risingkashmir.com,English
2015-02-24,,http://www.livemint.com/Opinion/hzak9GHb7RGqVy7IqiWb1I/Finance-Commission-report-NDA-resets-the-federal-polity.html,livemint.com,livemint.com,English
2015-02-24,,http://www.kashmirmonitor.in/news-snow-rains-in-next-48-hours-79937.aspx,kashmirmonitor.in,kashmirmonitor.in,English
2015-02-24,,http://www.risingkashmir.com/gois-poor-response-to-kashmir-floods-negates-presidents-address-tarigami/,risingkashmir.com,risingkashmir.com,English
2015-02-24,,http://www.kashmirmonitor.in/news-pakistan-has-stake-in-afghan-peace-process-us-79896.aspx,kashmirmonitor.in,kashmirmonitor.in,English
2015-02-24,,http://www.kashmirmonitor.in/news-the-twain-shall-meet-mehbooba-amit-shah-seal-deal-79939.aspx,kashmirmonitor.in,kashmirmonitor.in,English
2015-02-24,,http://www.kashmirmonitor.in/news-moin-khans-fate-hangs-in-the-balance-79911.aspx,kashmirmonitor.in,kashmirmonitor.in,English
2015-02-24,,http://www.dailykashmirimages.com/news-differences-over-art-370-afspa-ironed-out-mufti-73357.aspx,dailykashmirimages.com,dailykashmirimages.com,English
2015-02-24,,http://www.risingkashmir.com/on-death-bed-sad-nazir-craved-for-final-kashmir-settlement/,risingkashmir.com,risingkashmir.com,English
2015-02-24,,http://www.sify.com/news/foreign-secretary-to-travel-to-pakistan-on-march-3-news-national-pcywuggbfbaic.html,sify.com,sify.com,English
2015-02-24,,http://www.kashmirmonitor.in/news-russia-talks-up-chances-of-iran-nuclear-deal-79895.aspx,kashmirmonitor.in,kashmirmonitor.in,English
2015-02-24,,http://www.sify.com/news/mea-reaches-out-on-facebook-qa-news-others-pcyxaqhbdeeji.html,sify.com,sify.com,English
2015-02-24,,http://www.dailykashmirimages.com/news-union-ministry-of-health-rushes-supply-of-masks-ppe-kits-and-vtm-vials-to-state-73336.aspx,dailykashmirimages.com,dailykashmirimages.com,English
2015-02-24,,http://www.risingkashmir.com/differences-over-art-370-afspa-ironed-out-mufti/,risingkashmir.com,risingkashmir.com,English
2015-02-24,,http://www.kashmirmonitor.in/news-jk-saw-685-ceasefire-violations-79930.aspx,kashmirmonitor.in,kashmirmonitor.in,English
2015-02-24,,http://www.dailykashmirimages.com/news-commrsecy-education-reviews-measures-taken-for-swine-flu-73317.aspx,dailykashmirimages.com,dailykashmirimages.com,English
2015-02-24,,http://www.dailykashmirimages.com/news-timeline-on-pakistan-world-cup-turmoil-73339.aspx,dailykashmirimages.com,dailykashmirimages.com,English
2015-02-24,,http://www.kashmirmonitor.in/news-aap%E2%80%99s-spectacular-win-79872.aspx,kashmirmonitor.in,kashmirmonitor.in,English
2015-02-24,,http://www.dailykashmirimages.com/news-moin-khan-ordered-back-from-australia-73340.aspx,dailykashmirimages.com,dailykashmirimages.com,English
2015-02-24,,http://www.thehindu.com/news/national/bjppdp-govt-all-eyes-on-cmp/article6929916.ece,thehindu.com,thehindu.com,English
2015-02-24,,http://www.news18.com/latest/news/karnataka-host-mumbai-in-ranji-trophy-semis-530462.html,news18.com,news18.com,English
2015-02-24,,http://www.risingkashmir.com/kashmiri-militants-getting-funds-through-hawala-govt/,risingkashmir.com,risingkashmir.com,English
2015-02-24,,http://www.kashmirmonitor.in/news-sc-questions-n-srinivasan-for-attending-bcci-meeting-79910.aspx,kashmirmonitor.in,kashmirmonitor.in,English
2015-02-24,,http://www.kashmirmonitor.in/news-1-more-swine-flu-death-15-test-positive-79931.aspx,kashmirmonitor.in,kashmirmonitor.in,English
2015-02-24,,http://www.northjersey.com/news/led-zeppelin-revisits-and-offers-insight-into-album-40-years-later-1.1276747,northjersey.com,northjersey.com,English
2015-02-24,,http://www.kashmirmonitor.in/news-investors-await-outcome-of-initiatives-taken-by-modi-us-envoy-79921.aspx,kashmirmonitor.in,kashmirmonitor.in,English
2015-02-24,,http://www.dailykashmirimages.com/news-one-more-person-dies-of-swine-flu-in-valley-73351.aspx,dailykashmirimages.com,dailykashmirimages.com,English
2015-02-24,,http://www.risingkashmir.com/i-am-a-kashmiri-not-indian-sheikh-nazir/,risingkashmir.com,risingkashmir.com,English
2015-02-24,,http://www.kashmirmonitor.in/news-ashwin-jadeja-have-proved-critics-wrong-kohli-79909.aspx,kashmirmonitor.in,kashmirmonitor.in,English
2015-02-24,,http://www.dailykashmirimages.com/news-undertrial-dies-of-heart-attack-in-jammu-73330.aspx,dailykashmirimages.com,dailykashmirimages.com,English
2015-02-24,,http://www.hindustantimes.com/india-news/foes-turn-friends-claim-deal-will-benefit-valley/article1-1320304.aspx,hindustantimes.com,hindustantimes.com,English
2015-02-24,,http://www.kashmirmonitor.in/news-ice-storm-slams-texas-causing-more-than-1300-flight-cancellations-79897.aspx,kashmirmonitor.in,kashmirmonitor.in,English
2015-02-24,,http://www.risingkashmir.com/undertrial-dies-of-heart-attack/,risingkashmir.com,risingkashmir.com,English
2015-02-24,,http://www.pakistantelegraph.com/index.php/sid/230530481,pakistantelegraph.com,pakistantelegraph.com,English
2015-02-24,,http://www.coastaldigest.com/index.php/top-stories/73050-j-k-to-have-bjp-pdp-govt-as-mehbooba-shah-finalise-cmp,coastaldigest.com,coastaldigest.com,English
2015-02-24,,http://www.wrno.com/articles/national-news-104668/isis-kidnaps-70-christians-13283474,wrno.com,wrno.com,English
2015-02-24,,http://www.bignewsnetwork.com/index.php/sid/230542321,bignewsnetwork.com,bignewsnetwork.com,English
2015-02-24,,http://www.bignewsnetwork.com/index.php/sid/230542301,bignewsnetwork.com,bignewsnetwork.com,English
2015-02-24,,http://www.deccanherald.com/content/461871/karnataka-brace-up-mumbai-test.html,deccanherald.com,deccanherald.com,English
2015-02-24,,http://www.chinanationalnews.com/index.php/sid/230530557,chinanationalnews.com,chinanationalnews.com,English
2015-02-24,,http://www.kashmirmonitor.in/news-jharkhand-to-earn-rs-14k-cr-in-coal-royalties-79918.aspx,kashmirmonitor.in,kashmirmonitor.in,English
2015-02-24,,http://www.790waeb.com/articles/national-news-104668/isis-kidnaps-70-christians-13283474,790waeb.com,790waeb.com,English
2015-02-24,,http://www.greaterkashmir.com/news/2015/Feb/25/jamia-millia-holds-seminar-on-kunan-poshpora-incident-55.asp,greaterkashmir.com,greaterkashmir.com,English
2015-02-24,,http://ftnnews.com/accommodation/26418-courtyard-by-marriott-opens-in-agra.html,ftnnews.com,ftnnews.com,English
2015-02-24,,http://www.business-standard.com/article/economy-policy/finance-panel-spreads-cheer-among-states-115022500065_1.html,business-standard.com,business-standard.com,English
2015-02-24,,http://www.irishexaminer.com/examviral/fun-times/see-35-breathtaking-pictures-shortlisted-for-the-sony-world-photography-awards-314377.html,irishexaminer.com,irishexaminer.com,English
2015-02-24,,http://www.itworld.com/article/2887997/will-the-ubuntu-phone-succeed.html,itworld.com,itworld.com,English
2015-02-24,,http://www.dhakatribune.com/bangladesh/2015/feb/25/hartal-extended-two-more-days,dhakatribune.com,dhakatribune.com,English
2015-02-24,,http://www.dhakatribune.com/politics/2015/feb/25/jubo-dal-and-jamaat-leaders-held-firebombs,dhakatribune.com,dhakatribune.com,English
2015-02-24,,http://www.kashmirmonitor.in/news-brain-goes-silent-when-we-talk-loud-79902.aspx,kashmirmonitor.in,kashmirmonitor.in,English
2015-02-24,,https://au.news.yahoo.com/thewest/business/world/a/26424236/yellen-rate-hike-coming-but-not-before-june/,yahoo.com,yahoo.com,English
2015-02-24,,http://www.sify.com/news/states-revenue-share-to-be-raised-to-record-levels-news-others-pcyuu1icdadjf.html,sify.com,sify.com,English
2015-02-24,,http://www.asianage.com/india/pdp-bjp-seal-jammu-and-kashmir-deal-790,asianage.com,asianage.com,English
2015-02-24,,http://www.pakistantoday.com.pk/2015/02/25/national/govt-filling-in-the-blanks-for-nap/,pakistantoday.com.pk,pakistantoday.com.pk,English
2015-02-24,,https://uk.finance.yahoo.com/news/yellen-rate-hike-coming-not-150829346.html,yahoo.com,yahoo.com,English
2015-02-24,,http://www.nyoooz.com/news/indore/excise-department-constable-in-indore-is-worth-rs-5-crores-lokayukta-raid-reveal-huge-assets/60834.html,nyoooz.com,nyoooz.com,English
2015-02-24,,https://in.newshub.org/sayeed-likely-to-sworn-in-as-cm-on-sunday-the-times-of-india-12421520.html,newshub.org,newshub.org,English
2015-02-24,,http://www.bdlive.co.za/world/americas/2015/02/24/feds-yellen-paves-way-to-raise-rates-this-year,bdlive.co.za,bdlive.co.za,English
2015-02-24,,http://www.irishsun.com/index.php/sid/230542321,irishsun.com,irishsun.com,English
2015-02-24,,http://www.theshillongtimes.com/2015/02/25/j-k-to-have-bjp-pdp-govt-as-mehbooba-shah-finalise-cmp/,theshillongtimes.com,theshillongtimes.com,English
2015-02-24,,http://timesofindia.indiatimes.com/india/Pakistan-violated-border-ceasefire-685-times-in-eight-months-says-government/articleshow/46362942.cms,indiatimes.com,indiatimes.com,English
2015-02-25,,http://www.dailymail.co.uk/indiahome/indianews/article-2967487/Why-J-K-needs-PDP-BJP-government.html,dailymail.co.uk,dailymail.co.uk,English
2015-02-25,,http://www.dnaindia.com/analysis/column-much-ado-about-nothing-2063878,dnaindia.com,dnaindia.com,English
2015-02-25,,http://thejakartaglobe.beritasatu.com/international/indias-ruling-bjp-party-role-governing-kashmir-first-time/,beritasatu.com,beritasatu.com,English
2015-02-25,,http://www.seacoastonline.com/article/20150224/NEWS/150229529/101143/NEWS,seacoastonline.com,seacoastonline.com,English
2015-02-25,,http://www.telegraphindia.com/1150225/jsp/northeast/story_5394.jsp,telegraphindia.com,telegraphindia.com,English
2015-02-25,,http://www.dailytimes.com.pk/national/25-Feb-2015/pm-coas-discuss-anti-terror-operation-idps-return,dailytimes.com.pk,dailytimes.com.pk,English
2015-02-25,,http://indiankanoon.org/doc/127531478/,indiankanoon.org,indiankanoon.org,English
2015-02-25,,http://www.bssnews.net/newsDetails.php?cat=0&id=473477&date=2015-02-24,bssnews.net,bssnews.net,English
2015-02-25,,http://www.dnaindia.com/india/report-new-jammu-and-kashmir-government-likely-to-take-oath-on-march-1-2063930,dnaindia.com,dnaindia.com,English
2015-02-25,,http://www.newindianexpress.com/nation/Govt-Clueless-about-Rehab-on-Border/2015/02/25/article2685724.ece,newindianexpress.com,newindianexpress.com,English
2015-02-25,,http://www.southeastasiapost.com/index.php/sid/230530481,southeastasiapost.com,southeastasiapost.com,English
2015-02-25,,http://www.newindianexpress.com/nation/PDP-BJP-Govt-may-Take-Oath-on-Sunday/2015/02/25/article2685782.ece,newindianexpress.com,newindianexpress.com,English
2015-02-25,,http://www.dailytimes.com.pk/national/25-Feb-2015/kashmiris-join-insurgency-against-india-at-highest-rate-in-two-decades,dailytimes.com.pk,dailytimes.com.pk,English
2015-02-25,,http://www.newindianexpress.com/states/odisha/CM-Nod-for-VSSUT-Land/2015/02/25/article2685906.ece,newindianexpress.com,newindianexpress.com,English
2015-02-25,,http://indiankanoon.org/doc/95066552/,indiankanoon.org,indiankanoon.org,English
2015-02-25,,http://indiatoday.intoday.in/story/finance-commission-union-taxes-chief-ministers-arun-jaitley-arvind-panagariya-rbi-yv-reddy-narendra-modi/1/420777.html,indiatoday.intoday.in,indiatoday.intoday.in,English
2015-02-25,,https://in.newshub.org/wheat-field-day-celebrated-12431267.html,newshub.org,newshub.org,English
2015-02-25,,http://www.pakistantelegraph.com/index.php/sid/230547099,pakistantelegraph.com,pakistantelegraph.com,English
2015-02-25,,http://www.dawn.com/news/1165641/bjp-to-form-coalition-government-in-kashmir,dawn.com,dawn.com,English
2015-02-25,,http://timesofindia.indiatimes.com/india/Centre-will-now-have-to-give-a-lot-more-of-its-tax-money-to-states/articleshow/46363720.cms,indiatimes.com,indiatimes.com,English
2015-02-25,,http://nation.com.pk/national/25-Feb-2015/pm-coas-discuss-way-forward,nation.com.pk,nation.com.pk,English
2015-02-25,,http://timesofindia.indiatimes.com/city/patna/Help-collect-power-bills-Bihar-CS-tells-DMs/articleshow/46364045.cms,indiatimes.com,indiatimes.com,English
2015-02-25,,http://www.deccanchronicle.com/150225/nation-current-affairs/article/differences-over-article-370-afspa-ironed-out-says-mufti,deccanchronicle.com,deccanchronicle.com,English
2015-02-25,,http://www.dawn.com/news/1165751/modis-party-to-be-part-of-kashmir-coalition-govt,dawn.com,dawn.com,English
2015-02-25,,http://www.newindianexpress.com/nation/PDP-BJP-Government-May-Take-Oath-on-Sunday/2015/02/25/article2685782.ece,newindianexpress.com,newindianexpress.com,English
2015-02-25,,http://nation.com.pk/islamabad/25-Feb-2015/too-much-on-paper-too-less-in-practice,nation.com.pk,nation.com.pk,English
2015-02-25,,http://businesstoday.intoday.in/story/share-of-states-in-central-taxes-raised-to-42-percent/1/216105.html,businesstoday.intoday.in,businesstoday.intoday.in,English
2015-02-25,,https://in.news.yahoo.com/swine-flu-toll-rises-seven-kashmir-030005103.html,yahoo.com,yahoo.com,English
2015-02-25,,http://nareshkumarsagar.blogspot.com/2015/02/union-budget-likely-to-be-mix-bag-of.html,blogspot.com,blogspot.com,English
2015-02-25,,http://us.india.com/news/india/h1n1-swine-flu-toll-rises-to-seven-in-jammu-and-kashmir-295115/,india.com,india.com,English
2015-02-25,,http://www.in.com/news/current-affairs/jammu-and-kashmir-hizbul-militant-killed-in-gunfight-in-shopian-district-53124183-in-1.html,in.com,in.com,English
2015-02-25,,http://www.indiagazette.com/index.php/sid/230552959,indiagazette.com,indiagazette.com,English
2015-02-25,,http://www.travelbizmonitor.com/Top-Stories/india-tourism-north-office-partners-with-irctc--dmrc-to-educate-tourists-26699,travelbizmonitor.com,travelbizmonitor.com,English
2015-02-25,,http://www.mid-day.com/articles/swine-flu-toll-rises-to-seven-in-kashmir/16016191,mid-day.com,mid-day.com,English
2015-02-25,,http://indiatoday.intoday.in/story/kashmir-gunfight-militant-killed-shopian-hizbul-mujahideen/1/420793.html,indiatoday.intoday.in,indiatoday.intoday.in,English
2015-02-25,,http://www.greaterkashmir.com/news/2015/Feb/25/center-sends-1000-masks-ppe-kits-vtm-vials-34.asp,greaterkashmir.com,greaterkashmir.com,English
2015-02-25,,http://nation.com.pk/islamabad/25-Feb-2015/senate-na-sessions-summoned,nation.com.pk,nation.com.pk,English
2015-02-25,,http://in.reuters.com/article/2015/02/25/markets-india-fxdebt-idINL4N0VY2HB20150225,reuters.com,reuters.com,English
2015-02-25,,http://www.sruti.com/index.php?main_page=product_info&products_id=103&zenid=lb0d0ei3prj2u4s0dd6d8hnh54,sruti.com,sruti.com,English
2015-02-25,,http://www.oneindia.com/international/world-response-to-armed-groups-shameful-amnesty-1665002.html,oneindia.com,oneindia.com,English
2015-02-25,,http://www.hindustantimes.com/india-news/elation-confidence-and-doubt-what-bjp-pdp-cong-camps-said-after-j-k-deal/article1-1320348.aspx,hindustantimes.com,hindustantimes.com,English
2015-02-25,,http://www.deccanherald.com/content/461935/jaishankars-saarc-yatra-sunday-pak.html,deccanherald.com,deccanherald.com,English
2015-02-25,,http://www.mid-day.com/articles/save-aarey-tree-of-life-at-risk-of-being-axed-for-mumbai-metro-iii/16012167,mid-day.com,mid-day.com,English
2015-02-25,,http://www.niticentral.com/2015/02/25/mizoram-mnf-calls-for-12-hour-state-wide-bandh-today-303523.html,niticentral.com,niticentral.com,English
2015-02-25,,http://www.kmsnews.org/news/2015/02/25/india-flayed-for-its-war-crimes-in-occupied-kashmir.html,kmsnews.org,kmsnews.org,English
2015-02-25,,http://theindependentbd.com/index.php?option=com_content&view=article&id=249220:20-partys-120-hr-hartal-underway&catid=187:online-edition&Itemid=223,theindependentbd.com,theindependentbd.com,English
2015-02-25,,http://www.thehindu.com/news/national/other-states/two-militants-killed-in-shopian-district-of-jk/article6931969.ece,thehindu.com,thehindu.com,English
2015-02-25,,http://www.mid-day.com/articles/save-aarey-goregaon-residents-fight-to-preserve-their-green-haven/16016171,mid-day.com,mid-day.com,English
2015-02-25,,http://www.news18.com/latest/news/kashmiris-join-insurgency-against-india-at-highest-rate-in-two-decades-530497.html,news18.com,news18.com,English
2015-02-25,,http://www.vishwagujarat.com/india/2-terrorists-killed-in-shopian-district-of-jk/,vishwagujarat.com,vishwagujarat.com,English
2015-02-25,,http://www.centralchronicle.com/bjp-pdp-reach-agreement-on-govt-formation-in-jk.html,centralchronicle.com,centralchronicle.com,English
2015-02-25,,http://www.dnaindia.com/india/report-foreign-secretary-jaishankar-to-begin-saarc-yatra-with-visit-to-bhutan-in-pakistan-on-march-3-2063984,dnaindia.com,dnaindia.com,English
2015-02-25,,https://in.newshub.org/swine-flu-claims-800-lives-across-india-sec-144-invoked-12445803.html,newshub.org,newshub.org,English
2015-02-25,,http://www.in.com/news/current-affairs/foreign-secretary-s-jaishankar-to-go-on-saarc-yatra-will-resume-indopak-talks-on-3-march-53124259-in-1.html,in.com,in.com,English
2015-02-25,,http://www.azernews.az/azerbaijan/78141.html,azernews.az,azernews.az,English
2015-02-25,,http://www.news18.com/latest/news/swine-flu-claims-800-lives-across-india-ahmedabad-prohibits-mass-gatherings-530509.html,news18.com,news18.com,English
2015-02-25,,http://www.news18.com/latest/news/jammu-and-kashmir-2-terrorists-killed-in-an-encounter-in-shopian-district-530514.html,news18.com,news18.com,English
2015-02-25,,http://www.vishwagujarat.com/gujarat/gujarat-cm-anandiben-patel-welcomes-budget-2015-16/,vishwagujarat.com,vishwagujarat.com,English
2015-02-25,,http://www.newkerala.com/news/2015/fullnews-23662.html,newkerala.com,newkerala.com,English
2015-02-25,,http://www.vishwagujarat.com/india/swine-flu-toll-rises-to-seven-in-kashmir/,vishwagujarat.com,vishwagujarat.com,English
2015-02-25,,http://www.vishwagujarat.com/politics/congress-challenges-pdp-and-bjp-to-form-stable-govt-in-jammu-and-kashmir/,vishwagujarat.com,vishwagujarat.com,English
2015-02-25,,http://www.business-standard.com/article/news-ani/foreign-secretary-jaishankar-to-visit-pak-on-march-3-115022500371_1.html,business-standard.com,business-standard.com,English
2015-02-25,,https://www.techinasia.com/industrybuying-ecommerce-india/,techinasia.com,techinasia.com,English
2015-02-25,,http://www.thenewsteller.com/pakistan/indian-foreign-secretary-to-visit-pakistan-on-march-03/9189/,thenewsteller.com,thenewsteller.com,English
2015-02-25,,http://www.dhakatribune.com/politics/2015/feb/25/court-orders-tarique-appear-it,dhakatribune.com,dhakatribune.com,English
2015-02-25,,http://today.az/news/entertainment/138874.html,today.az,today.az,English
2015-02-25,,http://www.newageislam.com/current-affairs/vijaita-singh/over-180-million-muslims-in-india-but-they-are-not-part-of-global-terror-groups--govt/d/101678,newageislam.com,newageislam.com,English
2015-02-25,,http://www.globalpost.com/dispatch/news/afp/150225/top-indian-official-visit-pakistan-after-soured-relations,globalpost.com,globalpost.com,English
2015-02-25,,http://www.thestatesman.com/news/world/jaishankar-s-saarc-yatra-from-sunday/49834.html,thestatesman.com,thestatesman.com,English
2015-02-25,,http://www.newsnation.in/article/71010-no-proposal-delete-article-370-govt.html,newsnation.in,newsnation.in,English
2015-02-25,,"http://www.newageislam.com/islamic-world-news/over-100,000-manuscripts,-books-burnt-by-isil-across-iraq-s-anbar/d/101659",newageislam.com,newageislam.com,English
2015-02-25,,http://www.dailykashmirimages.com/news-secrecy-and-information-theft-73361.aspx,dailykashmirimages.com,dailykashmirimages.com,English
2015-02-25,,http://www.pakistantoday.com.pk/2015/02/25/national/indian-foreign-secretary-to-arrive-on-march-3/,pakistantoday.com.pk,pakistantoday.com.pk,English
2015-02-25,,http://www.business-standard.com/article/pti-stories/no-proposal-to-delete-article-370-govt-115022500465_1.html,business-standard.com,business-standard.com,English
2015-02-25,,http://www.dailykashmirimages.com/news-how-to-tell-lies-like-the-truth-73364.aspx,dailykashmirimages.com,dailykashmirimages.com,English
2015-02-25,,http://www.dawn.com/news/1165836/how-big-is-indian-publishing-really,dawn.com,dawn.com,English
2015-02-25,,http://www.ianslive.in/index.php?param=news/One_militant_killed_in_Kashmir_gunfight-467437/LatestNews/31,ianslive.in,ianslive.in,English
2015-02-25,,http://www.ianslive.in/index.php?param=news/Swine_flu_toll_rises_to_seven_in_Kashmir-467436/TopStory/30,ianslive.in,ianslive.in,English
2015-02-25,,http://www.kashmirdispatch.com/headlines/250229306-swine-flu-toll-rises-to-seven-in-kashmir.htm,kashmirdispatch.com,kashmirdispatch.com,English
2015-02-25,,http://www.financialexpress.com/article/miscellaneous/no-proposal-to-delete-article-370-government/47275/,financialexpress.com,financialexpress.com,English
2015-02-25,,http://www.hindustantimes.com/india-news/no-proposal-to-delete-article-370-government/article1-1320448.aspx,hindustantimes.com,hindustantimes.com,English
2015-02-25,,http://hiindialive.com/swine-flu-toll-rises-to-seven-in-kashmir/,hiindialive.com,hiindialive.com,English
2015-02-25,,http://www.oneindia.com/india/pappu-yadav-lashes-at-nitish-says-ready-quit-rjd-1665247.html,oneindia.com,oneindia.com,English
2015-02-25,,http://indiatoday.intoday.in/story/modi-govt-return-of-kashmiri-pandits-kashmir-valley/1/420877.html,indiatoday.intoday.in,indiatoday.intoday.in,English
2015-02-25,,http://www.dailyexcelsior.com/no-proposal-to-delete-article-370-govt/,dailyexcelsior.com,dailyexcelsior.com,English
2015-02-25,,http://www.outlookindia.com/news/article/Govt-Holding-Talks-For-Return-of-Kashmiri-Pandits-to-Valley/882881,outlookindia.com,outlookindia.com,English
2015-02-25,,http://www.oneindia.com/india/pdp-bjp-alliance-j-k-no-proposal-delete-article-370-says-modi-govt-1665243.html,oneindia.com,oneindia.com,English
2015-02-25,,http://www.ndtv.com/offbeat/a-definitive-ranking-of-salman-khans-15-screen-prems-742308,ndtv.com,ndtv.com,English
2015-02-25,,http://www.business-standard.com/article/news-ani/digvijay-slams-politics-of-convenience-between-bjp-pdp-in-j-k-115022500622_1.html,business-standard.com,business-standard.com,English
2015-02-25,,http://economictimes.indiatimes.com/news/economy/agriculture/crop-production-nosedives-in-gujarat-socio-economic-review/articleshow/46368615.cms,indiatimes.com,indiatimes.com,English
2015-02-25,,http://zeenews.india.com/entertainment/travel/news/global-recession-melts-himachals-heliskiing-business_1552413.htm,india.com,india.com,English
2015-02-25,,http://www.business-standard.com/article/pti-stories/jaishankar-to-travel-to-pakistan-on-mar-3-fo-115022500660_1.html,business-standard.com,business-standard.com,English
2015-02-25,,http://www.newdelhitimes.com/bjp-pdp-confirm-alliance-to-form-government-agenda-of-the-alliance-in-process123/,newdelhitimes.com,newdelhitimes.com,English
2015-02-25,,http://www.sify.com/news/no-proposal-to-delete-article-370-govt-news-national-pczoudfjbibde.html,sify.com,sify.com,English
2015-02-25,,http://www.outlookindia.com/news/article/CRPF-Gives-Emotional-Tributes-to-Its-Two-Slain-Personnel/882867,outlookindia.com,outlookindia.com,English
2015-02-25,,http://www.worldbulletin.net/world/155711/india-pakistan-talks-to-resume-march-3,worldbulletin.net,worldbulletin.net,English
2015-02-25,,http://economictimes.indiatimes.com/news/politics-and-nation/foreign-secretary-s-jaishankar-to-travel-to-pakistan-on-mar-3/articleshow/46368709.cms,indiatimes.com,indiatimes.com,English
2015-02-25,,http://en.cihan.com.tr/en/haber/Two-militants-killed-in-an-encounter-in-Kashmir-8161-MTY4ODE2MS80,cihan.com.tr,cihan.com.tr,English
2015-02-25,,http://www.kmsnews.org/news/2015/02/25/forceful-anti-india-demos-in-shopian.html,kmsnews.org,kmsnews.org,English
2015-02-25,,http://www.sify.com/news/two-militants-killed-in-shopian-encounter-news-national-pczpJhgcfahhi.html,sify.com,sify.com,English
2015-02-25,,http://www.worldbulletin.net/india-pakistan-talks-to-resume-march-3/155711/india-pakistan-talks-to-resume-march-3,worldbulletin.net,worldbulletin.net,English
2015-02-25,,http://www.must.edu.pk/?p=1848,must.edu.pk,must.edu.pk,English
2015-02-25,,http://www.c3sindia.org/pakistan/4854,c3sindia.org,c3sindia.org,English
2015-02-25,,http://economictimes.indiatimes.com/news/politics-and-nation/2-hizbul-militants-killed-army-major-injured-in-encounter/articleshow/46369506.cms,indiatimes.com,indiatimes.com,English
2015-02-25,,http://www.aninews.in/newsdetail2/story205427/bitter-foes-turn-friends-to-form-government-in-kashmir.html,aninews.in,aninews.in,English
2015-02-25,,http://www.kmsnews.org/news/2015/02/25/loss-of-lives-giving-rise-uncertainty-in-iok-say-leaders.html,kmsnews.org,kmsnews.org,English
2015-02-25,,http://www.dailyexcelsior.com/pok-truck-damaged-3-injured-in-road-accidents-at-kashmir/,dailyexcelsior.com,dailyexcelsior.com,English
2015-02-25,,https://in.news.yahoo.com/bitter-foes-turn-friends-form-government-kashmir-113510302.html,yahoo.com,yahoo.com,English
2015-02-25,,http://eprahaar.in/jaishankar-to-travel-to-pakistan-on-mar-3-foreign-office/,eprahaar.in,eprahaar.in,English
2015-02-25,,http://in.reuters.com/article/2015/02/25/nagpur-soya-idINL4N0VZ2ID20150225,reuters.com,reuters.com,English
2015-02-25,,http://www.thehindu.com/news/national/other-states/2-hizbul-militants-killed-army-major-injured-in-encounter/article6933130.ece,thehindu.com,thehindu.com,English
2015-02-25,,http://timesofindia.indiatimes.com/tech/tech-news/Tata-Telesevices-Aircel-cant-bid-for-new-airwaves-DoT/articleshow/46365882.cms,indiatimes.com,indiatimes.com,English
2015-02-25,,http://www.dnaindia.com/india/report-be-alert-to-swine-flu-virus-but-no-need-to-panic-centre-2064002,dnaindia.com,dnaindia.com,English
2015-02-25,,http://cnsnews.com/news/article/too-big-manage-hsbcs-chiefs-testify-tax-scandal,cnsnews.com,cnsnews.com,English
2015-02-25,,http://www.myfoxorlando.com/story/28195228/too-big-to-manage-hsbcs-chiefs-to-testify-on-tax-scandal,myfoxorlando.com,myfoxorlando.com,English
2015-02-25,,http://www.dailyexcelsior.com/2-hizbul-militants-killed-army-major-injured-in-encounter/,dailyexcelsior.com,dailyexcelsior.com,English
2015-02-25,,http://dunyanews.tv/index.php/en/Pakistan/263662-Heavy-rains-snowfall-wreak-havoc-in-upper-areas-o,dunyanews.tv,dunyanews.tv,English
2015-02-25,,http://en.cihan.com.tr/en/news/Cihan-News-Agency-Diary_9179-CHMTY4OTE3OS8kbmV3c01hcFZhbHVlLntjYXRlZ29yeUlkfQ==,cihan.com.tr,cihan.com.tr,English
2015-02-25,,http://www.wsbradio.com/ap/ap/top-news/hsbc-chiefs-to-testify-before-uk-lawmakers-on-tax-/nkJJy/,wsbradio.com,wsbradio.com,English
2015-02-25,,http://indiatoday.intoday.in/education/story/google-launches-youtube-kids-a-new-way-to-educate-your-child/1/420890.html,indiatoday.intoday.in,indiatoday.intoday.in,English
2015-02-25,,https://in.news.yahoo.com/army-provides-wheelchairs-prosthetic-limbs-disabled-kashmir-113510346.html,yahoo.com,yahoo.com,English
2015-02-25,,http://kaumudiglobal.com/innerpage1.php?newsid=61650,kaumudiglobal.com,kaumudiglobal.com,English
2015-02-25,,https://in.news.yahoo.com/swine-flu-helpline-activated-jammu-kashmir-113510807.html,yahoo.com,yahoo.com,English
2015-02-25,,http://www.oneindia.com/india/j-k-2-hizbul-militants-killed-army-major-injured-encounter-in-shopian-1665520.html,oneindia.com,oneindia.com,English
2015-02-25,,http://www.ivpressonline.com/news/apgeneral/too-big-to-manage-hsbc-s-chiefs-to-testify-on/article_46f5e213-777d-5b90-b3bf-da1b37f3df06.html,ivpressonline.com,ivpressonline.com,English
2015-02-25,,http://www.firstpost.com/politics/pdp-bjp-alliance-kashmiris-fume-warn-mufti-meeting-fate-sheikh-abdullah-2121381.html,firstpost.com,firstpost.com,English
2015-02-25,,http://www.ibtimes.co.in/vijay-not-doing-triple-role-puli-producers-624542,ibtimes.co.in,ibtimes.co.in,English
2015-02-25,,http://timesofindia.indiatimes.com/tech/tech-news/Tata-Teleservices-Aircel-cant-bid-for-new-airwaves-DoT/articleshow/46365882.cms,indiatimes.com,indiatimes.com,English
2015-02-25,,http://www.bignewsnetwork.com/index.php/sid/230564713,bignewsnetwork.com,bignewsnetwork.com,English
2015-02-25,,http://www.business-standard.com/article/pti-stories/govt-to-book-those-playing-fraud-with-j-k-students-irani-115022500936_1.html,business-standard.com,business-standard.com,English
2015-02-25,,http://www.statejournal.com/story/28195228/too-big-to-manage-hsbcs-chiefs-to-testify-on-tax-scandal,statejournal.com,statejournal.com,English
2015-02-25,,http://www.business-standard.com/article/pti-stories/third-front-delegation-meets-governor-115022500935_1.html,business-standard.com,business-standard.com,English
2015-02-25,,http://www.charlotteobserver.com/2015/02/25/5537549/too-big-to-manage-hsbcs-chiefs.html,charlotteobserver.com,charlotteobserver.com,English
2015-02-25,,http://odishasuntimes.com/115278/prabhu-present-maiden-rail-budget-thursday/,odishasuntimes.com,odishasuntimes.com,English
2015-02-25,,https://in.news.yahoo.com/budget-session-farmers-more-funds-adequate-security-crops-124051999.html,yahoo.com,yahoo.com,English
2015-02-25,,http://www.thehindubusinessline.com/economy/policy/dgh-for-minimising-arbitration-cases-in-oil-and-gas-minister/article6933306.ece,thehindubusinessline.com,thehindubusinessline.com,English
2015-02-25,,http://www.pakistantelegraph.com/index.php/sid/230564375,pakistantelegraph.com,pakistantelegraph.com,English
2015-02-25,,http://kashmirwatch.com/humanrights.php/2015/02/25/indian-parliament-members-criticize-black-laws.html,kashmirwatch.com,kashmirwatch.com,English
2015-02-25,,http://odishasuntimes.com/115288/foreign-secretary-begins-saarc-yatra-march-1/,odishasuntimes.com,odishasuntimes.com,English
2015-02-25,,http://indiatoday.intoday.in/story/railway-minister-suresh-prabhu-to-present-maiden-rail-budget-on-thursday/1/420949.html,indiatoday.intoday.in,indiatoday.intoday.in,English
2015-02-25,,http://news.webindia123.com/news/Articles/Business/20150225/2543958.html,webindia123.com,webindia123.com,English
2015-02-25,,http://zeenews.india.com/news/india/foreign-secretary-meets-home-secretary%E2%80%8B-ahead-of-pakistan-trip_1552550.html,india.com,india.com,English
2015-02-25,,http://www.dnaindia.com/india/report-ahead-of-swearing-in-mufti-mohammed-sayeed-to-meet-pm-modi-on-february-27-2064151,dnaindia.com,dnaindia.com,English
2015-02-25,,http://www.business-standard.com/article/pti-stories/foreign-secy-meets-home-secy-115022501087_1.html,business-standard.com,business-standard.com,English
2015-02-25,,http://www.stltoday.com/news/world/too-big-to-manage-hsbc-s-chiefs-to-testify-on/article_a9a0696f-4ad4-5d72-b702-55f21a5af2a8.html,stltoday.com,stltoday.com,English
2015-02-25,,http://indiatoday.intoday.in/story/mufti-mohammed-sayeed-modi-jammu-kashmir-pdp-bjp/1/420951.html,indiatoday.intoday.in,indiatoday.intoday.in,English
2015-02-25,,http://www.newageislam.com/islamic-world-news/new-age-islam-news-bureau/saudi-arabia-court-gives-death-penalty-to-man-who-renounced-his-muslim-faith/d/101694,newageislam.com,newageislam.com,English
2015-02-25,,http://www.thedailystar.net/why-obstructions-on-etv-programme-telecast-hc-66605,thedailystar.net,thedailystar.net,English
2015-02-25,,http://www.kashmirlife.net/army-rescues-41-villagers-near-nasta-chhun-pass-73906/,kashmirlife.net,kashmirlife.net,English
2015-02-25,,http://www.business-standard.com/article/pti-stories/army-rescues-over-40-villagers-stranded-due-to-snowfall-115022501079_1.html,business-standard.com,business-standard.com,English
2015-02-25,,http://indianexpress.com/article/india/india-others/jk-govt-formation-army-puts-its-foot-down-on-afspa-against-dilution/,indianexpress.com,indianexpress.com,English
2015-02-25,,http://www.dnaindia.com/india/report-jammu-kashmir-government-formation-speculation-about-last-minute-hitches-on-pdp-bjp-deal-crop-up-2064174,dnaindia.com,dnaindia.com,English
2015-02-25,,http://missoulian.com/news/world/europe/too-big-to-manage-hsbc-s-chiefs-to-testify-on/article_a568073c-2471-56f7-ae04-b0a2be7f71fc.html,missoulian.com,missoulian.com,English
2015-02-25,,http://indianexpress.com/article/india/india-others/mizoram-shut-down-by-two-parallel-bandhs/,indianexpress.com,indianexpress.com,English
2015-02-25,,http://www.livemint.com/Opinion/TuZlmAlMebQ9s0GQRWvxHN/The-myth-of-foregone-revenue.html,livemint.com,livemint.com,English
2015-02-25,,http://thedailynewnation.com/news/44299/ssc-exams-of-feb-26-shifted-to-mar-7.html,thedailynewnation.com,thedailynewnation.com,English
2015-02-25,,https://in.news.yahoo.com/himachal-mp-thanks-pm-enhanced-grant-140620399.html,yahoo.com,yahoo.com,English
2015-02-25,,http://in.reuters.com/article/2015/02/25/india-bonds-corporate-dealt-idINL4N0VZ3DD20150225,reuters.com,reuters.com,English
2015-02-25,,http://www.ptinews.com/news/5731450_2-Hizbul-militants-killed--4-armymen-injured-in-encounter-.html,ptinews.com,ptinews.com,English
2015-02-25,,http://www.thedailystar.net/hartals-blockade-eat-up-tk-1-20-lakh-crore-pm-66613,thedailystar.net,thedailystar.net,English
2015-02-25,,http://news.webindia123.com/news/Articles/Business/20150225/2544014.html,webindia123.com,webindia123.com,English
2015-02-25,,http://www.vancouversun.com/business/HSBC+chiefs+testify+before+Treasury+committee+avoidance+issues/10841333/story.html,vancouversun.com,vancouversun.com,English
2015-02-25,,http://economictimes.indiatimes.com/news/politics-and-nation/jammu-and-kashmir-govt-formation-speculation-about-last-minute-hitches-on-pdp-bjp-deal-crop-up/articleshow/46371459.cms,indiatimes.com,indiatimes.com,English
2015-02-25,,http://www.financialexpress.com/article/lifestyle/health/19-more-test-positive-for-swine-flu-in-kashmir/47411/,financialexpress.com,financialexpress.com,English
2015-02-25,,http://indianexpress.com/article/india/politics/mufti-modi-meeting-postponed-triggers-speculation-on-problems-in-pdp-bjp-alliance/,indianexpress.com,indianexpress.com,English
2015-02-25,,http://www.deccanherald.com/content/462007/speculation-last-minute-hitches-pdp.html,deccanherald.com,deccanherald.com,English
2015-02-25,,http://www.kntvnews.in/prabhu-present-maiden-rail-budget-thursday/,kntvnews.in,kntvnews.in,English
2015-02-25,,http://economictimes.indiatimes.com/news/politics-and-nation/19-more-test-positive-for-swine-flu-in-kashmir/articleshow/46372015.cms,indiatimes.com,indiatimes.com,English
2015-02-25,,http://www.rediff.com/news/column/pakistan-and-its-seven-states-of-delusion/20150225.htm,rediff.com,rediff.com,English
2015-02-25,,http://www.newkerala.com/news/2015/fullnews-23920.html,newkerala.com,newkerala.com,English
2015-02-25,,http://www.hindustantimes.com/india-news/find-out-where-swine-flu-prevention-formula-oseltamavir-is-available-near-your-home/article1-1320581.aspx,hindustantimes.com,hindustantimes.com,English
2015-02-25,,http://www.kntvnews.in/himachal-mp-thanks-pm-enhanced-grant/,kntvnews.in,kntvnews.in,English
2015-02-25,,http://www.cbsnews.com/news/hsbcs-top-brass-to-testify-on-tax-scandal/,cbsnews.com,cbsnews.com,English
2015-02-25,,http://zeenews.india.com/news/jammu-and-kashmir/speculation-about-last-minute-hitches-on-pdp-bjp-deal-crop-up_1552612.html,india.com,india.com,English
2015-02-25,,http://zeenews.india.com/news/india/no-proposal-to-delete-article-370-in-jk-govt_1552341.html,india.com,india.com,English
2015-02-25,,http://www.ddinews.gov.in/National/National%20-%20Headlines/Pages/kashmirencounter.aspx,ddinews.gov.in,ddinews.gov.in,English
2015-02-25,,http://ibnlive.in.com/news/14th-finance-commission-recommendations-nine-states-including-bihar-and-up-lose/530661-7.html,in.com,in.com,English
2015-02-25,,http://www.ianslive.in/index.php?param=category/NATION/index.php?param=news/Two_militants_killed_in_Kashmir_gunfight-467512/NATION/1,ianslive.in,ianslive.in,English
2015-02-25,,http://zeenews.india.com/news/jammu-and-kashmir/govt-to-book-those-playing-fraud-with-jk-students-hrd-minister_1552611.html,india.com,india.com,English
2015-02-25,,http://www.sruti.com/index.php?main_page=product_info&products_id=234&zenid=pnsj4109l15k6m4ngo9e207c12,sruti.com,sruti.com,English
2015-02-25,,http://www.business-standard.com/article/pti-stories/militant-hideout-busted-in-kashmir-s-kishtwar-district-115022501285_1.html,business-standard.com,business-standard.com,English
2015-02-25,,http://www.pakistantoday.com.pk/2015/02/25/national/pakistan-and-india-give-peace-talks-another-shot/,pakistantoday.com.pk,pakistantoday.com.pk,English
2015-02-25,,http://www.dhakatribune.com/politics/2015/feb/25/pm-hartals-blockade-incur-losses-tk12-trillion,dhakatribune.com,dhakatribune.com,English
2015-02-25,,http://www.newkerala.com/news/2015/fullnews-23997.html,newkerala.com,newkerala.com,English
2015-02-25,,http://www.moneycontrol.com/news/current-affairs/pm-approves-over-rs-400-cr-as-relief-to-jk-flood-victims_1313771.html,moneycontrol.com,moneycontrol.com,English
2015-02-25,,http://tribune.com.pk/story/844175/clashes-erupt-in-indian-kashmir-after-forces-kill-suspected-rebel/,tribune.com.pk,tribune.com.pk,English
2015-02-25,,http://www.thehindubusinessline.com/economy/budget/biscuitmakers-want-tax-exemption-cap-to-be-raised/article6933574.ece,thehindubusinessline.com,thehindubusinessline.com,English
2015-02-25,,http://www.theglobeandmail.com/report-on-business/hsbc-chief-to-testify-in-uk-on-tax-avoidance-issues/article23194836/,theglobeandmail.com,theglobeandmail.com,English
2015-02-25,,http://www.thehindubusinessline.com/economy/budget/retail-stocks-make-merry/article6933573.ece,thehindubusinessline.com,thehindubusinessline.com,English
2015-02-25,,http://www.sruti.com/index.php?main_page=product_info&products_id=234&zenid=up93r17aplebib9dsr1q3m2pq3,sruti.com,sruti.com,English
2015-02-25,,http://www.kashmirmonitor.in/news-how-to-tell-lies-like-the-truth-79941.aspx,kashmirmonitor.in,kashmirmonitor.in,English
2015-02-25,,http://www.dailykashmirimages.com/news-i-just-went-to-the-casino-to-have-dinner-moin-khan-73369.aspx,dailykashmirimages.com,dailykashmirimages.com,English
2015-02-25,,http://kashmirreader.com/indian-muslims-35070,kashmirreader.com,kashmirreader.com,English
2015-02-25,,http://www.dailykashmirimages.com/news-2-hizb-militants-killed-in-shopian-encounter-73425.aspx,dailykashmirimages.com,dailykashmirimages.com,English
2015-02-25,,http://www.onlinenews.com.pk/details.php?newsid=285966&catname=World,onlinenews.com.pk,onlinenews.com.pk,English
2015-02-25,,http://www.indiagazette.com/index.php/sid/230565565,indiagazette.com,indiagazette.com,English
2015-02-25,,http://www.theshillongtimes.com/2015/02/26/two-anti-terror-laws-criticised-in-ls/,theshillongtimes.com,theshillongtimes.com,English
2015-02-25,,http://www.kashmirmonitor.in/news-soul-of-india-at-peril-79942.aspx,kashmirmonitor.in,kashmirmonitor.in,English
2015-02-25,,http://zeenews.india.com/entertainment/travel/news/global-recession-melts-himachals-helicopter-skiing-business_1552413.htm,india.com,india.com,English
2015-02-25,,http://www.thedailystar.net/hartal-blockade-caused-tk-1-2-lakh-crore-loss-pm-66700,thedailystar.net,thedailystar.net,English
2015-02-25,,http://www.dailykashmirimages.com/news-rape-and-terror-73430.aspx,dailykashmirimages.com,dailykashmirimages.com,English
2015-02-25,,http://www.dailykashmirimages.com/news-south-africa-wont-panic-says-amla-73366.aspx,dailykashmirimages.com,dailykashmirimages.com,English
2015-02-25,,http://www.einnews.com/pr_news/251806565/nishikant-dubey-introduces-a-reserved-member-bill-for-additional-seats-in-pakistan-occupied-kashmir,einnews.com,einnews.com,English
2015-02-25,,http://www.kashmirmonitor.in/news-govt-talking-for-return-of-kps-79995.aspx,kashmirmonitor.in,kashmirmonitor.in,English
2015-02-25,,http://www.indiagazette.com/index.php/sid/230570281,indiagazette.com,indiagazette.com,English
2015-02-25,,http://www.kashmirmonitor.in/news-us-will-not-allow-iran-to-obtain-nuclear-weapon-white-house-79963.aspx,kashmirmonitor.in,kashmirmonitor.in,English
2015-02-25,,http://www.thedailystar.net/why-halting-etv-telecast-not-illegal-66727,thedailystar.net,thedailystar.net,English
2015-02-25,,http://www.dailykashmirimages.com/news-election-to-non-gazetted-employees-union-to-be-held-on-march-10-73395.aspx,dailykashmirimages.com,dailykashmirimages.com,English
2015-02-25,,http://www.indiagazette.com/index.php/sid/230570257,indiagazette.com,indiagazette.com,English
2015-02-25,,http://www.dailykashmirimages.com/news-jk-administration-failed-to-control-swine-flu-cpim-73386.aspx,dailykashmirimages.com,dailykashmirimages.com,English
2015-02-25,,http://www.dailykashmirimages.com/news-no-proposal-to-delete-article-370-govt-73426.aspx,dailykashmirimages.com,dailykashmirimages.com,English
2015-02-25,,http://www.dailykashmirimages.com/news-ahead-of-swearing-in-mufti-to-meet-pm-on-friday-73424.aspx,dailykashmirimages.com,dailykashmirimages.com,English
2015-02-25,,http://www.thehindubusinessline.com/economy/budget/govt-may-cut-fertiliser-subsidy-by-4/article6932684.ece,thehindubusinessline.com,thehindubusinessline.com,English
2015-02-25,,http://www.dailykashmirimages.com/news-how-a-team-of-indian-muslims-made-history-73429.aspx,dailykashmirimages.com,dailykashmirimages.com,English
2015-02-25,,http://www.kashmirmonitor.in/news-pm-sanctions-further-rs-426-crore-79996.aspx,kashmirmonitor.in,kashmirmonitor.in,English
2015-02-25,,http://kashmirglobal.com/2015/02/25/clashes-in-held-kashmir-after-fighter-killed.html,kashmirglobal.com,kashmirglobal.com,English
2015-02-25,,http://www.tuscaloosanews.com/article/20150225/API/302259854,tuscaloosanews.com,tuscaloosanews.com,English
2015-02-25,,http://www.dailykashmirimages.com/news-indian-fs-visiting-pak-on-march-3-73420.aspx,dailykashmirimages.com,dailykashmirimages.com,English
2015-02-25,,http://www.theshillongtimes.com/2015/02/26/national-nuggets-590/,theshillongtimes.com,theshillongtimes.com,English
2015-02-25,,http://www.kashmirmonitor.in/news-rahul-holidaying-in-uttarakhand-his-office-denies-congress-leader-79950.aspx,kashmirmonitor.in,kashmirmonitor.in,English
2015-02-25,,http://www.risingkashmir.com/over-rs-426-crore-aid-approved-for-flood-hit-houses/,risingkashmir.com,risingkashmir.com,English
2015-02-25,,http://www.dailyexcelsior.com/world-response-to-armed-groups-shameful-amnesty/,dailyexcelsior.com,dailyexcelsior.com,English
2015-02-25,,https://www.opendemocracy.net/arab-awakening/rana-baker/referendum-on-academic-boycott-of-israel-at-soas,opendemocracy.net,opendemocracy.net,English
2015-02-25,,http://kashmirreader.com/2-more-suspected-h1n1-deaths-in-jk-35087,kashmirreader.com,kashmirreader.com,English
2015-02-25,,http://thedailynewnation.com/news/44396/readers-forum.html,thedailynewnation.com,thedailynewnation.com,English
2015-02-25,,http://www.thehindu.com/opinion/op-ed/senselessness-in-censorship/article6933682.ece,thehindu.com,thehindu.com,English
2015-02-25,,http://thedailynewnation.com/news/44371/2nd-national-yoga-competition-begins-today.html,thedailynewnation.com,thedailynewnation.com,English
2015-02-25,,http://www.thehindu.com/opinion/editorial/pragmatism-over-politics/article6933673.ece,thehindu.com,thehindu.com,English
2015-02-25,,http://timesofindia.indiatimes.com/city/visakhapatnam/2-day-coastal-security-exercise-from-March-18/articleshow/46375127.cms,indiatimes.com,indiatimes.com,English
2015-02-25,,http://www.cntraveler.com/stories/2015-02-25/how-to-visit-kashmir-india,cntraveler.com,cntraveler.com,English
2015-02-25,,https://abdulruff.wordpress.com/2015/02/25/bjp-to-launch-government-in-jammu-kashmir-pm-modi-releases-flood-relief-fund/,wordpress.com,wordpress.com,English
2015-02-25,,http://news.webindia123.com/news/Articles/India/20150226/2544168.html,webindia123.com,webindia123.com,English
2015-02-25,,http://www.risingkashmir.com/consolidate-then-expand/,risingkashmir.com,risingkashmir.com,English
2015-02-25,,http://www.dailykashmirimages.com/news-mla-calls-on-dgp-raises-issues-of-spos-vdcs-73400.aspx,dailykashmirimages.com,dailykashmirimages.com,English
2015-02-25,,http://www.greaterkashmir.com/news/2015/Feb/26/-swine-flu-patient-dies-3-test-positive-58.asp,greaterkashmir.com,greaterkashmir.com,English
2015-02-25,,http://www.ianslive.in/index.php?param=category/NATION/index.php?param=news/PM_approves_Rs42683_crore_for_Jammu_and_Kashmir_flood_relief-467548/NATION/1,ianslive.in,ianslive.in,English
2015-02-25,,http://www.risingkashmir.com/hc-asks-crime-branch-to-complete-investigation-within-8-weeks/,risingkashmir.com,risingkashmir.com,English
2015-02-25,,http://www.greaterkashmir.com/news/2015/Feb/26/perpetrators-of-extrajudicial-executions-in-jk-continue-to-evade-justice-amnesty-7.asp,greaterkashmir.com,greaterkashmir.com,English
2015-02-25,,http://www.risingkashmir.com/election-upshot-an-unprecedented-coalition/,risingkashmir.com,risingkashmir.com,English
2015-02-25,,http://indianexpress.com/article/cities/mumbai/unesco-world-heritage-site-bachchan-writes-to-pm-to-endorse-citys-nomination/,indianexpress.com,indianexpress.com,English
2015-02-25,,https://abdulruff.wordpress.com/2015/02/25/india-bjp-to-launch-government-in-jammu-kashmir-pm-modi-releases-flood-relief-fund/,wordpress.com,wordpress.com,English
2015-02-25,,http://www.risingkashmir.com/army-to-hold-defence-pension-court-in-jk/,risingkashmir.com,risingkashmir.com,English
2015-02-25,,http://www.asianage.com/india/affluent-militants-worry-forces-011,asianage.com,asianage.com,English
2015-02-25,,http://www.greaterkashmir.com/news/2015/Feb/26/prescribe-anti-virals-to-prevent-h1n1-deaths-dak-advises-clinicians-51.asp,greaterkashmir.com,greaterkashmir.com,English
2015-02-25,,http://www.risingkashmir.com/black-marketing-of-n95-masks-sold-at-exorbitant-prices/,risingkashmir.com,risingkashmir.com,English
2015-02-25,,http://www.telegraphindia.com/1150226/jsp/bengal/story_5585.jsp,telegraphindia.com,telegraphindia.com,English
2015-02-25,,http://dc.asianage.com/india/affluent-militants-worry-forces-011,asianage.com,asianage.com,English
2015-02-25,,http://www.zawya.com/story/IndoPak_dialogue_to_restart_on_March_3-GN_25022015_260235/,zawya.com,zawya.com,English
2015-02-25,,http://www.dailytimes.com.pk/business/26-Feb-2015/na-body-for-completion-of-ongoing-projects-in-ajk-gb-on-priority,dailytimes.com.pk,dailytimes.com.pk,English
2015-02-25,,http://www.dailyexcelsior.com/no-proposal-to-delete-article-370-govt-2/,dailyexcelsior.com,dailyexcelsior.com,English
2015-02-26,,http://timesofindia.indiatimes.com/city/chandigarh/SAD-BJP-top-scorers-in-municipal-polls/articleshow/46376387.cms,indiatimes.com,indiatimes.com,English
2015-02-26,,http://timesofindia.indiatimes.com/city/chandigarh/US-citizen-of-Indian-origin-held-at-Amritsar-airport-with-25-live-cartridges/articleshow/46376380.cms,indiatimes.com,indiatimes.com,English
2015-02-26,,http://blogs.economictimes.indiatimes.com/the-needles-eye/power-plays-the-government-learns-the-ropes/,indiatimes.com,indiatimes.com,English
2015-02-26,,http://www.telegraphindia.com/1150226/jsp/frontpage/story_5623.jsp,telegraphindia.com,telegraphindia.com,English
2015-02-26,,http://www.dnaindia.com/mumbai/report-bombay-high-court-to-monitor-condition-of-mentally-ill-female-undertrials-and-their-children-2064223,dnaindia.com,dnaindia.com,English
2015-02-26,,http://timesofindia.indiatimes.com/city/guwahati/AGP-sounds-out-oppn-leaders-on-dams-influx/articleshow/46373213.cms,indiatimes.com,indiatimes.com,English
2015-02-26,,http://economictimes.indiatimes.com/news/politics-and-nation/pm-narendra-modi-and-pdp-chief-mufti-mohammad-sayeeds-meeting-postponed-to-february-27/articleshow/46376524.cms,indiatimes.com,indiatimes.com,English
2015-02-26,,http://www.newindianexpress.com/nation/Mufti-Likely-to-Meet-PM-Modi-Tomorrow/2015/02/26/article2687402.ece,newindianexpress.com,newindianexpress.com,English
2015-02-26,,http://www.asianage.com/india/pdp-bjp-last-minute-talks-mufti-pm-meet-friday-055,asianage.com,asianage.com,English
2015-02-26,,http://www.newindianexpress.com/nation/Jaishankar-to-Visit-Pakistan-on-Tuesday/2015/02/26/article2687442.ece,newindianexpress.com,newindianexpress.com,English
2015-02-26,,http://www.arabnews.com/world/news/710121,arabnews.com,arabnews.com,English
2015-02-26,,http://www.pro-linux.de/sicherheit/2/29240/mehrere-probleme-in-mozilla-firefox.html,pro-linux.de,pro-linux.de,English
2015-02-26,,http://www.thenews.com.pk/Todays-News-2-303912-Kuwaits-envoy-hosts-reception-on-Independence-Day,thenews.com.pk,thenews.com.pk,English
2015-02-26,,http://dc.asianage.com/india/pdp-bjp-last-minute-talks-mufti-pm-meet-friday-055,asianage.com,asianage.com,English
2015-02-26,,http://www.sruti.com/index.php?main_page=product_info&products_id=103&zenid=p4rb4lugajfdj1rjhf32mp9hg4,sruti.com,sruti.com,English
2015-02-26,,http://news.xinhuanet.com/english/2015-02/26/c_134018178.htm,xinhuanet.com,xinhuanet.com,English
2015-02-26,,http://colectivodisenolatinoamerica.blogspot.com/2015/02/mujahideen.html,blogspot.com,blogspot.com,English
2015-02-26,,http://english.manoramaonline.com/news/just-in/prabhu-to-present-maiden-railway-budget-today.html,manoramaonline.com,manoramaonline.com,English
2015-02-26,,http://post.jagran.com/speculation-about-last-minute-hitches-on-pdpbjp-deal-crop-up-1424921929,jagran.com,jagran.com,English
2015-02-26,,http://www.deccanchronicle.com/150226/nation-current-affairs/article/pakistan-visit-s-jaishankar-talk-zaki-ur-rehman-lakhvi-dawood,deccanchronicle.com,deccanchronicle.com,English
2015-02-26,,http://news.statetimes.in/pm-approves-over-rs-400-cr-as-relief-to-jk-flood-victims/,news.statetimes.in,news.statetimes.in,English
2015-02-26,,http://twocircles.net/2015feb26/1424921918.html,twocircles.net,twocircles.net,English
2015-02-26,,http://in.reuters.com/article/2015/02/26/markets-india-fxdebt-idINL4N0W01K220150226,reuters.com,reuters.com,English
2015-02-26,,http://www.omantribune.com/index.php?page=news&id=184988&heading=Business,omantribune.com,omantribune.com,English
2015-02-26,,http://www.sify.com/finance/corrected-indian-fxdebt-factors-to-watch---feb-26-news-equity-pc0jarheehaig.html,sify.com,sify.com,English
2015-02-26,,http://indiatoday.intoday.in/story/railway-budget-2015-live-blog/1/420889.html,indiatoday.intoday.in,indiatoday.intoday.in,English
2015-02-26,,http://www.omantribune.com/index.php?page=news&&id=184988&heading=Business,omantribune.com,omantribune.com,English
2015-02-26,,https://in.news.yahoo.com/swine-flu-claims-11-more-lives-rajasthan-death-043258219.html,yahoo.com,yahoo.com,English
2015-02-26,,http://www.dawn.com/news/1165980/ministry-told-to-cut-administrative-spending,dawn.com,dawn.com,English
2015-02-26,,http://www.kmsnews.org/news/2015/02/26/two-draconian-laws-criticised-in-indias-lok-sabha.html,kmsnews.org,kmsnews.org,English
2015-02-26,,http://www.microfinancemonitor.com/2015/02/26/railway-budget-2015-watch-live-suresh-prabhu-gets-up-to-present-budget/,microfinancemonitor.com,microfinancemonitor.com,English
2015-02-26,,http://theindependentbd.com/index.php?option=com_content&view=article&id=249354:hartal-continuing-peacefully-on-fifth-day&catid=187:online-edition&Itemid=223,theindependentbd.com,theindependentbd.com,English
2015-02-26,,http://indiatoday.intoday.in/story/railway-budget-presented-lok-sabha-suresh-prabhu/1/421029.html,indiatoday.intoday.in,indiatoday.intoday.in,English
2015-02-26,,http://www.firstpost.com/budget/railway-budget/rail-budget-2015-live-opposition-to-disrupt-proceedings-seeking-naidus-apology-2122695.html,firstpost.com,firstpost.com,English
2015-02-26,,http://www.daijiworld.com/news/news_disp.asp?n_id=299718,daijiworld.com,daijiworld.com,English
2015-02-26,,http://www.kmsnews.org/news/2015/02/26/perpetrators-of-extra-judicial-killings-in-iok-go-unpunished-ai.html,kmsnews.org,kmsnews.org,English
2015-02-26,,http://www.dailyexcelsior.com/scandals-ridden-wakf-board-reluctant-to-ensure-transparency-in-its-functioning/,dailyexcelsior.com,dailyexcelsior.com,English
2015-02-26,,http://zeenews.india.com/news/health/health-news/swine-flu-claims-11-more-lives-in-rajasthan-death-toll-245_1552828.html,india.com,india.com,English
2015-02-26,,http://www.vishwagujarat.com/india/pm-approves-rs-426-83-crore-for-jammu-and-kashmir-flood-relief/,vishwagujarat.com,vishwagujarat.com,English
2015-02-26,,http://www.newkerala.com/news/2015/fullnews-24131.html,newkerala.com,newkerala.com,English
2015-02-26,,http://twocircles.net/2015feb26/1424929666.html,twocircles.net,twocircles.net,English
2015-02-26,,http://www.vishwagujarat.com/india/rail-budget-set-to-be-presented-in-lok-sabha/,vishwagujarat.com,vishwagujarat.com,English
2015-02-26,,http://www.thedailystar.net/people-defy-hartal-66759,thedailystar.net,thedailystar.net,English
2015-02-26,,http://www.kashmirobserver.net/news/local-news/div-com-reviews-opening-artificial-lake-phuktal-river,kashmirobserver.net,kashmirobserver.net,English
2015-02-26,,http://www.kashmirobserver.net/news/city/biscoe-mallinson-violate-hc-orders-fleece-students,kashmirobserver.net,kashmirobserver.net,English
2015-02-26,,http://www.sierraleonetimes.com/index.php/sid/230587277,sierraleonetimes.com,sierraleonetimes.com,English
2015-02-26,,http://www.thehindubusinessline.com/economy/policy/japanese-cos-facing-series-of-problems-in-india-envoy/article6936590.ece,thehindubusinessline.com,thehindubusinessline.com,English
2015-02-26,,http://www.kashmirobserver.net/news/top-news/masked-men-steal-vehicle-police-refuses-lodge-fir,kashmirobserver.net,kashmirobserver.net,English
2015-02-26,,http://www.kashmirobserver.net/news/regional-news/pan-india-mobile-portability-may-3,kashmirobserver.net,kashmirobserver.net,English
2015-02-26,,http://post.jagran.com/speculation-about-last-minute-hitches-on-pdp-bjp-deal-crops-up-1424921929,jagran.com,jagran.com,English
2015-02-26,,http://www.kashmirobserver.net/news/top-news/slain-militant-was-highly-qualified-shunned-govt-job,kashmirobserver.net,kashmirobserver.net,English
2015-02-26,,http://zeenews.india.com/news/jammu-and-kashmir/snowfall-in-gulmarg-minimum-temperature-drops-at-most-places-in-kashmir_1552886.html,india.com,india.com,English
2015-02-26,,http://www.kashmirobserver.net/news/city/breach-jehlum-embankment-gives-sleepless-nights-residents,kashmirobserver.net,kashmirobserver.net,English
2015-02-26,,http://www.kashmirobserver.net/news/opinion/inside-jammu-and-kashmir,kashmirobserver.net,kashmirobserver.net,English
2015-02-26,,http://www.kashmirobserver.net/news/local-news/ddc-cancels-doctors-leave,kashmirobserver.net,kashmirobserver.net,English
2015-02-26,,http://www.kashmirobserver.net/news/top-news/2-militants-killed-overnight-encounter-shopian,kashmirobserver.net,kashmirobserver.net,English
2015-02-26,,http://www.kashmirobserver.net/news/business/jk-bank-opens-3-new-branches,kashmirobserver.net,kashmirobserver.net,English
2015-02-26,,http://www.kashmirobserver.net/news/business/14th-finance-commission-award-governor-discusses-action-plan,kashmirobserver.net,kashmirobserver.net,English
2015-02-26,,http://www.kashmirobserver.net/news/local-news/minor-girl-raped-jammu-hospitalized,kashmirobserver.net,kashmirobserver.net,English
2015-02-26,,http://www.kashmirobserver.net/news/opinion/coming-full-circle,kashmirobserver.net,kashmirobserver.net,English
2015-02-26,,http://www.kashmirobserver.net/news/editorial/climate-terror,kashmirobserver.net,kashmirobserver.net,English
2015-02-26,,http://www.kashmirobserver.net/news/letters/have-reappraisal-strategy,kashmirobserver.net,kashmirobserver.net,English
2015-02-26,,http://www.kashmirobserver.net/news/top-news/no-proposal-delete-article-370-govt,kashmirobserver.net,kashmirobserver.net,English
2015-02-26,,http://www.kashmirobserver.net/news/top-news/no-let-h1n1-cases-33-more-test-positive,kashmirobserver.net,kashmirobserver.net,English
2015-02-26,,http://www.kashmirobserver.net/news/top-news/mehbooba-raises-pmsss-issue-ls,kashmirobserver.net,kashmirobserver.net,English
2015-02-26,,http://www.kashmirobserver.net/news/city/artists-protest-vandalisation-art-gallery,kashmirobserver.net,kashmirobserver.net,English
2015-02-26,,http://www.kashmirobserver.net/news/top-news/rains-cause-water-logging-fear-floods,kashmirobserver.net,kashmirobserver.net,English
2015-02-26,,http://www.kashmirobserver.net/news/local-news/pdp-cheated-voters-nc,kashmirobserver.net,kashmirobserver.net,English
2015-02-26,,"Dawn website, Karachi/BBC Monitoring/(c) BBC",BBC Monitoring,BBC Monitoring,English
2015-02-26,,http://www.dailyexcelsior.com/railway-to-fast-track-jk-and-ne-network/,dailyexcelsior.com,dailyexcelsior.com,English
2015-02-26,,http://www.turkishweekly.net/news/180830/indian-hindu-party-to-govern-in-kashmir-for-first-time.html,turkishweekly.net,turkishweekly.net,English
2015-02-26,,http://www.siasat.com/english/news/govt-book-those-playing-fraud-jk-students-hrd-minister,siasat.com,siasat.com,English
2015-02-26,,http://www.malaysiakini.com/letters/290349,malaysiakini.com,malaysiakini.com,English
2015-02-26,,http://twocircles.net/2015feb26/1424935725.html,twocircles.net,twocircles.net,English
2015-02-26,,http://ibnlive.in.com/news/railway-budget-2015-live-no-new-trains-no-fare-hike-focus-on-cleanliness-tech-and-passenger-amenities/530727-3.html,in.com,in.com,English
2015-02-26,,http://www.stlouisstar.com/index.php/sid/230587277,stlouisstar.com,stlouisstar.com,English
2015-02-26,,http://www.firstpost.com/india/india-helpline-wifi-facility-heres-rail-budget-2015-will-make-life-easier-2123143.html,firstpost.com,firstpost.com,English
2015-02-26,,"The Hindu website, Chennai/BBC Monitoring/(c) BBC",BBC Monitoring,BBC Monitoring,English
2015-02-26,,http://www.dnd.com.pk/pak-india-foreign-secretary-level-talks-to-cover-all-issues-fo/88387,dnd.com.pk,dnd.com.pk,English
2015-02-26,,http://www.business-standard.com/article/pti-stories/faster-rail-network-growth-in-j-k-commits-prabhu-115022600525_1.html,business-standard.com,business-standard.com,English
2015-02-26,,http://www.amcostarica.com/022515.htm,amcostarica.com,amcostarica.com,English
2015-02-26,,http://www.thenewsteller.com/pakistan/all-outstanding-issues-to-be-discussed-during-indian-foreign-secretarys-visit-foreign-office/9271/,thenewsteller.com,thenewsteller.com,English
2015-02-26,,http://www.tennesseedaily.com/index.php/sid/230587277,tennesseedaily.com,tennesseedaily.com,English
2015-02-26,,http://zeenews.india.com/business/budget-2015/rail-budget-2015-16-full-text_119604.html,india.com,india.com,English
2015-02-26,,http://ibnlive.in.com/news/rail-budget-2015-operation-five-minutes-hotbuttons-coin-vending-machines-new-features/530797-3.html,in.com,in.com,English
2015-02-26,,http://www.neworleanssun.com/index.php/sid/230587277,neworleanssun.com,neworleanssun.com,English
2015-02-26,,http://atimes.com/atimes/South_Asia/SOU-02-141014.html,atimes.com,atimes.com,English
2015-02-26,,http://www.travelbizmonitor.com/Top-Stories/centre-to-launch-incredible-rail-for-incredible-india-for-tourism-promotion-26713,travelbizmonitor.com,travelbizmonitor.com,English
2015-02-26,,http://ibnlive.in.com/news/full-text-of-suresh-prabhus-railway-budget-2015-speech/530789-3.html,in.com,in.com,English
2015-02-26,,http://www.haitisun.com/index.php/sid/230587277,haitisun.com,haitisun.com,English
2015-02-26,,http://www.iol.co.za:80/business/international/india-vows-boost-for-railways-1.1824066,iol.co.za,iol.co.za,English
2015-02-26,,http://news.xinhuanet.com/english/2015-02/26/c_134020980.htm,xinhuanet.com,xinhuanet.com,English
2015-02-26,,http://www.deccanchronicle.com/150226/nation-current-affairs/article/rail-budget-2015-no-tracks-no-trains-no-hike-passenger-fares,deccanchronicle.com,deccanchronicle.com,English
2015-02-26,,http://www.indianretailer.com/article/whats-hot/policy/Rail-Budget-2015-Railways-to-integrate-best-food-chains-for-e-catering-2982/,indianretailer.com,indianretailer.com,English
2015-02-26,,http://www.globalpost.com/dispatch/news/xinhua-news-agency/150226/6-injured-indian-controlled-kashmirs-bombing,globalpost.com,globalpost.com,English
2015-02-26,,http://www.manipalworldnews.com/2015/02/26/bjp-pdp-iron-last-minute-hitches-seal-jk-govt-deal/,manipalworldnews.com,manipalworldnews.com,English
2015-02-26,,http://www.vishwagujarat.com/india/clashes-erupted-at-kashmir-after-freedom-fighter-killed/,vishwagujarat.com,vishwagujarat.com,English
2015-02-26,,https://www.theindianpanorama.com/india/foreign-secretary-jaishankar-to-travel-to-pakistan/,theindianpanorama.com,theindianpanorama.com,English
2015-02-26,,http://zeenews.india.com/business/budget-2015/rail-budget-2015-16-faster-rail-network-growth-in-jandk-commits-prabhu_119629.html,india.com,india.com,English
2015-02-26,,http://in.reuters.com/article/2015/02/26/nagpur-soya-idINL4N0W03T120150226,reuters.com,reuters.com,English
2015-02-26,,http://economictimes.indiatimes.com/news/economy/infrastructure/27-railway-dam-projects-awaiting-forest-clearance-in-last-3-yrs-govt/articleshow/46383313.cms,indiatimes.com,indiatimes.com,English
2015-02-26,,https://in.news.yahoo.com/pak-discuss-disputes-indian-foreign-secretary-during-next-112700839.html,yahoo.com,yahoo.com,English
2015-02-26,,http://www.brecorder.com/top-news/1-front-top-news/228023-695-percent-work-completed-on-969-mw-neelum-jehlum-power-project.html,brecorder.com,brecorder.com,English
2015-02-26,,http://www.oneindia.com/india/railway-budget-full-of-lofty-ideas-but-no-action-plan-nitish-kumar-1666694.html,oneindia.com,oneindia.com,English
2015-02-26,,http://zeenews.india.com/business/budget-2015/railway-budget-full-of-lofty-ideas-but-no-action-plan-nitish_119619.html,india.com,india.com,English
2015-02-26,,http://news.webindia123.com/news/Articles/Business/20150226/2544510.html,webindia123.com,webindia123.com,English
2015-02-26,,http://en.cihan.com.tr/news/Cihan-News-Agency-Diary_1074-CHMTY5MTA3NA==,cihan.com.tr,cihan.com.tr,English
2015-02-26,,http://www.reviewnepal.com/full-article.php?news_id=1712,reviewnepal.com,reviewnepal.com,English
2015-02-26,,http://www.kmsnews.org/news/2015/02/26/jkml-teams-visit-different-areas-of-kashmir.html,kmsnews.org,kmsnews.org,English
2015-02-26,,http://www.thehindubusinessline.com/economy/policy/centre-working-with-states-for-24x7-power-supply-goyal/article6937071.ece,thehindubusinessline.com,thehindubusinessline.com,English
2015-02-26,,http://www.bignewsnetwork.com/index.php/sid/230598635,bignewsnetwork.com,bignewsnetwork.com,English
2015-02-26,,http://ddinews.gov.in/National/National%20-%20Headlines/Pages/snowfall.aspx,ddinews.gov.in,ddinews.gov.in,English
2015-02-26,,http://indianexpress.com/article/india/india-others/five-injured-in-grenade-explosion/,indianexpress.com,indianexpress.com,English
2015-02-26,,http://www.prweb.com/releases/2015/02/prweb12537789.htm,prweb.com,prweb.com,English
2015-02-26,,http://www.kashmirlife.net/mufti-rendered-art-370-hollow-jklf-chief-73937/,kashmirlife.net,kashmirlife.net,English
2015-02-26,,http://kashmirwatch.com/opinions.php/2015/02/26/bjp-to-launch-government-in-jammu-kashmir.html,kashmirwatch.com,kashmirwatch.com,English
2015-02-26,,http://www.sify.com/news/pak-to-discuss-all-disputes-with-indian-foreign-secretary-during-next-month-s-visit-news-international-pc0rJngihjfgi.html,sify.com,sify.com,English
2015-02-26,,http://www.irishsun.com/index.php/sid/230598479,irishsun.com,irishsun.com,English
2015-02-26,,http://zeenews.india.com/news/health/health-news/9-more-test-positive-for-swine-flu-in-kashmir_1553075.html,india.com,india.com,English
2015-02-26,,http://www.firstpost.com/business/railway-budget-2015-industry-lauds-prabhu-for-pro-growth-reform-oriented-steps-2123189.html,firstpost.com,firstpost.com,English
2015-02-26,,http://economictimes.indiatimes.com/news/politics-and-nation/rail-budget-2015-to-improve-passenger-amenities-labour-minister-bandaru-dattatreya/articleshow/46384800.cms,indiatimes.com,indiatimes.com,English
2015-02-26,,http://www.business-standard.com/article/news-ians/bjp-blames-congress-for-jammu-and-kashmir-problems-115022601059_1.html,business-standard.com,business-standard.com,English
2015-02-26,,http://www.daijiworld.com/news/news_disp.asp?n_id=299903,daijiworld.com,daijiworld.com,English
2015-02-26,,http://twocircles.net/2015feb26/1424957896.html,twocircles.net,twocircles.net,English
2015-02-26,,http://www.mizonews.net/economy/passengers-spared-freight-rates-hiked-in-indias-rail-budget/,mizonews.net,mizonews.net,English
2015-02-26,,http://economictimes.indiatimes.com/industry/indl-goods/svs/steel/steel-firms-hail-rail-budget-say-it-will-spur-demand/articleshow/46384868.cms,indiatimes.com,indiatimes.com,English
2015-02-26,,http://www.business-standard.com/article/news-ians/passengers-spared-freight-rates-hiked-in-india-s-rail-budget-intro-roundup-115022601060_1.html,business-standard.com,business-standard.com,English
2015-02-26,,http://www.mizonews.net/nation/sayeed-leaves-to-meet-narendra-modi-on-kashmir-government-formation/,mizonews.net,mizonews.net,English
2015-02-26,,http://www.mizonews.net/nation/bjp-blames-congress-for-jammu-and-kashmir-problems/,mizonews.net,mizonews.net,English
2015-02-26,,http://www.business-standard.com/article/pti-stories/army-working-towards-women-empowerment-in-j-k-115022601074_1.html,business-standard.com,business-standard.com,English
2015-02-26,,http://www.bignewsnetwork.com/index.php/sid/230598811,bignewsnetwork.com,bignewsnetwork.com,English
2015-02-26,,http://www.oneindia.com/india/j-k-govt-formation-sayeed-leaves-meet-pm-modi-give-formal-shape-alliance-1666949.html,oneindia.com,oneindia.com,English
2015-02-26,,http://www.deccanherald.com/content/462210/sayeed-leaves-meet-modi-kashmir.html,deccanherald.com,deccanherald.com,English
2015-02-26,,http://www.mizonews.net/nation/global-recession-melts-himachals-heliskiing-business/,mizonews.net,mizonews.net,English
2015-02-26,,http://zeenews.india.com/news/jammu-and-kashmir/jk-govt-formation-mufti-mohammed-sayeed-to-be-sworn-as-cm-on-sunday_1553095.html,india.com,india.com,English
2015-02-26,,http://www.daijiworld.com/news/news_disp.asp?n_id=299905,daijiworld.com,daijiworld.com,English
2015-02-26,,http://www.kashmirdispatch.com/headlines/260229315-mufti-has-nowadays-made-article-370-as-article-of-faith-says-malik.htm,kashmirdispatch.com,kashmirdispatch.com,English
2015-02-26,,http://www.deccanherald.com/content/462212/rail-budget-passengers-spared-freight.html,deccanherald.com,deccanherald.com,English
2015-02-26,,http://kashmirwatch.com/news.php/2015/02/26/stooges-of-india-playing-k-card-to-mislead-people-malik.html,kashmirwatch.com,kashmirwatch.com,English
2015-02-26,,http://www.economylead.com/politics/sayeed-leaves-to-meet-modi-on-kashmir-government-formation-58272,economylead.com,economylead.com,English
2015-02-26,,http://www.shanghaidaily.com/article/article_xinhua.aspx?id=270088,shanghaidaily.com,shanghaidaily.com,English
2015-02-26,,http://twocircles.net/2015feb26/1424958113.html,twocircles.net,twocircles.net,English
2015-02-26,,http://www.daijiworld.com/news/news_disp.asp?n_id=299910,daijiworld.com,daijiworld.com,English
2015-02-26,,http://www.business-standard.com/article/news-ani/mufti-to-discuss-common-minimum-programme-with-pm-modi-115022601077_1.html,business-standard.com,business-standard.com,English
2015-02-26,,http://www.indiatvnews.com/politics/national/mufti-to-be-sworn-in-as-jk-cm-on-sunday-26838.html,indiatvnews.com,indiatvnews.com,English
2015-02-26,,http://www.deccanchronicle.com/150226/nation-current-affairs/article/rajasthan-ex-minister-gulabchand-kataria-discharged,deccanchronicle.com,deccanchronicle.com,English
2015-02-26,,http://www.business-standard.com/article/pti-stories/snow-rains-in-hilly-areas-pleasant-weather-in-plains-115022601169_1.html,business-standard.com,business-standard.com,English
2015-02-26,,http://www.thehindubusinessline.com/system/topicRoot/Rail_Budget_2015/,thehindubusinessline.com,thehindubusinessline.com,English
2015-02-26,,http://www.thehindubusinessline.com/economy/budget/rail-budget-2015-between-gravy-train-and-gravitas-suresh-prabhu-does-a-tight-rope/article6935859.ece,thehindubusinessline.com,thehindubusinessline.com,English
2015-02-26,,http://www.thehindubusinessline.com/economy/budget/opposition-slams-rail-budget/article6936787.ece,thehindubusinessline.com,thehindubusinessline.com,English
2015-02-26,,http://www.firstpost.com/politics/mufti-mohammed-sayeed-sworn-jk-chief-minister-sunday-2124007.html,firstpost.com,firstpost.com,English
2015-02-26,,http://www.kntvnews.in/passengers-spared-freight-rates-hiked-indias-rail-budget/,kntvnews.in,kntvnews.in,English
2015-02-26,,http://ibnlive.in.com/news/various-delegations-discuss-issues-with-jammu-and-kashmir-governor/530868-3-245.html,in.com,in.com,English
2015-02-26,,http://www.daijiworld.com/news/news_disp.asp?n_id=299958,daijiworld.com,daijiworld.com,English
2015-02-26,,http://timesofindia.indiatimes.com/india/Pakistan-army-chief-warns-India-ahead-of-Jaishankars-visit/articleshow/46386149.cms,indiatimes.com,indiatimes.com,English
2015-02-26,,http://www.news18.com/latest/news/key-highlights-of-rail-budget-2015-530862.html,news18.com,news18.com,English
2015-02-26,,http://www.thehindu.com/news/national/swine-flu-toll-nears-1000/article6937598.ece,thehindu.com,thehindu.com,English
2015-02-26,,http://www.iraqsun.com/index.php/sid/230598815,iraqsun.com,iraqsun.com,English
2015-02-26,,http://www.austinglobe.com/index.php/sid/230598635,austinglobe.com,austinglobe.com,English
2015-02-26,,http://timesofindia.indiatimes.com/india/JK-govt-to-harness-111-GW-solar-power-in-Ladakh/articleshow/46385901.cms,indiatimes.com,indiatimes.com,English
2015-02-26,,http://www.rediff.com/news/special/scientists-quarrel-over-indias-tiger-numbers/20150226.htm,rediff.com,rediff.com,English
2015-02-26,,http://www.scoopnews.in/det.aspx?q=44851,scoopnews.in,scoopnews.in,English
2015-02-26,,http://www.outlookindia.com/news/article/Army-Working-Towards-Women-Empowerment-in-JK/883197,outlookindia.com,outlookindia.com,English
2015-02-26,,http://economictimes.indiatimes.com/news/politics-and-nation/mufti-mohammed-sayeed-to-be-sworn-in-as-jammu-and-kashmir-cm-on-sunday/articleshow/46386362.cms,indiatimes.com,indiatimes.com,English
2015-02-26,,http://www.haitisun.com/index.php/sid/230598635,haitisun.com,haitisun.com,English
2015-02-26,,http://www.siasat.com/english/news/pak-discuss-all-disputes-indian-foreign-secretary-during-next-months-visit,siasat.com,siasat.com,English
2015-02-26,,http://www.business-standard.com/article/news-ians/debate-on-article-370-ploy-to-change-kashmir-discourse-malik-115022601270_1.html,business-standard.com,business-standard.com,English
2015-02-26,,http://indiatoday.intoday.in/story/swine-flu-deaths-rise-india/1/421180.html,indiatoday.intoday.in,indiatoday.intoday.in,English
2015-02-26,,http://deshgujarat.com/2015/02/26/book-your-railway-ticket-4-months-in-advance/,deshgujarat.com,deshgujarat.com,English
2015-02-26,,http://www.siasat.com/english/news/debate-article-370-ploy-change-kashmir-discourse-malik,siasat.com,siasat.com,English
2015-02-26,,http://www.teleanalysis.com/analysis/will-ict-transform-indian-railways-13360.html,teleanalysis.com,teleanalysis.com,English
2015-02-26,,http://www.rediff.com/news/column/pakistans-rulers-can-deceive-anyone-and-everyone/20150226.htm,rediff.com,rediff.com,English
2015-02-26,,http://www.sruti.com/index.php?main_page=product_info&products_id=237&zenid=rumuq1i01r9boamsucnegpsq41,sruti.com,sruti.com,English
2015-02-26,,http://www.bssnews.net/newsDetails.php?cat=0&id=474033&date=2015-02-26,bssnews.net,bssnews.net,English
2015-02-26,,http://www.oklahomacitysun.com/index.php/sid/230598635,oklahomacitysun.com,oklahomacitysun.com,English
2015-02-26,,https://in.news.yahoo.com/debate-article-370-ploy-change-kashmir-discourse-malik-152404197.html,yahoo.com,yahoo.com,English
2015-02-26,,http://www.outlookindia.com/news/article/Cong-Questions-BJP-on-Its-Stand-on-Article-370/883207,outlookindia.com,outlookindia.com,English
2015-02-26,,http://bdnews24.com/politics/2015/02/26/did-pm-go-to-court-even-once-bnp-asks,bdnews24.com,bdnews24.com,English
2015-02-26,,https://en-maktoob.news.yahoo.com/pakistan-army-chief-warns-india-ahead-talks-164215572.html,yahoo.com,yahoo.com,English
2015-02-26,,http://www.bssnews.net/newsDetails.php?cat=0&id=474025&date=2015-02-26,bssnews.net,bssnews.net,English
2015-02-26,,http://www.bd.banglanews24.com/fullnews/bn/107387,banglanews24.com,banglanews24.com,English
2015-02-26,,http://hindupad.com/story-of-mani-malla-demons-malla-mani/,hindupad.com,hindupad.com,English
2015-02-26,,http://www.sruti.com/index.php?main_page=product_info&products_id=372&zenid=fsg9fm773iekfa03rjfivspei2,sruti.com,sruti.com,English
2015-02-26,,http://www.kashmirdispatch.com/sameer-bhat/211210446-shabnam-the-woman-who-was-raped-twice.htm,kashmirdispatch.com,kashmirdispatch.com,English
2015-02-26,,http://www.kashmirdispatch.com/headlines/260229318-authorities-free-30-kanals-of-grabbed-land-in-ganderbal.htm,kashmirdispatch.com,kashmirdispatch.com,English
2015-02-26,,http://twocircles.net/2015feb26/1424969322.html,twocircles.net,twocircles.net,English
2015-02-26,,http://www.mydigitalfc.com/getaways/snow-ski-321,mydigitalfc.com,mydigitalfc.com,English
2015-02-26,,http://www.kashmirdispatch.com/headlines/260229316-kashmir-govt-challenges-gulzar-peer-s-acquittal-calls-court-judgment-erroneous.htm,kashmirdispatch.com,kashmirdispatch.com,English
2015-02-26,,https://in.news.yahoo.com/pakistan-army-chief-warns-india-ahead-talks-163803457.html,yahoo.com,yahoo.com,English
2015-02-26,,http://zeenews.india.com/news/south-asia/pak-army-chief-warns-india-ahead-of-jaishankars-visit_1553219.html,india.com,india.com,English
2015-02-26,,http://economictimes.indiatimes.com/news/politics-and-nation/devendra-fadnavis-calls-rail-budget-practical-opposition-slams-suresh-prabhu/articleshow/46387572.cms,indiatimes.com,indiatimes.com,English
2015-02-26,,http://news.webindia123.com/news/Articles/Asia/20150226/2544669.html,webindia123.com,webindia123.com,English
2015-02-26,,http://www.outlookindia.com/news/article/Historical-Opportunity-for-Reconciliation-BJP-on-New-JK-Govt/883234,outlookindia.com,outlookindia.com,English
2015-02-26,,http://www.kashmirdispatch.com/headlines/260229320-two-hizb-militants-laid-to-rest-thousands-attend-funeral.htm,kashmirdispatch.com,kashmirdispatch.com,English
2015-02-26,,http://www.kashmirmonitor.in/news-record-288-million-viewers-tuned-in-for-india-pak-wc-clash-80036.aspx,kashmirmonitor.in,kashmirmonitor.in,English
2015-02-26,,http://www.risingkashmir.com/our-blood-is-red-too/,risingkashmir.com,risingkashmir.com,English
2015-02-26,,http://www.malaysiasun.com/index.php/sid/230598991,malaysiasun.com,malaysiasun.com,English
2015-02-26,,http://www.kntvnews.in/debate-article-370-ploy-change-kashmir-discourse-malik/,kntvnews.in,kntvnews.in,English
2015-02-26,,http://www.kashmirmonitor.in/news-a-healing-touch-how-a-team-of-indian-muslims-made-history-80005.aspx,kashmirmonitor.in,kashmirmonitor.in,English
2015-02-26,,http://www.dailykashmirimages.com/news-poll-boycott-campaign-was-defeated-by-centre-jklf-73487.aspx,dailykashmirimages.com,dailykashmirimages.com,English
2015-02-26,,http://www.kashmirmonitor.in/news-use-cheap-crude-to-fix-fiscal-trade-deficits-rbi-80046.aspx,kashmirmonitor.in,kashmirmonitor.in,English
2015-02-26,,http://www.kashmirmonitor.in/news-us-israel-spat-intensifies-over-netanyahu-speech-80024.aspx,kashmirmonitor.in,kashmirmonitor.in,English
2015-02-26,,http://www.kashmirmonitor.in/news-environment-ministry-upsc-staffers-arrested-80015.aspx,kashmirmonitor.in,kashmirmonitor.in,English
2015-02-26,,http://www.dailykashmirimages.com/news-ai-report-deflates-indias-zero-hr-violations-claim-in-kashmir-hurriyat-m-73454.aspx,dailykashmirimages.com,dailykashmirimages.com,English
2015-02-26,,http://thedailynewnation.com/news/44525/bnp-alliance-threatens-another-spell-of-hartal.html,thedailynewnation.com,thedailynewnation.com,English
2015-02-26,,http://www.dailykashmirimages.com/news-governor-reviews-work-of-project-monitoring-cell-73478.aspx,dailykashmirimages.com,dailykashmirimages.com,English
2015-02-26,,http://thedailynewnation.com/news/44521/fbcci-to-seek-ban-on-hartal-blockade.html,thedailynewnation.com,thedailynewnation.com,English
2015-02-26,,http://thedailynewnation.com/news/44425/no-response-to-hartal.html,thedailynewnation.com,thedailynewnation.com,English
2015-02-26,,http://www.dailykashmirimages.com/news-pdd-employees-protest-against-proposed-privatization-of-power-sector-73457.aspx,dailykashmirimages.com,dailykashmirimages.com,English
2015-02-26,,http://www.bangladeshsun.com/index.php/sid/230598991,bangladeshsun.com,bangladeshsun.com,English
2015-02-26,,http://www.dailykashmirimages.com/news-record-288-million-viewers-tuned-in-for-india-pak-wc-clash-73435.aspx,dailykashmirimages.com,dailykashmirimages.com,English
2015-02-26,,http://www.austinglobe.com/index.php/sid/230598991,austinglobe.com,austinglobe.com,English
2015-02-26,,http://www.dailykashmirimages.com/news-kejriwal-nitish-and-the-art-of-saying-sorry-73442.aspx,dailykashmirimages.com,dailykashmirimages.com,English
2015-02-26,,http://www.dailykashmirimages.com/news-pdp-patron-to-be-sworn-in-as-j-k-cm-on-sunday-73493.aspx,dailykashmirimages.com,dailykashmirimages.com,English
2015-02-26,,http://www.niticentral.com/2015/02/26/jammu-and-kashmir-army-working-towards-women-empowerment-303882.html,niticentral.com,niticentral.com,English
2015-02-26,,http://www.kashmirmonitor.in/news-%E2%80%98pcb-not-interested-in-wasim%E2%80%99s-help%E2%80%99-80035.aspx,kashmirmonitor.in,kashmirmonitor.in,English
2015-02-26,,http://new-age-islam.blogspot.com/2015/02/malaysian-government-to-search-out.html,blogspot.com,blogspot.com,English
2015-02-26,,http://www.onlinenews.com.pk/details.php?newsid=286072,onlinenews.com.pk,onlinenews.com.pk,English
2015-02-26,,http://www.dailykashmirimages.com/news-seminar-on-%E2%80%9Chealth-is-wealth%E2%80%9D-under-cap-organized-at-doda-73466.aspx,dailykashmirimages.com,dailykashmirimages.com,English
2015-02-26,,http://www.dnaindia.com/world/report-modi-s-decisive-leadership-to-bring-india-us-closer-says-top-american-spy-official-2064572,dnaindia.com,dnaindia.com,English
2015-02-26,,http://kashmirreader.com/40-stranded-villagers-rescued-in-kupwara-35133,kashmirreader.com,kashmirreader.com,English
2015-02-26,,http://www.middleeaststar.com/index.php/sid/230598991,middleeaststar.com,middleeaststar.com,English
2015-02-26,,http://www.kashmirmonitor.in/news-pakistan-mulls-way-to-stop-horse-trading-in-senate-polls-80022.aspx,kashmirmonitor.in,kashmirmonitor.in,English
2015-02-26,,http://www.indiagazette.com/index.php/sid/230598811,indiagazette.com,indiagazette.com,English
2015-02-26,,http://www.dailykashmirimages.com/news-gayle-gives-south-africa-windies-world-cup-game-a-new-look-73437.aspx,dailykashmirimages.com,dailykashmirimages.com,English
2015-02-26,,http://www.dailykashmirimages.com/news-pak-army-chief-warns-india-ahead-of-fs-visit-73491.aspx,dailykashmirimages.com,dailykashmirimages.com,English
2015-02-26,,http://www.dailykashmirimages.com/news-army-distributes-study-material-among-needy-children-73451.aspx,dailykashmirimages.com,dailykashmirimages.com,English
2015-02-26,,http://www.dnaindia.com/india/report-pakistani-rangers-violate-ceasefire-target-bop-in-rs-pura-sector-of-jammu-2064571,dnaindia.com,dnaindia.com,English
2015-02-26,,http://zeenews.india.com/news/india/five-new-secretaries-appointed-jugal-mohapatra-gets-rural_1553235.html,india.com,india.com,English
2015-02-26,,http://www.kashmirmonitor.in/news-bjp-calls-it-revolutionary-congress-disappointed-80017.aspx,kashmirmonitor.in,kashmirmonitor.in,English
2015-02-26,,http://www.business-standard.com/article/pti-stories/pak-rangers-violate-ceasefire-target-bop-in-rs-pura-115022601478_1.html,business-standard.com,business-standard.com,English
2015-02-26,,http://www.kashmirmonitor.in/news-kejriwal-keeps-poll-promises-halves-power-tariff-gives-20k-litres-free-water-80016.aspx,kashmirmonitor.in,kashmirmonitor.in,English
2015-02-26,,http://new-age-islam.blogspot.com/2015/02/islamic-extremism-gift-from-pakistan-to.html,blogspot.com,blogspot.com,English
2015-02-26,,http://www.kashmirmonitor.in/news-mufti-modi-meet-today-%E2%80%98agenda-for-alliance%E2%80%99-to-be-released-80067.aspx,kashmirmonitor.in,kashmirmonitor.in,English
2015-02-26,,http://www.patnadaily.com/index.php/news/10490-nitish-kumar-does-not-like-the-new-railway-budget.html,patnadaily.com,patnadaily.com,English
2015-02-26,,http://www.dailykashmirimages.com/news-writers-take-centre-stage-73443.aspx,dailykashmirimages.com,dailykashmirimages.com,English
2015-02-26,,http://www.kashmirmonitor.in/news-south-africa-face-must-win-match-against-windies-80038.aspx,kashmirmonitor.in,kashmirmonitor.in,English
2015-02-26,,http://www.kashmirmonitor.in/news-for-the-west-isis-is-islam-80007.aspx,kashmirmonitor.in,kashmirmonitor.in,English
2015-02-26,,http://www.kashmirmonitor.in/news-hyundai-to-launch-i20-active-in-march-80045.aspx,kashmirmonitor.in,kashmirmonitor.in,English
2015-02-26,,http://thedailynewnation.com/news/44516/booklet-on-n-energy-unveiled.html,thedailynewnation.com,thedailynewnation.com,English
2015-02-26,,http://thedailynewnation.com/news/44533/prioritising-redistribution-over-growth-matters-much.html,thedailynewnation.com,thedailynewnation.com,English
2015-02-26,,http://www.kashmirmonitor.in/news-isis-abducts-at-least-220-assyrian-christians-during-three-day-offensive-80021.aspx,kashmirmonitor.in,kashmirmonitor.in,English
2015-02-26,,http://www.kashmirmonitor.in/news-%E2%80%98faster-rail-network-growth-in-jk%E2%80%99-80059.aspx,kashmirmonitor.in,kashmirmonitor.in,English
2015-02-26,,http://www.dailykashmirimages.com/news-death-of-pregnant-woman-73449.aspx,dailykashmirimages.com,dailykashmirimages.com,English
2015-02-26,,http://www.kashmirmonitor.in/news-5-civilians-injured-in-shopian-explosion-80058.aspx,kashmirmonitor.in,kashmirmonitor.in,English
2015-02-26,,http://odishasuntimes.com/115518/odishas-jugal-kishore-mohapatra-new-union-rd-secretary/,odishasuntimes.com,odishasuntimes.com,English
2015-02-26,,http://kashmirreader.com/historical-opportunity-for-reconciliation-jaitley-35222,kashmirreader.com,kashmirreader.com,English
2015-02-26,,http://www.scoopnews.in/det.aspx?q=44859,scoopnews.in,scoopnews.in,English
2015-02-26,,http://timesofindia.indiatimes.com/city/goa/End-of-a-spectacular-intellectual-dynasty/articleshow/46388751.cms,indiatimes.com,indiatimes.com,English
2015-02-26,,http://www.risingkashmir.com/provide-immediate-care-to-swine-flu-affected-people-hc-directs-govt/,risingkashmir.com,risingkashmir.com,English
2015-02-26,,http://www.risingkashmir.com/shah-inspects-jktdc-properties-at-katra/,risingkashmir.com,risingkashmir.com,English
2015-02-26,,http://www.asianage.com/india/mufti-muhammad-sayeed-delhi-meet-pm-modi-today-oath-sunday-206,asianage.com,asianage.com,English
2015-02-26,,http://www.risingkashmir.com/cuk-v-c-reviews-varsity-functioning-after-winter-break/,risingkashmir.com,risingkashmir.com,English
2015-02-26,,http://www.risingkashmir.com/union-health-ministry-deputes-experts-to-assess-situation-in-jk/,risingkashmir.com,risingkashmir.com,English
2015-02-26,,http://www.risingkashmir.com/goi-promises-faster-rail-network-growth-in-jk/,risingkashmir.com,risingkashmir.com,English
2015-02-26,,http://www.risingkashmir.com/no-rail-coach-factory-for-jk/,risingkashmir.com,risingkashmir.com,English
2015-02-26,,http://www.risingkashmir.com/to-be-or-not-to-be-a-teacher/,risingkashmir.com,risingkashmir.com,English
2015-02-26,,http://www.risingkashmir.com/2-killed-in-landslide-on-jammu-srinagar-highway/,risingkashmir.com,risingkashmir.com,English
2015-02-26,,http://www.risingkashmir.com/smc-discusses-drainage-project-reviews-dewatering-in-city/,risingkashmir.com,risingkashmir.com,English
2015-02-26,,http://www.bignewsnetwork.com/index.php/sid/230610561,bignewsnetwork.com,bignewsnetwork.com,English
2015-02-26,,http://www.risingkashmir.com/for-mominabaad-flood-miseries-far-from-over/,risingkashmir.com,risingkashmir.com,English
2015-02-26,,http://www.risingkashmir.com/ufbu-iba-ink-bipartite-settlement/,risingkashmir.com,risingkashmir.com,English
2015-02-26,,http://www.risingkashmir.com/bhan-urges-delhi-to-reach-out-to-separatists/,risingkashmir.com,risingkashmir.com,English
2015-02-26,,http://www.risingkashmir.com/police-challenges-gulzar-peers-acquittal-in-hc/,risingkashmir.com,risingkashmir.com,English
2015-02-26,,http://www.risingkashmir.com/no-love-lost-for-papier-mache-art/,risingkashmir.com,risingkashmir.com,English
2015-02-26,,http://www.business-standard.com/budget/article/high-speed-trains-to-chug-on-nine-routes-115022700043_1.html,business-standard.com,business-standard.com,English
2015-02-26,,http://www.risingkashmir.com/seminar-on-influenza-h1n1-organised-2/,risingkashmir.com,risingkashmir.com,English
2015-02-26,,http://www.risingkashmir.com/malik-concedes-defeat-to-bjps-coercive-electoral-tactics/,risingkashmir.com,risingkashmir.com,English
2015-02-26,,http://www.risingkashmir.com/h1n1-project-expires-in-march/,risingkashmir.com,risingkashmir.com,English
2015-02-26,,http://www.risingkashmir.com/jammu-doctor-dies-of-h1n1-in-delhi/,risingkashmir.com,risingkashmir.com,English
2015-02-26,,http://www.risingkashmir.com/responsible-journalism/,risingkashmir.com,risingkashmir.com,English
2015-02-26,,http://www.risingkashmir.com/mufti-meeting-modi-today/,risingkashmir.com,risingkashmir.com,English
2015-02-26,,http://www.risingkashmir.com/jaitley-tears-congress-apart-on-jk/,risingkashmir.com,risingkashmir.com,English
2015-02-26,,http://www.risingkashmir.com/vaccination-of-paramedics-should-be-on-priority-dak-tells-govt/,risingkashmir.com,risingkashmir.com,English
2015-02-26,,http://www.risingkashmir.com/nielit-signs-mou-with-council-for-science-technology/,risingkashmir.com,risingkashmir.com,English
2015-02-26,,http://www.risingkashmir.com/cong-questions-bjp-on-its-stand-on-art-370/,risingkashmir.com,risingkashmir.com,English
2015-02-26,,http://www.risingkashmir.com/name-change/,risingkashmir.com,risingkashmir.com,English
2015-02-26,,http://www.risingkashmir.com/mla-kishtwar-calls-on-governor/,risingkashmir.com,risingkashmir.com,English
2015-02-26,,http://www.risingkashmir.com/afspa-again/,risingkashmir.com,risingkashmir.com,English
2015-02-26,,http://www.risingkashmir.com/persecution-of-muslims/,risingkashmir.com,risingkashmir.com,English
2015-02-26,,http://www.risingkashmir.com/western-educational-ethics-and-islam-ii/,risingkashmir.com,risingkashmir.com,English
2015-02-26,,http://www.asiabulletin.com/index.php/sid/230610673,asiabulletin.com,asiabulletin.com,English
2015-02-26,,http://onlinenews.com.pk/details.php?newsid=286070&catname=World,onlinenews.com.pk,onlinenews.com.pk,English
2015-02-26,,http://www.dailymail.co.uk/indiahome/indianews/article-2970831/J-K-set-BJP-PDP-government-March-1.html,dailymail.co.uk,dailymail.co.uk,English
2015-02-26,,http://www.outlookindia.com/news/article/Pak-Rangers-Violate-Ceasefire-Target-BoP-in-RS-Pura/883250,outlookindia.com,outlookindia.com,English
2015-02-27,,http://www.indiagazette.com/index.php/sid/230610561,indiagazette.com,indiagazette.com,English
2015-02-27,,http://www.sruti.com/index.php?main_page=product_info&products_id=237&zenid=gahjfdv44upduocg3fcpsku156,sruti.com,sruti.com,English
2015-02-27,,http://qz.com/352278/quartz-daily-brief-americas-net-neutrality-isils-jihadi-john-weak-american-satire-indian-food-revelations/,qz.com,qz.com,English
2015-02-27,,http://www.dnaindia.com/india/report-wanted-rs-856-lakh-crore-to-put-railways-back-on-track-2064563,dnaindia.com,dnaindia.com,English
2015-02-27,,http://www.indiagazette.com/index.php/sid/230615559,indiagazette.com,indiagazette.com,English
2015-02-27,,http://www.nyoooz.com/news/jammu/jammu-doctor-dies-in-delhi/62013.html,nyoooz.com,nyoooz.com,English
2015-02-27,,http://www.thehindu.com/news/cities/Thiruvananthapuram/accurate-quake-forecast-in-2-decades/article6939531.ece,thehindu.com,thehindu.com,English
2015-02-27,,http://www.thehindu.com/news/cities/chennai/pahal-weeds-out-dormant-consumers/article6939880.ece,thehindu.com,thehindu.com,English
2015-02-27,,http://www.newindianexpress.com/nation/PM-to-Attend-Mufti-Govts-Swearing-in/2015/02/27/article2689213.ece,newindianexpress.com,newindianexpress.com,English
2015-02-27,,http://www.asianage.com/mumbai/bombay-high-court-takes-cognisance-sc-s-undertrials-order-289,asianage.com,asianage.com,English
2015-02-27,,http://www.sify.com/news/to-convey-indias-rich-heritage-pdp-leader-quotes-jana-sangh-news-national-pc0vEggchfgfd.html,sify.com,sify.com,English
2015-02-27,,http://www.sify.com/news/debate-on-article-370-ploy-to-change-kashmir-discourse-malik-news-others-pc0vaFjgjidgc.html,sify.com,sify.com,English
2015-02-27,,http://www.sify.com/news/historical-opportunity-for-reconciliation-bjp-on-new-jk-govt-news-national-pc0va3ifhcghb.html,sify.com,sify.com,English
2015-02-27,,http://www.risingkashmir.com/swine-flu-awareness-programs-held-in-ganderbal-anantnag/,risingkashmir.com,risingkashmir.com,English
2015-02-27,,http://www.dawn.com/news/1166094,dawn.com,dawn.com,English
2015-02-27,,http://www.indianretailer.com/article/whats-hot/policy/Food-catering-eCommerce-Home-retail-service-biggest-beneficiaries-of-Rail-Budget-2015-2982/,indianretailer.com,indianretailer.com,English
2015-02-27,,http://www.newindianexpress.com/nation/Narendra-Modi-to-Attend-Mufti-Governments-Swearing-in-on-Sunday/2015/02/27/article2689213.ece,newindianexpress.com,newindianexpress.com,English
2015-02-27,,http://www.firstpost.com/india/all-india-helpline-to-e-catering-how-rail-budget-2015-will-make-life-easier-for-passengers-2123143.html,firstpost.com,firstpost.com,English
2015-02-27,,http://dc.asianage.com/mumbai/bombay-high-court-takes-cognisance-sc-s-undertrials-order-289,asianage.com,asianage.com,English
2015-02-27,,http://www.deccanchronicle.com/150227/nation-current-affairs/article/cmp-be-released-after-mufti-pm-meet,deccanchronicle.com,deccanchronicle.com,English
2015-02-27,,http://www.ndtv.com/india-news/upas-land-law-defective-posed-threat-to-indias-security-says-finance-minister-arun-jaitley-742801,ndtv.com,ndtv.com,English
2015-02-27,,http://tribune.com.pk/story/844970/ahead-of-secretary-level-talks-army-chief-warns-india-to-expect-matching-response/,tribune.com.pk,tribune.com.pk,English
2015-02-27,,http://www.thenews.com.pk/Todays-News-13-36110-India%E2%80%99s-border-violations-to-get-befitting-response-Gen-Raheel,thenews.com.pk,thenews.com.pk,English
2015-02-27,,http://www.news18.com/latest/news/pm-modis-decisive-leadership-to-bring-india-us-closer-america-530907.html,news18.com,news18.com,English
2015-02-27,,http://www.dnaindia.com/india/report-mufti-mohammed-sayeed-meets-pm-modi-ahead-of-swearing-in-of-pdp-bjp-govt-in-jk-2064594,dnaindia.com,dnaindia.com,English
2015-02-27,,http://www.newindianexpress.com/nation/Mufti-Sayeed-Meets-Modi-on-Jammu-and-Kashmir-Government-Formation/2015/02/27/article2689626.ece,newindianexpress.com,newindianexpress.com,English
2015-02-27,,http://www.omantribune.com/index.php?page=news&&id=184989&heading=Business,omantribune.com,omantribune.com,English
2015-02-27,,http://www.saharasamay.com/nation-news/676569232/pm-modi-designated-j-k-chief-minister-mufti-to-seal-deal.html,saharasamay.com,saharasamay.com,English
2015-02-27,,http://www.daijiworld.com/news/news_disp.asp?n_id=300018,daijiworld.com,daijiworld.com,English
2015-02-27,,http://www.business-standard.com/article/news-ians/lightning-kills-eight-in-uttar-pradesh-115022700129_1.html,business-standard.com,business-standard.com,English
2015-02-27,,http://www.business-standard.com/article/pti-stories/sayeed-meets-modi-ahead-of-swearing-in-of-pdp-bjp-govt-in-jk-115022700135_1.html,business-standard.com,business-standard.com,English
2015-02-27,,http://www.omantribune.com/index.php?page=news&id=184989&heading=Business,omantribune.com,omantribune.com,English
2015-02-27,,http://zeenews.india.com/news/india/pdp-patron-mufti-sayeed-meets-pm-modi-to-finalise-jk-alliance_1553318.html,india.com,india.com,English
2015-02-27,,http://www.ndtv.com/world-news/pakistan-army-chief-warns-india-ahead-of-foreign-secretary-s-jaishankars-visit-742823,ndtv.com,ndtv.com,English
2015-02-27,,http://www.financialexpress.com/article/miscellaneous/jammu-and-kashmir-mufti-mohammed-sayeed-meets-narendra-modi-ahead-of-swearing-in-of-pdp-bjp-govt/48222/,financialexpress.com,financialexpress.com,English
2015-02-27,,http://us.india.com/news/india/mufti-mohammed-sayeed-meets-narendra-modi-ahead-of-swearing-in-of-pdp-bjp-alliance-in-jammu-and-kashmir-298222/,india.com,india.com,English
2015-02-27,,http://zeenews.india.com/news/jammu-and-kashmir/moderate-intensity-earthquake-jolts-kashmir_1553360.html,india.com,india.com,English
2015-02-27,,http://ibnlive.in.com/news/ahead-of-taking-over-as-jk-cm-mufti-mohammad-sayeed-meets-narendra-modi-in-delhi/530923-37-64.html,in.com,in.com,English
2015-02-27,,http://www.dhakatribune.com/bangladesh/2015/feb/27/blockade-hartals-choke-gaibandha-hosiery-industry,dhakatribune.com,dhakatribune.com,English
2015-02-27,,http://www.risingkashmir.com/mufti-meets-modi/,risingkashmir.com,risingkashmir.com,English
2015-02-27,,http://bharatpress.com/2015/02/27/ahead-of-taking-over-as-jk-cm-mufti-mohammad-sayeed-meets-narendra-modi-in-delhi/,bharatpress.com,bharatpress.com,English
2015-02-27,,http://www.naharnet.com/stories/en/169278-5-4-magnitude-earthquake-hits-northwest-pakistan,naharnet.com,naharnet.com,English
2015-02-27,,http://www.thehealthsite.com/news/swine-flu-in-delhi-most-affected-state-death-toll-reaches-1000/,thehealthsite.com,thehealthsite.com,English
2015-02-27,,http://en.prothom-alo.com/bangladesh/news/59763/Another-arson-victim-dies-at-DMCH,prothom-alo.com,prothom-alo.com,English
2015-02-27,,http://www.rediff.com/business/report/budget-railways-india-inc-bets-big-on-railways-orders/20150227.htm,rediff.com,rediff.com,English
2015-02-27,,http://www.kmsnews.org/news/2015/02/27/43845.html,kmsnews.org,kmsnews.org,English
2015-02-27,,http://www.businesstimes.com.sg/government-economy/54-magnitude-earthquake-hits-northwest-pakistan,businesstimes.com.sg,businesstimes.com.sg,English
2015-02-27,,http://www.newindianexpress.com/nation/Moderate-Intensity-Tremor-Jolts-Kashmir-No-Casualty-Reported/2015/02/27/article2689650.ece,newindianexpress.com,newindianexpress.com,English
2015-02-27,,http://www.vishwagujarat.com/international/all-issues-to-be-discussed-with-india-pakistan/,vishwagujarat.com,vishwagujarat.com,English
2015-02-27,,http://www.hindustantimes.com/chandigarh/worrying-signs-for-congress-not-just-bajwa/article1-1321112.aspx,hindustantimes.com,hindustantimes.com,English
2015-02-27,,http://www.ndtv.com/world-news/moderate-earthquake-strikes-pakistan-5-injured-742848,ndtv.com,ndtv.com,English
2015-02-27,,http://www.business-standard.com/article/pti-stories/moderate-quake-strikes-pakistan-five-injured-115022700223_1.html,business-standard.com,business-standard.com,English
2015-02-27,,http://www.vishwagujarat.com/politics/mufti-meets-prime-minister-modi-finalises-cabinet/,vishwagujarat.com,vishwagujarat.com,English
2015-02-27,,http://www.straitstimes.com:80/news/asia/south-asia/story/54-magnitude-earthquake-hits-north-west-pakistan-least-5-people-injured-2,straitstimes.com,straitstimes.com,English
2015-02-27,,http://www.vishwagujarat.com/international/pakistan-army-chief-warns-india-ahead-of-talks/,vishwagujarat.com,vishwagujarat.com,English
2015-02-27,,http://kaumudiglobal.com/innerpage1.php?newsid=61720,kaumudiglobal.com,kaumudiglobal.com,English
2015-02-27,,http://www.business-standard.com/article/news-ani/pm-modi-has-agreed-to-attend-my-swearing-in-ceremony-mufti-mohammad-sayeed-115022700238_1.html,business-standard.com,business-standard.com,English
2015-02-27,,http://www.sruti.com/index.php?main_page=product_info&products_id=340&zenid=jm1h32fqddsnu5507cj6dplav5,sruti.com,sruti.com,English
2015-02-27,,http://www.newkerala.com/news/2015/fullnews-24582.html,newkerala.com,newkerala.com,English
2015-02-27,,http://www.thehansindia.com/posts/index/2015-02-27/Pakistan-threatens-to-retaliate-LoC-violation-134144,thehansindia.com,thehansindia.com,English
2015-02-27,,http://www.oneindia.com/india/finishing-touch-bjp-pdp-govt-j-k-mufti-sayeed-meets-pm-modi-1667527.html,oneindia.com,oneindia.com,English
2015-02-27,,http://www.mid-day.com/articles/mufti-meets-modi-finalises-cabinet/16023178,mid-day.com,mid-day.com,English
2015-02-27,,https://in.news.yahoo.com/pm-modi-will-attend-swearing-in-ceremony--says-pdp-s-mufti-mohammad-sayeed-064222902.html,yahoo.com,yahoo.com,English
2015-02-27,,http://m.thehindu.com/news/international/strong-earthquake-jolts-parts-of-pakistan/article6940050.ece/?secid=2780,thehindu.com,thehindu.com,English
2015-02-27,,http://post.jagran.com/jammu-doctor-dies-of-swine-flu-in-delhi-1425017015,jagran.com,jagran.com,English
2015-02-27,,http://www.kashmirobserver.net/news/local-news/2-killed-highway-landslide,kashmirobserver.net,kashmirobserver.net,English
2015-02-27,,http://newsweekpakistan.com/5-4-magnitude-earthquake-hits-northwest-pakistan/,newsweekpakistan.com,newsweekpakistan.com,English
2015-02-27,,http://www.indiatvnews.com/politics/national/jk-govt-formation-pdp-patron-mufti-mohammed-sayeed-meets-pm-modi-26860.html,indiatvnews.com,indiatvnews.com,English
2015-02-27,,http://www.kashmirobserver.net/news/top-news/mufti-be-sworn-chief-minister-sunday,kashmirobserver.net,kashmirobserver.net,English
2015-02-27,,http://twocircles.net/2015feb27/1425022113.html,twocircles.net,twocircles.net,English
2015-02-27,,http://customstoday.com.pk/india-vs-pakistan-scoreboards-india-0-for-loss-of-546030-pakistan-0-for-loss-of-546228-hint-when-lives-are-lost-no-one-wins-5/,customstoday.com.pk,customstoday.com.pk,English
2015-02-27,,http://www.kashmirobserver.net/news/top-news/pak-summons-india-envoy-consultations,kashmirobserver.net,kashmirobserver.net,English
2015-02-27,,http://www.scoopnews.in/det.aspx?q=44862,scoopnews.in,scoopnews.in,English
2015-02-27,,http://www.dawn.com/news/1166271/pdp-bjp-alliance-could-be-a-paradigm-shift-in-kashmirs-history-mufti,dawn.com,dawn.com,English
2015-02-27,,http://www.kashmirobserver.net/news/city/wont-allow-anybody-fiddle-state-subject-law-malik,kashmirobserver.net,kashmirobserver.net,English
2015-02-27,,http://zeenews.india.com/news/south-asia/moderate-quake-strikes-pakistan-five-injured_1553447.html,india.com,india.com,English
2015-02-27,,http://www.niticentral.com/2015/02/27/mufti-meets-modi-jammu-kashmir-set-for-historical-alliance-303974.html,niticentral.com,niticentral.com,English
2015-02-27,,http://www.newindianexpress.com/nation/Birla-Tyres%E2%80%99-Balasore-Unit-to-Run-at-Full-Capacity-From-March/2015/02/27/article2689696.ece,newindianexpress.com,newindianexpress.com,English
2015-02-27,,http://www.theindianpanorama.com/india/pdp-bjp-government-in-jk/,theindianpanorama.com,theindianpanorama.com,English
2015-02-27,,http://www.kashmirobserver.net/news/top-news/cbi-files-documents-22-years-after-sopore-massacre,kashmirobserver.net,kashmirobserver.net,English
2015-02-27,,http://www.pakistantoday.com.pk/2015/02/27/national/five-wounded-as-earthquake-hits-batagram/,pakistantoday.com.pk,pakistantoday.com.pk,English
2015-02-27,,http://www.hindustantimes.com/chandigarh/to-widen-victory-sad-bjp-banking-on-independents/article1-1321138.aspx,hindustantimes.com,hindustantimes.com,English
2015-02-27,,http://www.oneindia.com/india/pak-s-audacity-ahead-fs-jaishankar-s-visit-pak-army-chief-threatens-india-1667587.html,oneindia.com,oneindia.com,English
2015-02-27,,http://www.4-traders.com/news/Ministry-of-Finance-of-Republic-of-India--Government-approves-a-Rs-200-crore-Central-Sector-Scheme--19943062/,4-traders.com,4-traders.com,English
2015-02-27,,http://www.kmsnews.org/news/2015/02/27/cbi-files-documents-in-sopore-massacre-case-after-22-years.html,kmsnews.org,kmsnews.org,English
2015-02-27,,http://primenews.com.bd/en/?p=3915,primenews.com.bd,primenews.com.bd,English
2015-02-27,,http://www.thesundaily.my/news/1341087,thesundaily.my,thesundaily.my,English
2015-02-27,,http://www.pakistantelegraph.com/index.php/sid/230621693,pakistantelegraph.com,pakistantelegraph.com,English
2015-02-27,,http://www.business-standard.com/article/news-ani/any-other-alliance-in-j-k-would-have-been-violation-of-mandate-jitendra-singh-115022700422_1.html,business-standard.com,business-standard.com,English
2015-02-27,,http://www.aninews.in/newsdetail2/story205663/-039-any-other-alliance-in-j-k-would-have-been-violation-of-mandate-039-jitendra-singh.html,aninews.in,aninews.in,English
2015-02-27,,http://indianexpress.com/article/india/india-others/mufti-to-head-25-member-cabinet-pm-to-attend-his-swearing-in-on-sunday/,indianexpress.com,indianexpress.com,English
2015-02-27,,http://www.dawn.com/news/1166262/five-injured-as-earthquake-hits-batagram,dawn.com,dawn.com,English
2015-02-27,,http://www.business-standard.com/article/pti-stories/mufti-to-head-25-member-cabinet-pm-to-attend-his-swearing-in-115022700273_1.html,business-standard.com,business-standard.com,English
2015-02-27,,http://www.business-standard.com/article/pti-stories/niti-aayog-14th-fin-com-will-enhance-fiscal-federalism-survey-115022700431_1.html,business-standard.com,business-standard.com,English
2015-02-27,,http://economictimes.indiatimes.com/news/economy/policy/economic-survey-2015-niti-aayog-14th-finance-commission-will-enhance-fiscal-federalism/articleshow/46394548.cms,indiatimes.com,indiatimes.com,English
2015-02-27,,http://focus-fen.net/./news/2015/02/27/364483/54-magnitude-earthquake-hits-northwest-pakistan.html,focus-fen.net,focus-fen.net,English
2015-02-27,,http://indiatoday.intoday.in/story/pak-army-chief-general-raheel-sharif-warns-india-ahead-of-jaishankar-visit/1/421284.html,indiatoday.intoday.in,indiatoday.intoday.in,English
2015-02-27,,http://zeenews.india.com/news/jammu-and-kashmir/minimum-temperatures-drops-across-valley-rain-snow-likely_1553485.html,india.com,india.com,English
2015-02-27,,http://www.deccanchronicle.com/150227/business-latest/article/niti-aayog-14th-finance-commission-will-enhance-fiscal-federalism,deccanchronicle.com,deccanchronicle.com,English
2015-02-27,,http://www.sify.com/news/any-other-alliance-in-j-k-would-have-been-violation-of-mandate-jitendra-singh-news-national-pc1oakgffdcie.html,sify.com,sify.com,English
2015-02-27,,http://www.sify.com/news/details-of-j-k-coalition-govt-will-emerge-on-mar-1-mehbooba-mufti-news-national-pc1oJjjabhccj.html,sify.com,sify.com,English
2015-02-27,,http://indiankanoon.org/doc/111646421/,indiankanoon.org,indiankanoon.org,English
2015-02-27,,http://www.sify.com/news/every-day-struggle-of-border-villages-in-poonch-news-national-pc1mJefjadeec.html,sify.com,sify.com,English
2015-02-27,,http://www.sify.com/news/pm-modi-has-agreed-to-attend-my-swearing-in-ceremony-mufti-mohammad-sayeed-news-national-pc1mJjijihebc.html,sify.com,sify.com,English
2015-02-27,,http://theweek.com/speedreads/541495/report-isis-running-money,theweek.com,theweek.com,English
2015-02-27,,http://www.gulf-times.com/india/185/details/428725/govt%E2%80%99s-rs1tn-budget-aims-to-put-railways-back-on-track,gulf-times.com,gulf-times.com,English
2015-02-27,,http://renewables.seenews.com/news/indias-j-k-state-wants-to-harness-111-gw-solar-potential-report-465590,seenews.com,seenews.com,English
2015-02-27,,http://dunyanews.tv/index.php/en/World/264139-Indias-Modi-meets-incoming-Kashmir-leader-after-d,dunyanews.tv,dunyanews.tv,English
2015-02-27,,http://theweek.com/speedreads/541491/aggressive-eagle-owl-terrorizing-dutch-town,theweek.com,theweek.com,English
2015-02-27,,http://www.bignewsnetwork.com/index.php/sid/230634019,bignewsnetwork.com,bignewsnetwork.com,English
2015-02-27,,http://www.thedailystar.net/72-hr-hartal-again-from-sunday-66929,thedailystar.net,thedailystar.net,English
2015-02-27,,http://theweek.com/speedreads/541489/scientists-find-that-britain-importing-wheat-2000-years-before-growing,theweek.com,theweek.com,English
2015-02-27,,http://hiindialive.com/pti-vows-to-unite-two-kashmirs/,hiindialive.com,hiindialive.com,English
2015-02-27,,http://theweek.com/speedreads/541501/blogger-avijit-roy-hacked-death-bangladesh,theweek.com,theweek.com,English
2015-02-27,,http://www.sahilonline.org/newsDetails.php?cid=3&nid=30974,sahilonline.org,sahilonline.org,English
2015-02-27,,http://www.theindianpanorama.com/headlines/pdp-bjp-government-in-jk/,theindianpanorama.com,theindianpanorama.com,English
2015-02-27,,http://www.sahilonline.org/newsDetails.php?cid=6&nid=30975,sahilonline.org,sahilonline.org,English
2015-02-27,,http://pakistan.onepakistan.com.pk/news/city/islamabad/355004-majority-pakistanis-are-not-satisfied-with-the-performance-of-government-on-the-kashmir-issuepoll.html,onepakistan.com.pk,onepakistan.com.pk,English
2015-02-27,,http://theweek.com/speedreads/541499/daily-show-tackles-growing-wealth-inequality-among-superrich,theweek.com,theweek.com,English
2015-02-27,,http://theweek.com/speedreads/541485/nasa-satellite-tracks-sand-goes-from-sahara-amazon,theweek.com,theweek.com,English
2015-02-27,,http://theweek.com/speedreads/541493/watch-forte-snl-character-roast-seth-meyer-wedding,theweek.com,theweek.com,English
2015-02-27,,http://theweek.com/speedreads/541483/bbc-reel-pope-francis-gaffes-probably-wont-make-think-less-pope,theweek.com,theweek.com,English
2015-02-27,,http://post.jagran.com/equitable-development-will-be-priority-of-bjppdp-government-jitendra-singh-1425033598,jagran.com,jagran.com,English
2015-02-27,,http://theweek.com/speedreads/541497/jimmy-fallon-andrew-rannell-use-glee-excuse-sing-spandau-ballets-true,theweek.com,theweek.com,English
2015-02-27,,http://www.saach.tv/2015/02/27/modi-meets-mufti-mohammad-sayeed-after-deal/,saach.tv,saach.tv,English
2015-02-27,,http://www.sify.com/news/jk-govt-formation-mufti-meets-modi-finalises-cabinet-news-others-pc1luhgdbbdfj.html,sify.com,sify.com,English
2015-02-27,,http://www.utahindependent.com/index.php/sid/230598479,utahindependent.com,utahindependent.com,English
2015-02-27,,http://in.reuters.com/article/2015/02/27/nagpur-soya-idINL4N0W13YU20150227,reuters.com,reuters.com,English
2015-02-27,,http://www.bostonstar.com/index.php/sid/230598479,bostonstar.com,bostonstar.com,English
2015-02-27,,http://www.thestatesman.com/news/bollywood/kareena-upbeat-about-shooting-in-kashmir/50191.html,thestatesman.com,thestatesman.com,English
2015-02-27,,http://www.business-standard.com/article/pti-stories/sugar-falls-on-higher-supply-low-demand-115022700789_1.html,business-standard.com,business-standard.com,English
2015-02-27,,http://www.mizonews.net/mizoramnews/uncertainty-dogs-35000-tribal-refugees-in-tripura/,mizonews.net,mizonews.net,English
2015-02-27,,http://www.tribuneindia.com/news/nation/no-dramatic-results-expected-from-fs-pak-visit-india/47534.html,tribuneindia.com,tribuneindia.com,English
2015-02-27,,http://www.sandiegosun.com/index.php/sid/230598479,sandiegosun.com,sandiegosun.com,English
2015-02-27,,http://www.niticentral.com/2015/02/27/jitendra-singh-equitable-development-will-be-priority-of-bjp-pdp-govt-304002.html,niticentral.com,niticentral.com,English
2015-02-27,,https://en-maktoob.news.yahoo.com/swine-flu-toll-kashmir-rises-nine-113019410.html,yahoo.com,yahoo.com,English
2015-02-27,,http://www.dailyexcelsior.com/india-committed-to-strengthening-civilian-govt-in-pakistan/,dailyexcelsior.com,dailyexcelsior.com,English
2015-02-27,,http://www.business-standard.com/article/pti-stories/army-jawan-dies-of-swine-flu-in-jammu-115022700782_1.html,business-standard.com,business-standard.com,English
2015-02-27,,http://www.kashmirlife.net/state-capital-shifted-to-nagpur-omar-73977/,kashmirlife.net,kashmirlife.net,English
2015-02-27,,http://www.btvin.com/politics/read/38/upa,btvin.com,btvin.com,English
2015-02-27,,http://zeenews.india.com/news/india/china-moots-trilateral-cooperation-with-india-sri-lanka_1553651.html,india.com,india.com,English
2015-02-27,,http://www.newkerala.com/news/2015/fullnews-24665.html,newkerala.com,newkerala.com,English
2015-02-27,,http://www.btvin.com/news/read/37/mufti%20meets%20pm%20modi%20ahead%20of%20swearing-in,btvin.com,btvin.com,English
2015-02-27,,http://www.deccanchronicle.com/150227/nation-current-affairs/article/no-chinese-incursion-indias-territory-government,deccanchronicle.com,deccanchronicle.com,English
2015-02-27,,http://www.business-standard.com/article/news-ani/pdp-chief-invites-sharad-yadav-for-swearing-in-ceremony-115022700892_1.html,business-standard.com,business-standard.com,English
2015-02-27,,http://www.btvin.com/politics/read/37/mufti%20meets%20pm%20modi%20ahead%20of%20swearing-in,btvin.com,btvin.com,English
2015-02-27,,http://www.thehealthsite.com/news/swine-flu-in-jammu-soldier-dies-of-swine-flu/,thehealthsite.com,thehealthsite.com,English
2015-02-27,,"http://www.btvin.com/economy/read/46/%E2%80%98niti%20aayog,%2014th%20fin%20com%20to%20enhance%20fiscal%20federalism%E2%80%99",btvin.com,btvin.com,English
2015-02-27,,http://www.btvin.com/news/read/38/upa,btvin.com,btvin.com,English
2015-02-27,,https://in.news.yahoo.com/pdp-chief-invites-sharad-yadav-swearing-ceremony-121848970.html,yahoo.com,yahoo.com,English
2015-02-27,,"http://www.btvin.com/news/read/46/%E2%80%98niti%20aayog,%2014th%20fin%20com%20to%20enhance%20fiscal%20federalism%E2%80%99",btvin.com,btvin.com,English
2015-02-27,,http://daijiworld.com/news/news_disp.asp?n_id=300210,daijiworld.com,daijiworld.com,English
2015-02-27,,http://www.irishsun.com/index.php/sid/230634143,irishsun.com,irishsun.com,English
2015-02-27,,http://daijiworld.com/news/news_disp.asp?n_id=300198,daijiworld.com,daijiworld.com,English
2015-02-27,,http://www.reviewnepal.com/full-article.php?news_id=1720,reviewnepal.com,reviewnepal.com,English
2015-02-27,,http://www.mizonews.net/world/bjp-pdp-government-must-work-for-peace-says-daily/,mizonews.net,mizonews.net,English
2015-02-27,,http://www.pakistantelegraph.com/index.php/sid/230627687,pakistantelegraph.com,pakistantelegraph.com,English
2015-02-27,,http://www.pakistantelegraph.com/index.php/sid/230626213,pakistantelegraph.com,pakistantelegraph.com,English
2015-02-27,,http://www.pakistantelegraph.com/index.php/sid/230626085,pakistantelegraph.com,pakistantelegraph.com,English
2015-02-27,,http://www.freepressjournal.in/bjp-pdp-deal-is-a-walk-on-this-ice/,freepressjournal.in,freepressjournal.in,English
2015-02-27,,http://kashmirwatch.com/news.php/2015/02/27/profile-of-mufti-muhammad-sayeed-and-his-challenges-as-jk-cm.html,kashmirwatch.com,kashmirwatch.com,English
2015-02-27,,http://www.freepressjournal.in/mufti-sayeed-to-swear-in-tomorrow-pm-modi-to-attend/,freepressjournal.in,freepressjournal.in,English
2015-02-27,,http://www.pakistantelegraph.com/index.php/sid/230626115,pakistantelegraph.com,pakistantelegraph.com,English
2015-02-27,,http://www.pakistantelegraph.com/index.php/sid/230633827,pakistantelegraph.com,pakistantelegraph.com,English
2015-02-27,,http://www.pakistantelegraph.com/index.php/sid/230633805,pakistantelegraph.com,pakistantelegraph.com,English
2015-02-27,,http://news.webindia123.com/news/Articles/India/20150227/2545234.html,webindia123.com,webindia123.com,English
2015-02-27,,http://sacw.net/article10712.html,sacw.net,sacw.net,English
2015-02-27,,http://www.freepressjournal.in/citizens-thwart-aarey-milking-plan/,freepressjournal.in,freepressjournal.in,English
2015-02-27,,http://indianexpress.com/article/entertainment/bollywood/kareena-kapoor-upbeat-about-shooting-for-bajrangi-bhaijaanin-kashmir/,indianexpress.com,indianexpress.com,English
2015-02-27,,http://www.newsnation.in/article/71256-with-mufti-modi-hug-capital-jk-shifted-nagpur-omar.html,newsnation.in,newsnation.in,English
2015-02-27,,http://www.freepressjournal.in/kareena-kapoor-upbeat-about-shooting-in-kashmir/,freepressjournal.in,freepressjournal.in,English
2015-02-27,,http://www.irishsun.com/index.php/sid/230633915,irishsun.com,irishsun.com,English
2015-02-27,,"http://www.newageislam.com/islamic-world-news/new-age-islam-news-bureau/pakistan-ulema-want-the-whole-world-to-become-as-murderous-as-their-own-country,-call-for-anti-blasphemy-un-legislation-a-la-pakistan/d/101734",newageislam.com,newageislam.com,English
2015-02-27,,http://www.pakistantelegraph.com/index.php/sid/230626077,pakistantelegraph.com,pakistantelegraph.com,English
2015-02-27,,http://www.daijiworld.com/news/news_disp.asp?n_id=300229,daijiworld.com,daijiworld.com,English
2015-02-27,,http://www.sanantoniopost.com/index.php/sid/230634019,sanantoniopost.com,sanantoniopost.com,English
2015-02-27,,http://www.pakistantelegraph.com/index.php/sid/230634217,pakistantelegraph.com,pakistantelegraph.com,English
2015-02-27,,http://www.dnaindia.com/india/report-with-mufti-modi-hug-capital-of-jammu-and-kashmir-shifted-to-nagpur-omar-abdullah-2064783,dnaindia.com,dnaindia.com,English
2015-02-27,,http://kashmirwatch.com/news.php/2015/02/27/mufti-dreams-of-making-j-k-an-island-of-peace.html,kashmirwatch.com,kashmirwatch.com,English
2015-02-27,,http://news.webindia123.com/news/Articles/India/20150227/2545301.html,webindia123.com,webindia123.com,English
2015-02-27,,http://www.camdencourier.com.au/story/2912291/jaipur-india-the-sujan-rajmahal-palace-hotel-is-anything-but-minimalist/,camdencourier.com.au,camdencourier.com.au,English
2015-02-27,,http://www.stawelltimes.com.au/story/2912291/jaipur-india-the-sujan-rajmahal-palace-hotel-is-anything-but-minimalist/,stawelltimes.com.au,stawelltimes.com.au,English
2015-02-27,,http://www.kashmirlife.net/crpf-officer-found-dead-in-ganderbal-73991/,kashmirlife.net,kashmirlife.net,English
2015-02-27,,http://www.daijiworld.com/news/news_disp.asp?n_id=300266,daijiworld.com,daijiworld.com,English
2015-02-27,,http://www.gkpaper.com/2015/02/sbi-associate-bank-clerk-exam-paper-2015.html,gkpaper.com,gkpaper.com,English
2015-02-27,,https://en-maktoob.news.yahoo.com/sayeed-stakes-claim-power-kashmir-144013295.html,yahoo.com,yahoo.com,English
2015-02-27,,http://www.theridgenews.com.au/story/2912291/jaipur-india-the-sujan-rajmahal-palace-hotel-is-anything-but-minimalist/,theridgenews.com.au,theridgenews.com.au,English
2015-02-27,,http://www.moreechampion.com.au/story/2912291/jaipur-india-the-sujan-rajmahal-palace-hotel-is-anything-but-minimalist/,moreechampion.com.au,moreechampion.com.au,English
2015-02-27,,https://en-maktoob.news.yahoo.com/sayeed-meets-modi-oath-kashmir-cm-sunday-143044216.html,yahoo.com,yahoo.com,English
2015-02-27,,http://www.theleader.com.au/story/2912291/jaipur-india-the-sujan-rajmahal-palace-hotel-is-anything-but-minimalist/,theleader.com.au,theleader.com.au,English
2015-02-27,,http://www.kashmirdispatch.com/headlines/270229326-protests-against-gulzar-peer-s-acquittal-in-kashmir-s-budgam.htm,kashmirdispatch.com,kashmirdispatch.com,English
2015-02-27,,http://www.bignewsnetwork.com/index.php/sid/230634325,bignewsnetwork.com,bignewsnetwork.com,English
2015-02-27,,http://www.hongkongherald.com/index.php/sid/230634325,hongkongherald.com,hongkongherald.com,English
2015-02-27,,http://www.cessnockadvertiser.com.au/story/2912291/jaipur-india-the-sujan-rajmahal-palace-hotel-is-anything-but-minimalist/,cessnockadvertiser.com.au,cessnockadvertiser.com.au,English
2015-02-27,,http://www.hawaiitelegraph.com/index.php/sid/230634019,hawaiitelegraph.com,hawaiitelegraph.com,English
2015-02-27,,http://www.dailyadvertiser.com.au/story/2912291/jaipur-india-the-sujan-rajmahal-palace-hotel-is-anything-but-minimalist/,dailyadvertiser.com.au,dailyadvertiser.com.au,English
2015-02-27,,http://www.hongkongherald.com/index.php/sid/230634019,hongkongherald.com,hongkongherald.com,English
2015-02-27,,http://www.business-standard.com/article/pti-stories/mirwaiz-for-resolution-of-kashmir-issue-115022701156_1.html,business-standard.com,business-standard.com,English
2015-02-27,,http://www.margaretrivermail.com.au/story/2912291/jaipur-india-the-sujan-rajmahal-palace-hotel-is-anything-but-minimalist/,margaretrivermail.com.au,margaretrivermail.com.au,English
2015-02-27,,https://in.newshub.org/capital-of-jammu-kashmir-shifted-to-nagpur-omar-abdullah-says-12626819.html,newshub.org,newshub.org,English
2015-02-27,,http://www.business-standard.com/article/news-ians/sayeed-meets-modi-to-take-oath-as-kashmir-cm-sunday-roundup-115022701149_1.html,business-standard.com,business-standard.com,English
2015-02-27,,http://www.bordermail.com.au/story/2912291/jaipur-india-the-sujan-rajmahal-palace-hotel-is-anything-but-minimalist/,bordermail.com.au,bordermail.com.au,English
2015-02-27,,http://www.daijiworld.com/news/news_disp.asp?n_id=300267,daijiworld.com,daijiworld.com,English
2015-02-27,,http://www.newkerala.com/news/2015/fullnews-24872.html,newkerala.com,newkerala.com,English
2015-02-27,,http://www.mailtimes.com.au/story/2912291/jaipur-india-the-sujan-rajmahal-palace-hotel-is-anything-but-minimalist/,mailtimes.com.au,mailtimes.com.au,English
2015-02-27,,http://www.donnybrookmail.com.au/story/2912291/jaipur-india-the-sujan-rajmahal-palace-hotel-is-anything-but-minimalist/,donnybrookmail.com.au,donnybrookmail.com.au,English
2015-02-27,,http://indiatoday.intoday.in/story/omar-abdullah-tweets-mufti-modi-hug-jammu-and-kashmir/1/421439.html,indiatoday.intoday.in,indiatoday.intoday.in,English
2015-02-27,,http://indiatoday.intoday.in/story/modi-mufti-meeting-clears-way-for-bjp-pdp-government-in-jammu-and-kashmir/1/421426.html,indiatoday.intoday.in,indiatoday.intoday.in,English
2015-02-27,,http://www.bignewsnetwork.com/index.php/sid/230634365,bignewsnetwork.com,bignewsnetwork.com,English
2015-02-27,,http://www.dayandnightnews.com/2015/02/all-set-for-mufti-sayeeds-oath-ceremony-in-jammu-on-sunday/,dayandnightnews.com,dayandnightnews.com,English
2015-02-27,,http://indiatoday.intoday.in/education/story/modi-mufti-meeting-clears-way-for-bjp-pdp-government-in-jammu-and-kashmir/1/421426.html,indiatoday.intoday.in,indiatoday.intoday.in,English
2015-02-27,,http://www.forbesadvocate.com.au/story/2912291/jaipur-india-the-sujan-rajmahal-palace-hotel-is-anything-but-minimalist/,forbesadvocate.com.au,forbesadvocate.com.au,English
2015-02-27,,http://www.newkerala.com/news/2015/fullnews-24867.html,newkerala.com,newkerala.com,English
2015-02-27,,http://www.newkerala.com/news/2015/fullnews-24871.html,newkerala.com,newkerala.com,English
2015-02-27,,http://www.business-standard.com/article/pti-stories/sc-refuses-to-stay-board-exams-in-jammu-kashmir-115022701261_1.html,business-standard.com,business-standard.com,English
2015-02-27,,http://www.vnewsbd.com/?p=98931,vnewsbd.com,vnewsbd.com,English
2015-02-27,,http://www.vishwagujarat.com/international/pti-vows-to-unite-two-kashmirs/,vishwagujarat.com,vishwagujarat.com,English
2015-02-27,,https://ph.news.yahoo.com/eu-others-catch-plans-bluefin-tuna-threaten-recovery-112333968.html,yahoo.com,yahoo.com,English
2015-02-27,,http://www.daijiworld.com/news/news_disp.asp?n_id=300302,daijiworld.com,daijiworld.com,English
2015-02-27,,http://www.ptinews.com/news/5741221_Encounter-breaks-out-between-security-forces--militants.html,ptinews.com,ptinews.com,English
2015-02-27,,http://www.ulladullatimes.com.au/story/2912291/jaipur-india-the-sujan-rajmahal-palace-hotel-is-anything-but-minimalist/,ulladullatimes.com.au,ulladullatimes.com.au,English
2015-02-27,,http://www.borderwatch.com.au/story/2912291/jaipur-india-the-sujan-rajmahal-palace-hotel-is-anything-but-minimalist/,borderwatch.com.au,borderwatch.com.au,English
2015-02-27,,http://www.cowraguardian.com.au/story/2912291/jaipur-india-the-sujan-rajmahal-palace-hotel-is-anything-but-minimalist/,cowraguardian.com.au,cowraguardian.com.au,English
2015-02-27,,http://heavy.com/entertainment/2015/02/shark-tank-products-titin-myself-belts-kids-singtrix-karaoke-machine-beard-brand-oil-grace-and-lace/,heavy.com,heavy.com,English
2015-02-27,,http://www.business-standard.com/article/pti-stories/mufti-elected-pdp-legislature-party-leader-stakes-claim-to-115022701351_1.html,business-standard.com,business-standard.com,English
2015-02-27,,http://kashmirwatch.com/news.php/2015/02/27/indian-army-soldier-dies-of-swine-flu-in-jammu.html,kashmirwatch.com,kashmirwatch.com,English
2015-02-27,,http://www.blayneychronicle.com.au/story/2912291/jaipur-india-the-sujan-rajmahal-palace-hotel-is-anything-but-minimalist/,blayneychronicle.com.au,blayneychronicle.com.au,English
2015-02-27,,http://www.nambuccaguardian.com.au/story/2912291/jaipur-india-the-sujan-rajmahal-palace-hotel-is-anything-but-minimalist/,nambuccaguardian.com.au,nambuccaguardian.com.au,English
2015-02-27,,http://kashmirwatch.com/news.php/2015/02/27/mufti-stakes-claim-for-government-formation.html,kashmirwatch.com,kashmirwatch.com,English
2015-02-27,,http://www.indiatvnews.com/news/india/pakistan-violates-ceasefire-again-in-jammu-second-in-24-hours-48071.html,indiatvnews.com,indiatvnews.com,English
2015-02-27,,http://www.philippinetimes.com/index.php/sid/230634325,philippinetimes.com,philippinetimes.com,English
2015-02-27,,http://bharatpress.com/2015/02/27/modi-knows-how-important-pawar-is-politically/,bharatpress.com,bharatpress.com,English
2015-02-27,,http://www.rediff.com/news/report/swine-flu-death-toll-crosses-1000-mark/20150227.htm,rediff.com,rediff.com,English
2015-02-27,,http://www.newindianexpress.com/nation/Mufti-Elected-PDP-Legislature-Party-Leader-stakes-Claim-to-Form-Govt/2015/02/27/article2690044.ece,newindianexpress.com,newindianexpress.com,English
2015-02-27,,http://www.iamin.in/en/new-delhi/news/growing-dissent-among-delhi-farmers-against-land-ordinance-may-give-sleepless-nights,iamin.in,iamin.in,English
2015-02-27,,http://www.scoopnews.in/det.aspx?q=44888,scoopnews.in,scoopnews.in,English
2015-02-27,,http://www.business-standard.com/article/pti-stories/j-k-guv-rejects-recommendations-of-former-chief-minister-115022701360_1.html,business-standard.com,business-standard.com,English
2015-02-27,,http://www.dnaindia.com/india/report-mufti-mohammad-sayeed-elected-pdp-legislature-party-leader-stakes-claim-to-form-governemt-2064885,dnaindia.com,dnaindia.com,English
2015-02-27,,http://www.lithgowmercury.com.au/story/2912291/jaipur-india-the-sujan-rajmahal-palace-hotel-is-anything-but-minimalist/,lithgowmercury.com.au,lithgowmercury.com.au,English
2015-02-27,,http://www.winghamchronicle.com.au/story/2912291/jaipur-india-the-sujan-rajmahal-palace-hotel-is-anything-but-minimalist/,winghamchronicle.com.au,winghamchronicle.com.au,English
2015-02-27,,http://www.hepburnadvocate.com.au/story/2912291/jaipur-india-the-sujan-rajmahal-palace-hotel-is-anything-but-minimalist/,hepburnadvocate.com.au,hepburnadvocate.com.au,English
2015-02-27,,http://www.thenational.ae/world/south-asia/bjp-to-jointly-govern-indias-only-muslim-majority-state,thenational.ae,thenational.ae,English
2015-02-27,,http://www.centraladvocate.com.au/story/2912291/jaipur-india-the-sujan-rajmahal-palace-hotel-is-anything-but-minimalist/,centraladvocate.com.au,centraladvocate.com.au,English
2015-02-27,,http://www.bangladeshsun.com/index.php/sid/230634325,bangladeshsun.com,bangladeshsun.com,English
2015-02-27,,http://www.murrayvalleystandard.com.au/story/2912291/jaipur-india-the-sujan-rajmahal-palace-hotel-is-anything-but-minimalist/,murrayvalleystandard.com.au,murrayvalleystandard.com.au,English
2015-02-27,,http://thebangladeshtoday.com/news/2015/02/15-indigenous-people-killed-126-tortured-in-2014/,thebangladeshtoday.com,thebangladeshtoday.com,English
2015-02-27,,http://bharatpress.com/2015/02/27/bjp-mlas-submit-letter-to-jk-governor-pledging-support-to-pdp/,bharatpress.com,bharatpress.com,English
2015-02-27,,http://www.kntvnews.in/sayeed-stakes-claim-power-kashmir/,kntvnews.in,kntvnews.in,English
2015-02-27,,http://www.business-standard.com/article/news-ians/gunfight-erupts-in-kashmir-115022701406_1.html,business-standard.com,business-standard.com,English
2015-02-27,,http://www.newkerala.com/news/2015/fullnews-25016.html,newkerala.com,newkerala.com,English
2015-02-27,,http://www.latrobevalleyexpress.com.au/story/2912291/jaipur-india-the-sujan-rajmahal-palace-hotel-is-anything-but-minimalist/,latrobevalleyexpress.com.au,latrobevalleyexpress.com.au,English
2015-02-27,,http://www.portpirierecorder.com.au/story/2912291/jaipur-india-the-sujan-rajmahal-palace-hotel-is-anything-but-minimalist/,portpirierecorder.com.au,portpirierecorder.com.au,English
2015-02-27,,http://www.dnd.com.pk/pakistan-gives-befitting-reply-to-indian-firing-at-sialkots-harpal-sector/88475,dnd.com.pk,dnd.com.pk,English
2015-02-27,,http://www.muswellbrookchronicle.com.au/story/2912291/jaipur-india-the-sujan-rajmahal-palace-hotel-is-anything-but-minimalist/,muswellbrookchronicle.com.au,muswellbrookchronicle.com.au,English
2015-02-27,,http://www.theborneopost.com/2015/02/28/kossans-results-for-fy14-yield-mixed-views/,theborneopost.com,theborneopost.com,English
2015-02-27,,http://www.dailykashmirimages.com/news-army-organises-swine-flu-awareness-camp-73521.aspx,dailykashmirimages.com,dailykashmirimages.com,English
2015-02-27,,http://www.dailykashmirimages.com/news-hurriyat-g-lauds-pak-fos-statement-73526.aspx,dailykashmirimages.com,dailykashmirimages.com,English
2015-02-27,,http://www.dailykashmirimages.com/news-super-de-villiers-sinks-west-indies-73503.aspx,dailykashmirimages.com,dailykashmirimages.com,English
2015-02-27,,http://www.ahmedabadmirror.com/news/india/Sayeed-meets-Modi-to-take-oath-as-JK-CM-onSunday/articleshow/46401833.cms,ahmedabadmirror.com,ahmedabadmirror.com,English
2015-02-27,,http://www.thedailystar.net/hostage-to-hartal-66995,thedailystar.net,thedailystar.net,English
2015-02-27,,http://www.kashmirmonitor.in/news-voters-to-be-authenticated-by-linking-their-database-to-aadhaar-80084.aspx,kashmirmonitor.in,kashmirmonitor.in,English
2015-02-27,,http://www.kashmirmonitor.in/news-in-swine-flu-hit-delhi-government-doctors-go-on-strike-80086.aspx,kashmirmonitor.in,kashmirmonitor.in,English
2015-02-27,,http://www.dailykashmirimages.com/news-crpf-man-found-dead-73551.aspx,dailykashmirimages.com,dailykashmirimages.com,English
2015-02-27,,http://www.kashmirmonitor.in/news-ab-de-villiers-came-hammered-conquered-162-off-66-80109.aspx,kashmirmonitor.in,kashmirmonitor.in,English
2015-02-27,,http://www.kashmirmonitor.in/news-the-myth-of-the-muslim-population-bomb-80074.aspx,kashmirmonitor.in,kashmirmonitor.in,English
2015-02-27,,http://www.dailykashmirimages.com/news-kotwal-chairs-wsso-meeting-73541.aspx,dailykashmirimages.com,dailykashmirimages.com,English
2015-02-27,,http://www.kashmirmonitor.in/news-a-global-phenomenon-of-aap-80072.aspx,kashmirmonitor.in,kashmirmonitor.in,English
2015-02-27,,http://www.kashmirmonitor.in/news-cmp-to-be-made-public-on-march-1-mehbooba-80144.aspx,kashmirmonitor.in,kashmirmonitor.in,English
2015-02-27,,http://www.kashmirmonitor.in/news-keeping-calm-under-pressure-is-key-to-success-shikhar-80107.aspx,kashmirmonitor.in,kashmirmonitor.in,English
2015-02-27,,http://www.dailykashmirimages.com/news-intl-exhibition-pays-tributes-to-legendary-cartoonist-r-k-laxman-73542.aspx,dailykashmirimages.com,dailykashmirimages.com,English
2015-02-27,,http://www.kashmirmonitor.in/news-pdp-bjp-alliance-formally-signed-80145.aspx,kashmirmonitor.in,kashmirmonitor.in,English
2015-02-27,,http://www.kashmirmonitor.in/news-ahmed-shehzad-cleared-for-zimbabwe-match-80106.aspx,kashmirmonitor.in,kashmirmonitor.in,English
2015-02-27,,http://www.kashmirmonitor.in/news-i-am-not-a-terrorist-says-former-maldivian-president-nasheed-80095.aspx,kashmirmonitor.in,kashmirmonitor.in,English
2015-02-27,,http://www.dailykashmirimages.com/news-shami-out-of-uae-match-with-knee-injury-73502.aspx,dailykashmirimages.com,dailykashmirimages.com,English
2015-02-27,,http://www.kashmirmonitor.in/news-pak-warns-india-against-provocation-along-loc-80142.aspx,kashmirmonitor.in,kashmirmonitor.in,English
2015-02-27,,http://www.dailykashmirimages.com/news-pdp-stakes-claim-for-govt-formation-73561.aspx,dailykashmirimages.com,dailykashmirimages.com,English
2015-02-27,,http://www.dailykashmirimages.com/news-mirwaiz-welcomes-resumption-of-indo-pak-dialouge-73527.aspx,dailykashmirimages.com,dailykashmirimages.com,English
2015-02-27,,http://www.dailykashmirimages.com/news-expect-no-dramatic-results-from-fs-pak-visit-india-73558.aspx,dailykashmirimages.com,dailykashmirimages.com,English
2015-02-27,,http://www.dailykashmirimages.com/news-homage-to-sheikh-nazir-quran-e-khwani-held-73525.aspx,dailykashmirimages.com,dailykashmirimages.com,English
2015-02-27,,http://www.dailykashmirimages.com/news-shehzad-fit-for-zimbabwe-clash-73501.aspx,dailykashmirimages.com,dailykashmirimages.com,English
2015-02-27,,http://www.dailykashmirimages.com/news-moin-khan-provided-police-security-73498.aspx,dailykashmirimages.com,dailykashmirimages.com,English
2015-02-27,,http://www.dailykashmirimages.com/news-army-trooper-dies-of-swine-flu-73550.aspx,dailykashmirimages.com,dailykashmirimages.com,English
2015-02-27,,http://www.kashmirmonitor.in/news-pak-violates-ceasefire-80138.aspx,kashmirmonitor.in,kashmirmonitor.in,English
2015-02-27,,http://www.dailykashmirimages.com/news-srinivasan-apologises-to-sc-73500.aspx,dailykashmirimages.com,dailykashmirimages.com,English
2015-02-27,,http://www.kashmirmonitor.in/news-govt-formation-won%E2%80%99t-change-nature-of-k-dispute-mirwaiz-80139.aspx,kashmirmonitor.in,kashmirmonitor.in,English
2015-02-27,,http://www.dailykashmirimages.com/news-police-thwarts-flood-hit-traders-protest-73557.aspx,dailykashmirimages.com,dailykashmirimages.com,English
2015-02-27,,http://www.kashmirmonitor.in/news-moderate-earthquake-jolts-kashmir-80136.aspx,kashmirmonitor.in,kashmirmonitor.in,English
2015-02-27,,http://timesofindia.indiatimes.com/City/Kolkata/8-year-old-raped-youth-arrested/articleshow/46401355.cms,indiatimes.com,indiatimes.com,English
2015-02-27,,http://www.kashmirmonitor.in/news-finally-here-is-the-government-80071.aspx,kashmirmonitor.in,kashmirmonitor.in,English
2015-02-27,,http://www.thedailystar.net/holding-future-generation-hostage-66945,thedailystar.net,thedailystar.net,English
2015-02-27,,http://www.kashmirmonitor.in/news-south-africa-maul-west-indies-by-257-runs-80108.aspx,kashmirmonitor.in,kashmirmonitor.in,English
2015-02-27,,http://www.dailykashmirimages.com/news-dreams-without-a-vision-73505.aspx,dailykashmirimages.com,dailykashmirimages.com,English
2015-02-27,,http://www.ruidosonews.com/ruidoso-news/ci_27610705/follow-me-tiger-tiger-burning-bright-adventures-india,ruidosonews.com,ruidosonews.com,English
2015-02-27,,http://www.kashmirmonitor.in/news-sri-lanka-says-china-to-be-consulted-on-any-project-re-think-80093.aspx,kashmirmonitor.in,kashmirmonitor.in,English
2015-02-27,,http://www.hongkongherald.com/index.php/sid/230634365,hongkongherald.com,hongkongherald.com,English
2015-02-27,,http://kashmirreader.com/invest-in-cement-hospital-tourism-sectors-in-jk-bjp-spokesman-35238,kashmirreader.com,kashmirreader.com,English
2015-02-27,,http://www.thedailystar.net/hartal-and-oborodh-have-lost-appeal-66957,thedailystar.net,thedailystar.net,English
2015-02-27,,http://www.mydigitalfc.com/views/bfactbehindfictionb-read-fine-print-158,mydigitalfc.com,mydigitalfc.com,English
2015-02-27,,http://www.dailykashmirimages.com/news-running-late-73506.aspx,dailykashmirimages.com,dailykashmirimages.com,English
2015-02-27,,http://www.kashmirmonitor.in/news-mufti-stakes-claim-80140.aspx,kashmirmonitor.in,kashmirmonitor.in,English
2015-02-27,,http://www.dailykashmirimages.com/news-mufti-to-swear-in-as-cm-on-sunday-pm-to-attend-73562.aspx,dailykashmirimages.com,dailykashmirimages.com,English
2015-02-27,,http://www.dailykashmirimages.com/news-guv-clears-path-for-appointment-of-chairman-members-of-psc-73545.aspx,dailykashmirimages.com,dailykashmirimages.com,English
2015-02-27,,http://www.dailykashmirimages.com/news-darren-bravo-ruled-out-of-world-cup-with-hamstring-injury-73499.aspx,dailykashmirimages.com,dailykashmirimages.com,English
2015-02-27,,http://www.kashmirmonitor.in/news-pakistan-will-go-on-providing-safe-havens-to-let-top-us-official-80094.aspx,kashmirmonitor.in,kashmirmonitor.in,English
2015-02-27,,http://www.dailykashmirimages.com/news-with-mufti-modi-hug-capital-of-jk-shifted-to-nagpur-omar-73559.aspx,dailykashmirimages.com,dailykashmirimages.com,English
2015-02-27,,http://www.onlinenews.com.pk/details.php?newsid=286173&catname=World,onlinenews.com.pk,onlinenews.com.pk,English
2015-02-27,,http://www.dailykashmirimages.com/news-delegation-calls-on-governor-73543.aspx,dailykashmirimages.com,dailykashmirimages.com,English
2015-02-27,,http://www.dailykashmirimages.com/news-think-people-73509.aspx,dailykashmirimages.com,dailykashmirimages.com,English
2015-02-27,,http://www.risingkashmir.com/aiks-demands-implementation-of-rehabilitation-package/,risingkashmir.com,risingkashmir.com,English
2015-02-27,,http://www.sify.com/news/sayeed-meets-modi-to-take-oath-as-kashmir-cm-sunday-news-others-pc1uryaabeiif.html,sify.com,sify.com,English
2015-02-27,,http://www.risingkashmir.com/hurriyat-g-appreciates-pak-foreign-office-statement/,risingkashmir.com,risingkashmir.com,English
2015-02-27,,http://www.thehindu.com/opinion/op-ed/towards-a-silent-backchannel-diplomacy/article6941964.ece,thehindu.com,thehindu.com,English
2015-02-27,,http://www.thehindu.com/news/national/woman-gangraped-in-howrah/article6942112.ece,thehindu.com,thehindu.com,English
2015-02-27,,http://www.risingkashmir.com/no-dramatic-results-expected-from-jaishankars-pakistan-visit-india-says/,risingkashmir.com,risingkashmir.com,English
2015-02-27,,http://www.dailykashmirimages.com/news-health-deptt-condoles-demise-of-dr-bupinder-singh-73533.aspx,dailykashmirimages.com,dailykashmirimages.com,English
2015-02-27,,http://www.risingkashmir.com/swine-flu-awareness-camp-held-at-shopian/,risingkashmir.com,risingkashmir.com,English
2015-02-27,,http://hiindialive.com/gunfight-erupts-in-kashmir/,hiindialive.com,hiindialive.com,English
2015-02-27,,http://www.risingkashmir.com/hc-asks-govt-to-pay-2nd-installment-of-compensation-for-treatment/,risingkashmir.com,risingkashmir.com,English
2015-02-27,,http://theindependentbd.com/index.php?option=com_content&view=article&id=249579:fresh-72-hr-hartal-from-tomorrow&catid=129:frontpage&Itemid=121,theindependentbd.com,theindependentbd.com,English
2015-02-27,,http://tribune.com.pk/story/845316/is-is-a-threat-to-pakistan/,tribune.com.pk,tribune.com.pk,English
2015-02-27,,http://www.ahmedabadmirror.com/news/india/Mufti-to-head-25-strong-Cabinet-Modi-to-attend-swearing-in-on-Sunday/articleshow/46401336.cms,ahmedabadmirror.com,ahmedabadmirror.com,English
2015-02-27,,http://www.russiaherald.com/index.php/sid/230634365,russiaherald.com,russiaherald.com,English
2015-02-27,,http://www.gulf-times.com/india/185/details/428831/sayeed-stakes-claim-to-power-in-kashmir,gulf-times.com,gulf-times.com,English
2015-02-27,,http://www.greaterkashmir.com/news/2015/Feb/28/army-holds-camp-28.asp,greaterkashmir.com,greaterkashmir.com,English
2015-02-27,,http://onlinenews.com.pk/details.php?newsid=286173&catname=World,onlinenews.com.pk,onlinenews.com.pk,English
2015-02-27,,http://www.indiagazette.com/index.php/sid/230639559,indiagazette.com,indiagazette.com,English
2015-02-27,,http://www.indiagazette.com/index.php/sid/230639625,indiagazette.com,indiagazette.com,English
2015-02-27,,http://www.indiagazette.com/index.php/sid/230639613,indiagazette.com,indiagazette.com,English
2015-02-27,,http://tribune.com.pk/story/845357/unfulfilled-promise-azad-kashmir-pac-chairman-resigns/,tribune.com.pk,tribune.com.pk,English
2015-02-27,,http://www.dailymail.co.uk/indiahome/indianews/article-2972742/There-no-doctors-medicine-department-swine-flu-patients-queue-treated-Delhi-physicians-strike.html,dailymail.co.uk,dailymail.co.uk,English
2015-02-28,,http://www.telegraphindia.com/1150228/jsp/calcutta/story_5940.jsp,telegraphindia.com,telegraphindia.com,English
2015-02-28,,http://www.ianslive.in/index.php?param=news/Gunfight_erupts_in_Kashmir-467797/TopStory/30,ianslive.in,ianslive.in,English
