market_role,producer_market,variety,grade,week_end,avg_price_prod,avg_price_term,terminal_market,log_price_prod,log_price_term,NASCDI,d_nascdi,NASCDI_pos,NASCDI_neg
producer,Shopian,American,A,2017-10-01,25.0,50.0,Azadpur,3.2188758248682006,3.912023005428146,97.2296460568755,0.0,388.3554351938889,388.35543519388887
producer,Shopian,American,A,2017-10-08,26.428571428571427,50.0,Azadpur,3.2744456760230114,3.912023005428146,97.2296460568755,0.0,388.3554351938889,388.35543519388887
producer,Shopian,American,A,2017-10-15,27.857142857142858,50.0,Azadpur,3.3270894095084333,3.912023005428146,97.2296460568755,0.0,388.3554351938889,388.35543519388887
producer,Shopian,American,A,2017-10-22,28.75,52.67857142857143,Azadpur,3.3586377672433594,3.9642087585987165,97.2296460568755,0.0,388.3554351938889,388.35543519388887
producer,Shopian,American,A,2017-10-29,28.75,53.125,Azadpur,3.3586377672433594,3.972647627244581,97.2296460568755,0.0,388.3554351938889,388.35543519388887
producer,Shopian,American,A,2017-11-05,29.821428571428573,53.125,Azadpur,3.3952272146756517,3.972647627244581,97.2296460568755,0.0,388.3554351938889,388.35543519388887
producer,Shopian,American,A,2017-11-12,31.25,53.125,Azadpur,3.4420193761824107,3.972647627244581,97.2296460568755,0.0,388.3554351938889,388.35543519388887
producer,Shopian,American,A,2017-11-19,31.25,53.125,Azadpur,3.4420193761824107,3.972647627244581,97.2296460568755,0.0,388.3554351938889,388.35543519388887
producer,Shopian,American,A,2017-11-26,31.25,53.125,Azadpur,3.4420193761824107,3.972647627244581,97.2296460568755,0.0,388.3554351938889,388.35543519388887
producer,Shopian,American,A,2017-12-03,31.25,53.125,Azadpur,3.4420193761824107,3.972647627244581,97.2296460568755,0.0,388.3554351938889,388.35543519388887
producer,Shopian,American,A,2018-10-07,22.321428571428573,53.57142857142857,Azadpur,3.1055471395611978,3.9810158769150976,97.2296460568755,0.0,454.43685741274436,454.4368574127443
producer,Shopian,American,A,2018-10-14,25.0,55.357142857142854,Azadpur,3.2188758248682006,4.013805699738088,97.2296460568755,0.0,454.43685741274436,454.4368574127443
producer,Shopian,American,A,2018-10-21,23.214285714285715,50.0,Azadpur,3.144767852714479,3.912023005428146,97.2296460568755,0.0,454.43685741274436,454.4368574127443
producer,Shopian,American,A,2018-10-28,18.75,48.214285714285715,Azadpur,2.9311937524164198,3.8756553612572713,97.2296460568755,0.0,454.43685741274436,454.4368574127443
producer,Shopian,American,A,2018-11-04,18.75,48.214285714285715,Azadpur,2.9311937524164198,3.8756553612572713,97.2296460568755,0.0,454.43685741274436,454.4368574127443
producer,Shopian,American,A,2018-11-11,16.517857142857142,40.17857142857143,Azadpur,2.8044420467772757,3.693333804463317,97.2296460568755,0.0,454.43685741274436,454.4368574127443
producer,Shopian,American,A,2018-11-18,18.75,52.67857142857143,Azadpur,2.9311937524164198,3.9642087585987165,97.2296460568755,0.0,454.43685741274436,454.4368574127443
producer,Shopian,American,A,2018-11-25,19.196428571428573,50.892857142857146,Azadpur,2.954724249826614,3.929722582527547,97.2296460568755,0.0,454.43685741274436,454.4368574127443
producer,Shopian,American,A,2018-12-02,21.875,50.0,Azadpur,3.0853444322436783,3.912023005428146,97.2296460568755,0.0,454.43685741274436,454.4368574127443
producer,Shopian,American,A,2019-10-06,48.125,46.875,Azadpur,3.8738017926079484,3.847484484290575,103.32946964630833,-36.59894153659684,517.4683678368833,511.3685442474505
producer,Shopian,American,A,2019-10-13,48.125,46.875,Azadpur,3.8738017926079484,3.847484484290575,97.2296460568755,-6.09982358943283,517.4683678368833,517.4683678368833
producer,Shopian,American,A,2019-10-20,48.125,46.875,Azadpur,3.8738017926079484,3.847484484290575,97.2296460568755,0.0,517.4683678368833,517.4683678368833
producer,Shopian,American,A,2019-10-27,48.125,46.875,Azadpur,3.8738017926079484,3.847484484290575,97.2296460568755,0.0,517.4683678368833,517.4683678368833
producer,Shopian,American,A,2019-11-03,48.125,46.875,Azadpur,3.8738017926079484,3.847484484290575,97.2296460568755,0.0,517.4683678368833,517.4683678368833
producer,Shopian,American,A,2019-11-10,48.125,48.660714285714285,Azadpur,3.8738017926079484,3.8848720163621953,97.2296460568755,0.0,517.4683678368833,517.4683678368833
producer,Shopian,American,A,2019-11-17,48.125,49.107142857142854,Azadpur,3.8738017926079484,3.8940044999254675,97.2296460568755,0.0,517.4683678368833,517.4683678368833
producer,Shopian,American,A,2019-11-24,48.125,56.25,Azadpur,3.8738017926079484,4.029806041084529,97.2296460568755,0.0,517.4683678368833,517.4683678368833
producer,Shopian,American,A,2019-12-01,48.125,54.910714285714285,Azadpur,3.8738017926079484,4.005708489505469,97.2296460568755,0.0,517.4683678368833,517.4683678368833
producer,Shopian,American,A,2020-10-04,30.46875,50.892857142857146,Azadpur,3.4167015681981208,3.929722582527547,97.2296460568755,0.0,595.7494372346043,595.7494372346043
producer,Shopian,American,A,2020-10-11,31.25,55.357142857142854,Azadpur,3.4420193761824107,4.013805699738088,97.2296460568755,0.0,595.7494372346043,595.7494372346043
producer,Shopian,American,A,2020-10-18,32.94642857142857,55.80357142857143,Azadpur,3.4948828657394784,4.021837871435353,97.2296460568755,0.0,595.7494372346043,595.7494372346043
producer,Shopian,American,A,2020-10-25,36.160714285714285,56.69642857142857,Azadpur,3.58797328880549,4.037711220591643,97.2296460568755,0.0,595.7494372346043,595.7494372346043
producer,Shopian,American,A,2020-11-01,37.5,54.464285714285715,Azadpur,3.624340932976365,3.997545178866308,97.2296460568755,0.0,595.7494372346043,595.7494372346043
producer,Shopian,American,A,2020-11-08,37.5,51.785714285714285,Azadpur,3.624340932976365,3.9471143252394163,97.2296460568755,0.0,595.7494372346043,595.7494372346043
producer,Shopian,American,A,2020-11-15,35.892857142857146,61.607142857142854,Azadpur,3.5805383103179724,4.120777819290256,97.2296460568755,0.0,595.7494372346043,595.7494372346043
producer,Shopian,American,A,2020-11-22,36.69642857142857,50.0,Azadpur,3.6026794361951855,3.912023005428146,97.2296460568755,0.0,595.7494372346043,595.7494372346043
producer,Shopian,American,A,2020-11-29,38.482142857142854,47.32142857142857,Azadpur,3.6501943118026987,3.8569632282451187,97.2296460568755,0.0,595.7494372346043,595.7494372346043
producer,Shopian,American,A,2020-12-06,38.75,47.32142857142857,Azadpur,3.657130755799356,3.8569632282451187,97.2296460568755,0.0,595.7494372346043,595.7494372346043
producer,Shopian,American,A,2021-10-03,28.125,43.75,Azadpur,3.3366588605245844,3.7784916128036232,97.2296460568755,0.0,646.5813004798777,646.5813004798778
producer,Shopian,American,A,2021-10-10,31.696428571428573,43.75,Azadpur,3.456204011174367,3.7784916128036232,97.2296460568755,0.0,646.5813004798777,646.5813004798778
producer,Shopian,American,A,2021-10-17,33.482142857142854,43.75,Azadpur,3.511012247669362,3.7784916128036232,97.2296460568755,0.0,646.5813004798777,646.5813004798778
producer,Shopian,American,A,2021-10-24,33.92857142857143,43.75,Azadpur,3.524257474419383,3.7784916128036232,97.2296460568755,0.0,646.5813004798777,646.5813004798778
producer,Shopian,American,A,2021-10-31,38.839285714285715,43.75,Azadpur,3.659432252787635,3.7784916128036232,97.2296460568755,0.0,646.5813004798777,646.5813004798778
producer,Shopian,American,A,2021-11-07,45.535714285714285,43.75,Azadpur,3.8184969474173225,3.7784916128036232,97.2296460568755,0.0,646.5813004798777,646.5813004798778
producer,Shopian,American,A,2021-11-14,47.32142857142857,43.75,Azadpur,3.8569632282451187,3.7784916128036232,97.2296460568755,0.0,646.5813004798777,646.5813004798778
producer,Shopian,American,A,2021-11-21,46.875,43.75,Azadpur,3.847484484290575,3.7784916128036232,97.2296460568755,0.0,646.5813004798777,646.5813004798778
producer,Shopian,American,A,2021-11-28,46.875,43.75,Azadpur,3.847484484290575,3.7784916128036232,97.2296460568755,0.0,646.5813004798777,646.5813004798778
producer,Shopian,American,A,2021-12-05,46.875,47.32142857142857,Azadpur,3.847484484290575,3.8569632282451187,97.2296460568755,0.0,646.5813004798777,646.5813004798778
producer,Shopian,American,A,2022-10-02,31.25,54.464285714285715,Azadpur,3.4420193761824107,3.997545178866308,97.2296460568755,0.0,701.479712784773,701.479712784773
producer,Shopian,American,A,2022-10-09,31.25,59.375,Azadpur,3.4420193761824107,4.083873262354805,97.2296460568755,0.0,701.479712784773,701.479712784773
producer,Shopian,American,A,2022-10-16,31.25,57.142857142857146,Azadpur,3.4420193761824107,4.045554398052669,97.2296460568755,0.0,701.479712784773,701.479712784773
producer,Shopian,American,A,2022-10-23,33.035714285714285,46.42857142857143,Azadpur,3.497589227337221,3.8379150332744243,97.2296460568755,0.0,701.479712784773,701.479712784773
producer,Shopian,American,A,2022-10-30,31.25,45.089285714285715,Azadpur,3.4420193761824107,3.808644650974311,97.2296460568755,0.0,701.479712784773,701.479712784773
producer,Shopian,American,A,2022-11-06,32.142857142857146,45.535714285714285,Azadpur,3.470190253149107,3.8184969474173225,97.2296460568755,0.0,701.479712784773,701.479712784773
producer,Shopian,American,A,2022-11-13,31.696428571428573,43.214285714285715,Azadpur,3.456204011174367,3.766171128415583,97.2296460568755,0.0,701.479712784773,701.479712784773
producer,Shopian,American,A,2022-11-20,31.25,43.75,Azadpur,3.4420193761824107,3.7784916128036232,97.2296460568755,0.0,701.479712784773,701.479712784773
producer,Shopian,American,A,2022-11-27,31.25,43.92857142857143,Azadpur,3.4420193761824107,3.782564938191259,97.2296460568755,0.0,701.479712784773,701.479712784773
producer,Shopian,American,A,2022-12-04,31.25,43.75,Azadpur,3.4420193761824107,3.7784916128036232,97.2296460568755,0.0,701.479712784773,701.479712784773
producer,Shopian,American,A,2023-10-01,43.75,68.75,Azadpur,3.7784916128036232,4.230476736546681,97.2296460568755,0.0,776.7108703877777,776.7108703877776
producer,Shopian,American,A,2023-10-08,43.75,64.73214285714286,Azadpur,3.7784916128036232,4.170257876553626,97.2296460568755,0.0,776.7108703877777,776.7108703877776
producer,Shopian,American,A,2023-10-15,49.107142857142854,65.625,Azadpur,3.8940044999254675,4.183956720911787,97.2296460568755,0.0,776.7108703877777,776.7108703877776
producer,Shopian,American,A,2023-10-22,43.75,62.5,Azadpur,3.7784916128036232,4.135166556742356,97.2296460568755,0.0,776.7108703877777,776.7108703877776
producer,Shopian,American,A,2023-10-29,43.75,62.5,Azadpur,3.7784916128036232,4.135166556742356,97.2296460568755,0.0,776.7108703877777,776.7108703877776
producer,Shopian,American,A,2023-11-05,43.75,66.07142857142857,Azadpur,3.7784916128036232,4.190736407897167,97.2296460568755,0.0,776.7108703877777,776.7108703877776
producer,Shopian,American,A,2023-11-12,43.75,68.75,Azadpur,3.7784916128036232,4.230476736546681,97.2296460568755,0.0,776.7108703877777,776.7108703877776
producer,Shopian,American,A,2023-11-19,43.75,68.75,Azadpur,3.7784916128036232,4.230476736546681,97.2296460568755,0.0,776.7108703877777,776.7108703877776
producer,Shopian,American,A,2023-11-26,43.75,68.75,Azadpur,3.7784916128036232,4.230476736546681,97.2296460568755,0.0,776.7108703877777,776.7108703877776
producer,Shopian,American,A,2023-12-03,43.75,68.75,Azadpur,3.7784916128036232,4.230476736546681,97.2296460568755,0.0,776.7108703877777,776.7108703877776
producer,Shopian,American,A,2024-10-06,40.625,87.32142857142857,Azadpur,3.7043836406499016,4.469595891733769,97.2296460568755,0.0,827.5427336330511,827.542733633051
producer,Shopian,American,A,2024-10-13,40.625,71.07142857142857,Azadpur,3.7043836406499016,4.263685407543334,97.2296460568755,0.0,827.5427336330511,827.542733633051
producer,Shopian,American,A,2024-10-20,40.625,68.66071428571429,Azadpur,3.7043836406499016,4.229177191204595,97.2296460568755,0.0,827.5427336330511,827.542733633051
producer,Shopian,American,A,2024-10-27,40.625,65.80357142857143,Azadpur,3.7043836406499016,4.186674113888288,97.2296460568755,0.0,827.5427336330511,827.542733633051
producer,Shopian,American,A,2024-11-03,43.30357142857143,67.14285714285714,Azadpur,3.768235112636434,4.206822545648791,97.2296460568755,0.0,827.5427336330511,827.542733633051
producer,Shopian,American,A,2024-11-10,46.875,63.214285714285715,Azadpur,3.847484484290575,4.146530315392671,97.2296460568755,0.0,827.5427336330511,827.542733633051
producer,Shopian,American,A,2024-11-17,49.107142857142854,65.08928571428571,Azadpur,3.8940044999254675,4.175759953707609,97.2296460568755,0.0,827.5427336330511,827.542733633051
producer,Shopian,American,A,2024-11-24,50.0,64.64285714285714,Azadpur,3.912023005428146,4.168877614084668,97.2296460568755,0.0,827.5427336330511,827.542733633051
producer,Shopian,American,A,2024-12-01,50.0,64.46428571428571,Azadpur,3.912023005428146,4.166111360591778,97.2296460568755,0.0,827.5427336330511,827.542733633051
producer,Shopian,American,B,2017-10-01,13.75,31.25,Azadpur,2.6210388241125804,3.4420193761824107,97.2296460568755,0.0,388.3554351938889,388.35543519388887
producer,Shopian,American,B,2017-10-08,14.821428571428571,31.25,Azadpur,2.6960740100554945,3.4420193761824107,97.2296460568755,0.0,388.3554351938889,388.35543519388887
producer,Shopian,American,B,2017-10-15,16.517857142857142,31.25,Azadpur,2.8044420467772757,3.4420193761824107,97.2296460568755,0.0,388.3554351938889,388.35543519388887
producer,Shopian,American,B,2017-10-22,18.75,33.92857142857143,Azadpur,2.9311937524164198,3.524257474419383,97.2296460568755,0.0,388.3554351938889,388.35543519388887
producer,Shopian,American,B,2017-10-29,18.75,34.375,Azadpur,2.9311937524164198,3.5373295559867355,97.2296460568755,0.0,388.3554351938889,388.35543519388887
producer,Shopian,American,B,2017-11-05,20.089285714285715,34.375,Azadpur,3.0001866239033714,3.5373295559867355,97.2296460568755,0.0,388.3554351938889,388.35543519388887
producer,Shopian,American,B,2017-11-12,21.875,34.375,Azadpur,3.0853444322436783,3.5373295559867355,97.2296460568755,0.0,388.3554351938889,388.35543519388887
producer,Shopian,American,B,2017-11-19,21.875,34.375,Azadpur,3.0853444322436783,3.5373295559867355,97.2296460568755,0.0,388.3554351938889,388.35543519388887
producer,Shopian,American,B,2017-11-26,21.875,34.375,Azadpur,3.0853444322436783,3.5373295559867355,97.2296460568755,0.0,388.3554351938889,388.35543519388887
producer,Shopian,American,B,2017-12-03,21.875,34.375,Azadpur,3.0853444322436783,3.5373295559867355,97.2296460568755,0.0,388.3554351938889,388.35543519388887
producer,Shopian,American,B,2018-10-07,12.678571428571429,33.92857142857143,Azadpur,2.5399132793002117,3.524257474419383,97.2296460568755,0.0,454.43685741274436,454.4368574127443
producer,Shopian,American,B,2018-10-14,13.75,36.160714285714285,Azadpur,2.6210388241125804,3.58797328880549,97.2296460568755,0.0,454.43685741274436,454.4368574127443
producer,Shopian,American,B,2018-10-21,13.392857142857142,34.375,Azadpur,2.594721515795207,3.5373295559867355,97.2296460568755,0.0,454.43685741274436,454.4368574127443
producer,Shopian,American,B,2018-10-28,12.5,31.696428571428573,Azadpur,2.5257286443082556,3.456204011174367,97.2296460568755,0.0,454.43685741274436,454.4368574127443
producer,Shopian,American,B,2018-11-04,12.5,31.25,Azadpur,2.5257286443082556,3.4420193761824107,97.2296460568755,0.0,454.43685741274436,454.4368574127443
producer,Shopian,American,B,2018-11-11,11.785714285714286,31.25,Azadpur,2.466888144285322,3.4420193761824107,97.2296460568755,0.0,454.43685741274436,454.4368574127443
producer,Shopian,American,B,2018-11-18,13.125,38.839285714285715,Azadpur,2.5745188084776873,3.659432252787635,97.2296460568755,0.0,454.43685741274436,454.4368574127443
producer,Shopian,American,B,2018-11-25,13.303571428571429,37.94642857142857,Azadpur,2.5880325276444105,3.636175390623368,97.2296460568755,0.0,454.43685741274436,454.4368574127443
producer,Shopian,American,B,2018-12-02,14.375,35.267857142857146,Azadpur,2.665490586683414,3.5629719866000733,97.2296460568755,0.0,454.43685741274436,454.4368574127443
producer,Shopian,American,B,2019-10-06,31.875,28.125,Azadpur,3.46182200347859,3.3366588605245844,103.32946964630833,-36.59894153659684,517.4683678368833,511.3685442474505
producer,Shopian,American,B,2019-10-13,31.875,28.125,Azadpur,3.46182200347859,3.3366588605245844,97.2296460568755,-6.09982358943283,517.4683678368833,517.4683678368833
producer,Shopian,American,B,2019-10-20,31.875,28.125,Azadpur,3.46182200347859,3.3366588605245844,97.2296460568755,0.0,517.4683678368833,517.4683678368833
producer,Shopian,American,B,2019-10-27,31.875,28.125,Azadpur,3.46182200347859,3.3366588605245844,97.2296460568755,0.0,517.4683678368833,517.4683678368833
producer,Shopian,American,B,2019-11-03,31.875,28.125,Azadpur,3.46182200347859,3.3366588605245844,97.2296460568755,0.0,517.4683678368833,517.4683678368833
producer,Shopian,American,B,2019-11-10,31.875,28.125,Azadpur,3.46182200347859,3.3366588605245844,97.2296460568755,0.0,517.4683678368833,517.4683678368833
producer,Shopian,American,B,2019-11-17,31.875,28.571428571428573,Azadpur,3.46182200347859,3.3524072174927233,97.2296460568755,0.0,517.4683678368833,517.4683678368833
producer,Shopian,American,B,2019-11-24,31.875,29.464285714285715,Azadpur,3.46182200347859,3.383178876159477,97.2296460568755,0.0,517.4683678368833,517.4683678368833
producer,Shopian,American,B,2019-12-01,31.875,37.5,Azadpur,3.46182200347859,3.624340932976365,97.2296460568755,0.0,517.4683678368833,517.4683678368833
producer,Shopian,American,B,2020-10-04,21.875,33.75,Azadpur,3.0853444322436783,3.518980417318539,97.2296460568755,0.0,595.7494372346043,595.7494372346043
producer,Shopian,American,B,2020-10-11,25.0,35.714285714285715,Azadpur,3.2188758248682006,3.575550768806933,97.2296460568755,0.0,595.7494372346043,595.7494372346043
producer,Shopian,American,B,2020-10-18,18.75,39.017857142857146,Azadpur,2.9311937524164198,3.6640194167945412,97.2296460568755,0.0,595.7494372346043,595.7494372346043
producer,Shopian,American,B,2020-10-25,22.321428571428573,34.82142857142857,Azadpur,3.1055471395611978,3.550232960822643,97.2296460568755,0.0,595.7494372346043,595.7494372346043
producer,Shopian,American,B,2020-11-01,22.857142857142858,31.25,Azadpur,3.1292636661785136,3.4420193761824107,97.2296460568755,0.0,595.7494372346043,595.7494372346043
producer,Shopian,American,B,2020-11-08,21.25,31.25,Azadpur,3.056356895370426,3.4420193761824107,97.2296460568755,0.0,595.7494372346043,595.7494372346043
producer,Shopian,American,B,2020-11-15,21.25,36.607142857142854,Azadpur,3.056356895370426,3.6002433813973047,97.2296460568755,0.0,595.7494372346043,595.7494372346043
producer,Shopian,American,B,2020-11-22,22.857142857142858,31.25,Azadpur,3.1292636661785136,3.4420193761824107,97.2296460568755,0.0,595.7494372346043,595.7494372346043
producer,Shopian,American,B,2020-11-29,25.0,30.357142857142858,Azadpur,3.2188758248682006,3.4130318393091583,97.2296460568755,0.0,595.7494372346043,595.7494372346043
producer,Shopian,American,B,2020-12-06,25.0,31.875,Azadpur,3.2188758248682006,3.46182200347859,97.2296460568755,0.0,595.7494372346043,595.7494372346043
producer,Shopian,American,B,2021-10-03,18.75,28.125,Azadpur,2.9311937524164198,3.3366588605245844,97.2296460568755,0.0,646.5813004798777,646.5813004798778
producer,Shopian,American,B,2021-10-10,22.678571428571427,28.125,Azadpur,3.1214204887174875,3.3366588605245844,97.2296460568755,0.0,646.5813004798777,646.5813004798778
producer,Shopian,American,B,2021-10-17,25.0,28.125,Azadpur,3.2188758248682006,3.3366588605245844,97.2296460568755,0.0,646.5813004798777,646.5813004798778
producer,Shopian,American,B,2021-10-24,23.035714285714285,28.125,Azadpur,3.1370458066205686,3.3366588605245844,97.2296460568755,0.0,646.5813004798777,646.5813004798778
producer,Shopian,American,B,2021-10-31,28.660714285714285,28.125,Azadpur,3.355527344828967,3.3366588605245844,97.2296460568755,0.0,646.5813004798777,646.5813004798778
producer,Shopian,American,B,2021-11-07,29.464285714285715,28.125,Azadpur,3.383178876159477,3.3366588605245844,97.2296460568755,0.0,646.5813004798777,646.5813004798778
producer,Shopian,American,B,2021-11-14,25.0,28.125,Azadpur,3.2188758248682006,3.3366588605245844,97.2296460568755,0.0,646.5813004798777,646.5813004798778
producer,Shopian,American,B,2021-11-21,25.0,28.125,Azadpur,3.2188758248682006,3.3366588605245844,97.2296460568755,0.0,646.5813004798777,646.5813004798778
producer,Shopian,American,B,2021-11-28,25.0,28.125,Azadpur,3.2188758248682006,3.3366588605245844,97.2296460568755,0.0,646.5813004798777,646.5813004798778
producer,Shopian,American,B,2021-12-05,25.0,28.125,Azadpur,3.2188758248682006,3.3366588605245844,97.2296460568755,0.0,646.5813004798777,646.5813004798778
producer,Shopian,American,B,2022-10-02,18.75,37.5,Azadpur,2.9311937524164198,3.624340932976365,97.2296460568755,0.0,701.479712784773,701.479712784773
producer,Shopian,American,B,2022-10-09,18.75,37.5,Azadpur,2.9311937524164198,3.624340932976365,97.2296460568755,0.0,701.479712784773,701.479712784773
producer,Shopian,American,B,2022-10-16,18.75,37.5,Azadpur,2.9311937524164198,3.624340932976365,97.2296460568755,0.0,701.479712784773,701.479712784773
producer,Shopian,American,B,2022-10-23,18.75,34.375,Azadpur,2.9311937524164198,3.5373295559867355,97.2296460568755,0.0,701.479712784773,701.479712784773
producer,Shopian,American,B,2022-10-30,18.75,33.660714285714285,Azadpur,2.9311937524164198,3.5163314091469617,97.2296460568755,0.0,701.479712784773,701.479712784773
producer,Shopian,American,B,2022-11-06,17.857142857142858,33.125,Azadpur,2.882403588246988,3.5002882843063863,97.2296460568755,0.0,701.479712784773,701.479712784773
producer,Shopian,American,B,2022-11-13,18.75,33.125,Azadpur,2.9311937524164198,3.5002882843063863,97.2296460568755,0.0,701.479712784773,701.479712784773
producer,Shopian,American,B,2022-11-20,17.857142857142858,28.125,Azadpur,2.882403588246988,3.3366588605245844,97.2296460568755,0.0,701.479712784773,701.479712784773
producer,Shopian,American,B,2022-11-27,18.75,28.125,Azadpur,2.9311937524164198,3.3366588605245844,97.2296460568755,0.0,701.479712784773,701.479712784773
producer,Shopian,American,B,2022-12-04,18.75,28.125,Azadpur,2.9311937524164198,3.3366588605245844,97.2296460568755,0.0,701.479712784773,701.479712784773
producer,Shopian,American,B,2023-10-01,34.375,43.75,Azadpur,3.5373295559867355,3.7784916128036232,97.2296460568755,0.0,776.7108703877777,776.7108703877776
producer,Shopian,American,B,2023-10-08,34.375,42.857142857142854,Azadpur,3.5373295559867355,3.7578723256008875,97.2296460568755,0.0,776.7108703877777,776.7108703877776
producer,Shopian,American,B,2023-10-15,30.803571428571427,43.75,Azadpur,3.427630638730311,3.7784916128036232,97.2296460568755,0.0,776.7108703877777,776.7108703877776
producer,Shopian,American,B,2023-10-22,25.0,43.75,Azadpur,3.2188758248682006,3.7784916128036232,97.2296460568755,0.0,776.7108703877777,776.7108703877776
producer,Shopian,American,B,2023-10-29,25.0,43.75,Azadpur,3.2188758248682006,3.7784916128036232,97.2296460568755,0.0,776.7108703877777,776.7108703877776
producer,Shopian,American,B,2023-11-05,24.776785714285715,47.32142857142857,Azadpur,3.2099071548854403,3.8569632282451187,97.2296460568755,0.0,776.7108703877777,776.7108703877776
producer,Shopian,American,B,2023-11-12,25.0,50.0,Azadpur,3.2188758248682006,3.912023005428146,97.2296460568755,0.0,776.7108703877777,776.7108703877776
producer,Shopian,American,B,2023-11-19,25.0,50.0,Azadpur,3.2188758248682006,3.912023005428146,97.2296460568755,0.0,776.7108703877777,776.7108703877776
producer,Shopian,American,B,2023-11-26,25.0,48.214285714285715,Azadpur,3.2188758248682006,3.8756553612572713,97.2296460568755,0.0,776.7108703877777,776.7108703877776
producer,Shopian,American,B,2023-12-03,25.0,43.75,Azadpur,3.2188758248682006,3.7784916128036232,97.2296460568755,0.0,776.7108703877777,776.7108703877776
producer,Shopian,American,B,2024-10-06,34.375,50.357142857142854,Azadpur,3.5373295559867355,3.91914047319701,97.2296460568755,0.0,827.5427336330511,827.542733633051
producer,Shopian,American,B,2024-10-13,34.375,42.5,Azadpur,3.5373295559867355,3.7495040759303713,97.2296460568755,0.0,827.5427336330511,827.542733633051
producer,Shopian,American,B,2024-10-20,33.482142857142854,45.982142857142854,Azadpur,3.511012247669362,3.828253122362687,97.2296460568755,0.0,827.5427336330511,827.542733633051
producer,Shopian,American,B,2024-10-27,34.375,46.25,Azadpur,3.5373295559867355,3.834061463958434,97.2296460568755,0.0,827.5427336330511,827.542733633051
producer,Shopian,American,B,2024-11-03,31.696428571428573,49.017857142857146,Azadpur,3.456204011174367,3.8921846632084818,97.2296460568755,0.0,827.5427336330511,827.542733633051
producer,Shopian,American,B,2024-11-10,28.125,48.57142857142857,Azadpur,3.3366588605245844,3.8830354685548936,97.2296460568755,0.0,827.5427336330511,827.542733633051
producer,Shopian,American,B,2024-11-17,30.357142857142858,46.160714285714285,Azadpur,3.4130318393091583,3.8321290962073804,97.2296460568755,0.0,827.5427336330511,827.542733633051
producer,Shopian,American,B,2024-11-24,31.25,45.80357142857143,Azadpur,3.4420193761824107,3.8243620668697207,97.2296460568755,0.0,827.5427336330511,827.542733633051
producer,Shopian,American,B,2024-12-01,31.25,46.875,Azadpur,3.4420193761824107,3.847484484290575,97.2296460568755,0.0,827.5427336330511,827.542733633051
producer,Shopian,Delicious,A,2017-09-17,37.5,46.875,Azadpur,3.624340932976365,3.847484484290575,97.2296460568755,0.0,388.3554351938889,388.35543519388887
producer,Shopian,Delicious,A,2017-09-24,38.482142857142854,46.875,Azadpur,3.6501943118026987,3.847484484290575,97.2296460568755,0.0,388.3554351938889,388.35543519388887
producer,Shopian,Delicious,A,2017-10-01,35.535714285714285,46.875,Azadpur,3.570538226983389,3.847484484290575,97.2296460568755,0.0,388.3554351938889,388.35543519388887
producer,Shopian,Delicious,A,2017-10-08,31.517857142857142,46.875,Azadpur,3.450554278632248,3.847484484290575,97.2296460568755,0.0,388.3554351938889,388.35543519388887
producer,Shopian,Delicious,A,2017-10-15,31.875,49.107142857142854,Azadpur,3.46182200347859,3.8940044999254675,97.2296460568755,0.0,388.3554351938889,388.35543519388887
producer,Shopian,Delicious,A,2017-10-22,31.607142857142858,50.0,Azadpur,3.4533831348327255,3.912023005428146,97.2296460568755,0.0,388.3554351938889,388.35543519388887
producer,Shopian,Delicious,A,2017-10-29,32.589285714285715,50.0,Azadpur,3.4839835752814428,3.912023005428146,97.2296460568755,0.0,388.3554351938889,388.35543519388887
producer,Shopian,Delicious,A,2017-11-05,30.669642857142858,50.0,Azadpur,3.423273333361355,3.912023005428146,97.2296460568755,0.0,388.3554351938889,388.35543519388887
producer,Shopian,Delicious,A,2017-11-12,35.714285714285715,50.0,Azadpur,3.575550768806933,3.912023005428146,97.2296460568755,0.0,388.3554351938889,388.35543519388887
producer,Shopian,Delicious,A,2017-11-19,37.5,50.0,Azadpur,3.624340932976365,3.912023005428146,97.2296460568755,0.0,388.3554351938889,388.35543519388887
producer,Shopian,Delicious,A,2017-11-26,38.839285714285715,50.0,Azadpur,3.659432252787635,3.912023005428146,97.2296460568755,0.0,388.3554351938889,388.35543519388887
producer,Shopian,Delicious,A,2017-12-03,40.17857142857143,50.0,Azadpur,3.693333804463317,3.912023005428146,97.2296460568755,0.0,388.3554351938889,388.35543519388887
producer,Shopian,Delicious,A,2017-12-10,41.160714285714285,50.892857142857146,Azadpur,3.7174842646955994,3.929722582527547,97.2296460568755,0.0,388.3554351938889,388.35543519388887
producer,Shopian,Delicious,A,2017-12-17,40.80357142857143,52.901785714285715,Azadpur,3.708769612593156,3.9684370947082375,97.2296460568755,0.0,388.3554351938889,388.35543519388887
producer,Shopian,Delicious,A,2017-12-24,39.375,51.5625,Azadpur,3.6731310971457973,3.9427946640948996,97.2296460568755,0.0,388.3554351938889,388.35543519388887
producer,Shopian,Delicious,A,2017-12-31,34.910714285714285,47.32142857142857,Azadpur,3.5527937816843167,3.8569632282451187,97.2296460568755,0.0,388.3554351938889,388.35543519388887
producer,Shopian,Delicious,A,2018-09-16,34.375,53.125,Azadpur,3.5373295559867355,3.972647627244581,97.2296460568755,0.0,454.43685741274436,454.4368574127443
producer,Shopian,Delicious,A,2018-09-23,34.375,53.125,Azadpur,3.5373295559867355,3.972647627244581,97.2296460568755,0.0,454.43685741274436,454.4368574127443
producer,Shopian,Delicious,A,2018-09-30,34.375,59.375,Azadpur,3.5373295559867355,4.083873262354805,97.2296460568755,0.0,454.43685741274436,454.4368574127443
producer,Shopian,Delicious,A,2018-10-07,40.625,62.05357142857143,Azadpur,3.7043836406499016,4.127998067263744,97.2296460568755,0.0,454.43685741274436,454.4368574127443
producer,Shopian,Delicious,A,2018-10-14,42.63392857142857,63.839285714285715,Azadpur,3.752650381619736,4.156368764392959,97.2296460568755,0.0,454.43685741274436,454.4368574127443
producer,Shopian,Delicious,A,2018-10-21,41.517857142857146,65.625,Azadpur,3.7261236272863076,4.183956720911787,97.2296460568755,0.0,454.43685741274436,454.4368574127443
producer,Shopian,Delicious,A,2018-10-28,40.625,62.05357142857143,Azadpur,3.7043836406499016,4.127998067263744,97.2296460568755,0.0,454.43685741274436,454.4368574127443
producer,Shopian,Delicious,A,2018-11-04,40.625,63.839285714285715,Azadpur,3.7043836406499016,4.156368764392959,97.2296460568755,0.0,454.43685741274436,454.4368574127443
producer,Shopian,Delicious,A,2018-11-11,40.625,50.44642857142857,Azadpur,3.7043836406499016,3.920911952845392,97.2296460568755,0.0,454.43685741274436,454.4368574127443
producer,Shopian,Delicious,A,2018-11-18,40.625,49.55357142857143,Azadpur,3.7043836406499016,3.9030543354453857,97.2296460568755,0.0,454.43685741274436,454.4368574127443
producer,Shopian,Delicious,A,2018-11-25,41.294642857142854,49.107142857142854,Azadpur,3.720732778651431,3.8940044999254675,97.2296460568755,0.0,454.43685741274436,454.4368574127443
producer,Shopian,Delicious,A,2018-12-02,43.30357142857143,51.785714285714285,Azadpur,3.768235112636434,3.9471143252394163,97.2296460568755,0.0,454.43685741274436,454.4368574127443
producer,Shopian,Delicious,A,2018-12-09,41.07142857142857,48.035714285714285,Azadpur,3.715312711182092,3.8719447818607353,97.2296460568755,0.0,454.43685741274436,454.4368574127443
producer,Shopian,Delicious,A,2018-12-16,40.625,46.785714285714285,Azadpur,3.7043836406499016,3.8455779060199933,97.2296460568755,0.0,454.43685741274436,454.4368574127443
producer,Shopian,Delicious,A,2018-12-23,39.285714285714285,46.42857142857143,Azadpur,3.670860948611258,3.8379150332744243,97.2296460568755,0.0,454.43685741274436,454.4368574127443
producer,Shopian,Delicious,A,2018-12-30,37.5,44.642857142857146,Azadpur,3.624340932976365,3.798694320121143,97.2296460568755,0.0,454.43685741274436,454.4368574127443
producer,Shopian,Delicious,A,2019-01-06,37.5,47.32142857142857,Azadpur,3.624340932976365,3.8569632282451187,97.2296460568755,0.0,454.43685741274436,454.4368574127443
producer,Shopian,Delicious,A,2019-09-15,60.0,46.875,Azadpur,4.0943445622221,3.847484484290575,139.92841118290517,0.0,517.4683678368833,474.76960271085363
producer,Shopian,Delicious,A,2019-09-22,60.0,46.875,Azadpur,4.0943445622221,3.847484484290575,139.92841118290517,0.0,517.4683678368833,474.76960271085363
producer,Shopian,Delicious,A,2019-09-29,60.0,59.375,Azadpur,4.0943445622221,4.083873262354805,139.92841118290517,0.0,517.4683678368833,474.76960271085363
producer,Shopian,Delicious,A,2019-10-06,60.0,59.375,Azadpur,4.0943445622221,4.083873262354805,103.32946964630833,-36.59894153659684,517.4683678368833,511.3685442474505
producer,Shopian,Delicious,A,2019-10-13,60.0,59.375,Azadpur,4.0943445622221,4.083873262354805,97.2296460568755,-6.09982358943283,517.4683678368833,517.4683678368833
producer,Shopian,Delicious,A,2019-10-20,60.0,59.375,Azadpur,4.0943445622221,4.083873262354805,97.2296460568755,0.0,517.4683678368833,517.4683678368833
producer,Shopian,Delicious,A,2019-10-27,60.0,59.375,Azadpur,4.0943445622221,4.083873262354805,97.2296460568755,0.0,517.4683678368833,517.4683678368833
producer,Shopian,Delicious,A,2019-11-03,60.0,59.375,Azadpur,4.0943445622221,4.083873262354805,97.2296460568755,0.0,517.4683678368833,517.4683678368833
producer,Shopian,Delicious,A,2019-11-10,60.0,59.375,Azadpur,4.0943445622221,4.083873262354805,97.2296460568755,0.0,517.4683678368833,517.4683678368833
producer,Shopian,Delicious,A,2019-11-17,60.0,59.375,Azadpur,4.0943445622221,4.083873262354805,97.2296460568755,0.0,517.4683678368833,517.4683678368833
producer,Shopian,Delicious,A,2019-11-24,60.0,59.375,Azadpur,4.0943445622221,4.083873262354805,97.2296460568755,0.0,517.4683678368833,517.4683678368833
producer,Shopian,Delicious,A,2019-12-01,60.0,59.375,Azadpur,4.0943445622221,4.083873262354805,97.2296460568755,0.0,517.4683678368833,517.4683678368833
producer,Shopian,Delicious,A,2019-12-08,60.0,60.267857142857146,Azadpur,4.0943445622221,4.098798912571481,97.2296460568755,0.0,517.4683678368833,517.4683678368833
producer,Shopian,Delicious,A,2019-12-15,60.0,68.30357142857143,Azadpur,4.0943445622221,4.223962055525487,97.2296460568755,0.0,517.4683678368833,517.4683678368833
producer,Shopian,Delicious,A,2019-12-22,60.0,65.625,Azadpur,4.0943445622221,4.183956720911787,97.2296460568755,0.0,517.4683678368833,517.4683678368833
producer,Shopian,Delicious,A,2019-12-29,60.0,65.17857142857143,Azadpur,4.0943445622221,4.177130755841388,97.2296460568755,0.0,517.4683678368833,517.4683678368833
producer,Shopian,Delicious,A,2020-01-05,60.0,53.57142857142857,Azadpur,4.0943445622221,3.9810158769150976,97.2296460568755,0.0,517.4683678368833,517.4683678368833
producer,Shopian,Delicious,A,2020-09-20,48.958333333333336,66.07142857142857,Azadpur,3.8909695962303137,4.190736407897167,97.2296460568755,0.0,595.7494372346043,595.7494372346043
producer,Shopian,Delicious,A,2020-09-27,45.75892857142857,62.5,Azadpur,3.8233869327115144,4.135166556742356,97.2296460568755,0.0,595.7494372346043,595.7494372346043
producer,Shopian,Delicious,A,2020-10-04,41.07142857142857,70.53571428571429,Azadpur,3.715312711182092,4.256119167160018,97.2296460568755,0.0,595.7494372346043,595.7494372346043
producer,Shopian,Delicious,A,2020-10-11,36.830357142857146,63.392857142857146,Azadpur,3.6063224274736867,4.149351191734312,97.2296460568755,0.0,595.7494372346043,595.7494372346043
producer,Shopian,Delicious,A,2020-10-18,43.526785714285715,70.53571428571429,Azadpur,3.773376512136853,4.256119167160018,97.2296460568755,0.0,595.7494372346043,595.7494372346043
producer,Shopian,Delicious,A,2020-10-25,46.875,73.21428571428571,Azadpur,3.847484484290575,4.29339056195725,97.2296460568755,0.0,595.7494372346043,595.7494372346043
producer,Shopian,Delicious,A,2020-11-01,47.767857142857146,68.30357142857143,Azadpur,3.8663529685949576,4.223962055525487,97.2296460568755,0.0,595.7494372346043,595.7494372346043
producer,Shopian,Delicious,A,2020-11-08,47.99107142857143,68.75,Azadpur,3.871014981700769,4.230476736546681,97.2296460568755,0.0,595.7494372346043,595.7494372346043
producer,Shopian,Delicious,A,2020-11-15,50.825892857142854,75.0,Azadpur,3.9284059266428,4.31748811353631,97.2296460568755,0.0,595.7494372346043,595.7494372346043
producer,Shopian,Delicious,A,2020-11-22,53.10267857142857,71.42857142857143,Azadpur,3.972227370882018,4.268697949366879,97.2296460568755,0.0,595.7494372346043,595.7494372346043
producer,Shopian,Delicious,A,2020-11-29,54.910714285714285,66.96428571428571,Azadpur,4.005708489505469,4.204159428229307,97.2296460568755,0.0,595.7494372346043,595.7494372346043
producer,Shopian,Delicious,A,2020-12-06,56.473214285714285,66.07142857142857,Azadpur,4.033766442300626,4.190736407897167,97.2296460568755,0.0,595.7494372346043,595.7494372346043
producer,Shopian,Delicious,A,2020-12-13,55.089285714285715,66.07142857142857,Azadpur,4.008955245604339,4.190736407897167,97.2296460568755,0.0,595.7494372346043,595.7494372346043
producer,Shopian,Delicious,A,2020-12-20,56.25,69.64285714285714,Azadpur,4.029806041084529,4.2433801413825885,97.2296460568755,0.0,595.7494372346043,595.7494372346043
producer,Shopian,Delicious,A,2020-12-27,56.25,68.75,Azadpur,4.029806041084529,4.230476736546681,97.2296460568755,0.0,595.7494372346043,595.7494372346043
producer,Shopian,Delicious,A,2021-01-03,56.25,72.32142857142857,Azadpur,4.029806041084529,4.281120469365436,102.31283238140284,5.083186324527347,600.8326235591317,595.7494372346043
producer,Shopian,Delicious,A,2022-09-18,31.25,42.410714285714285,Azadpur,3.4420193761824107,3.747401025733592,97.2296460568755,0.0,701.479712784773,701.479712784773
producer,Shopian,Delicious,A,2022-09-25,31.25,39.464285714285715,Azadpur,3.4420193761824107,3.675396103776649,97.2296460568755,0.0,701.479712784773,701.479712784773
producer,Shopian,Delicious,A,2022-10-02,30.357142857142858,50.44642857142857,Azadpur,3.4130318393091583,3.920911952845392,97.2296460568755,0.0,701.479712784773,701.479712784773
producer,Shopian,Delicious,A,2022-10-09,28.571428571428573,49.55357142857143,Azadpur,3.3524072174927233,3.9030543354453857,97.2296460568755,0.0,701.479712784773,701.479712784773
producer,Shopian,Delicious,A,2022-10-16,30.803571428571427,54.017857142857146,Azadpur,3.427630638730311,3.9893146797297927,97.2296460568755,0.0,701.479712784773,701.479712784773
producer,Shopian,Delicious,A,2022-10-23,36.607142857142854,46.875,Azadpur,3.6002433813973047,3.847484484290575,97.2296460568755,0.0,701.479712784773,701.479712784773
producer,Shopian,Delicious,A,2022-10-30,35.714285714285715,48.660714285714285,Azadpur,3.575550768806933,3.8848720163621953,97.2296460568755,0.0,701.479712784773,701.479712784773
producer,Shopian,Delicious,A,2022-11-06,34.375,41.07142857142857,Azadpur,3.5373295559867355,3.715312711182092,97.2296460568755,0.0,701.479712784773,701.479712784773
producer,Shopian,Delicious,A,2022-11-13,35.714285714285715,44.642857142857146,Azadpur,3.575550768806933,3.798694320121143,97.2296460568755,0.0,701.479712784773,701.479712784773
producer,Shopian,Delicious,A,2022-11-20,37.5,46.42857142857143,Azadpur,3.624340932976365,3.8379150332744243,97.2296460568755,0.0,701.479712784773,701.479712784773
producer,Shopian,Delicious,A,2022-11-27,37.5,45.75892857142857,Azadpur,3.624340932976365,3.8233869327115144,97.2296460568755,0.0,701.479712784773,701.479712784773
producer,Shopian,Delicious,A,2022-12-04,33.92857142857143,41.74107142857143,Azadpur,3.524257474419383,3.731485570427693,97.2296460568755,0.0,701.479712784773,701.479712784773
producer,Shopian,Delicious,A,2022-12-11,31.25,37.5,Azadpur,3.4420193761824107,3.624340932976365,97.2296460568755,0.0,701.479712784773,701.479712784773
producer,Shopian,Delicious,A,2022-12-18,31.25,37.5,Azadpur,3.4420193761824107,3.624340932976365,97.2296460568755,0.0,701.479712784773,701.479712784773
producer,Shopian,Delicious,A,2022-12-25,31.964285714285715,37.5,Azadpur,3.4646192080996516,3.624340932976365,97.2296460568755,0.0,701.479712784773,701.479712784773
producer,Shopian,Delicious,A,2023-01-01,35.208333333333336,37.5,Azadpur,3.5612827970092282,3.624340932976365,97.2296460568755,0.0,701.479712784773,701.479712784773
producer,Shopian,Delicious,A,2023-09-17,37.5,64.28571428571429,Azadpur,3.624340932976365,4.163337433709052,97.2296460568755,0.0,776.7108703877777,776.7108703877776
producer,Shopian,Delicious,A,2023-09-24,37.5,65.625,Azadpur,3.624340932976365,4.183956720911787,97.2296460568755,0.0,776.7108703877777,776.7108703877776
producer,Shopian,Delicious,A,2023-10-01,37.5,65.625,Azadpur,3.624340932976365,4.183956720911787,97.2296460568755,0.0,776.7108703877777,776.7108703877776
producer,Shopian,Delicious,A,2023-10-08,53.125,65.625,Azadpur,3.972647627244581,4.183956720911787,97.2296460568755,0.0,776.7108703877777,776.7108703877776
producer,Shopian,Delicious,A,2023-10-15,58.482142857142854,65.625,Azadpur,4.068721457334203,4.183956720911787,97.2296460568755,0.0,776.7108703877777,776.7108703877776
producer,Shopian,Delicious,A,2023-10-22,60.714285714285715,65.625,Azadpur,4.106179019869104,4.183956720911787,97.2296460568755,0.0,776.7108703877777,776.7108703877776
producer,Shopian,Delicious,A,2023-10-29,62.5,65.625,Azadpur,4.135166556742356,4.183956720911787,97.2296460568755,0.0,776.7108703877777,776.7108703877776
producer,Shopian,Delicious,A,2023-11-05,66.66666666666667,76.78571428571429,Azadpur,4.199705077879927,4.341018610946505,97.2296460568755,0.0,776.7108703877777,776.7108703877776
producer,Shopian,Delicious,A,2023-11-12,66.07142857142857,81.25,Azadpur,4.190736407897167,4.3975308212098465,97.2296460568755,0.0,776.7108703877777,776.7108703877776
producer,Shopian,Delicious,A,2023-11-19,66.07142857142857,81.25,Azadpur,4.190736407897167,4.3975308212098465,97.2296460568755,0.0,776.7108703877777,776.7108703877776
producer,Shopian,Delicious,A,2023-11-26,59.82142857142857,80.35714285714286,Azadpur,4.0913639340839625,4.386480985023262,97.2296460568755,0.0,776.7108703877777,776.7108703877776
producer,Shopian,Delicious,A,2023-12-03,63.392857142857146,77.23214285714286,Azadpur,4.149351191734312,4.346815728630831,97.2296460568755,0.0,776.7108703877777,776.7108703877776
producer,Shopian,Delicious,A,2023-12-10,63.839285714285715,72.76785714285714,Azadpur,4.156368764392959,4.287274334939814,97.2296460568755,0.0,776.7108703877777,776.7108703877776
producer,Shopian,Delicious,A,2023-12-17,56.25,75.44642857142857,Azadpur,4.029806041084529,4.323422849056125,97.2296460568755,0.0,776.7108703877777,776.7108703877776
producer,Shopian,Delicious,A,2023-12-24,56.25,76.78571428571429,Azadpur,4.029806041084529,4.341018610946505,97.2296460568755,0.0,776.7108703877777,776.7108703877776
producer,Shopian,Delicious,A,2023-12-31,56.25,78.125,Azadpur,4.029806041084529,4.358310108056566,97.2296460568755,0.0,776.7108703877777,776.7108703877776
producer,Shopian,Delicious,A,2024-09-15,46.875,78.85714285714286,Azadpur,3.847484484290575,4.367637897221782,97.2296460568755,0.0,827.5427336330511,827.542733633051
producer,Shopian,Delicious,A,2024-09-22,46.875,73.14285714285714,Azadpur,3.847484484290575,4.292414475984194,97.2296460568755,0.0,827.5427336330511,827.542733633051
producer,Shopian,Delicious,A,2024-09-29,48.660714285714285,61.714285714285715,Azadpur,3.8848720163621953,4.122515439188797,97.2296460568755,0.0,827.5427336330511,827.542733633051
producer,Shopian,Delicious,A,2024-10-06,49.55357142857143,63.142857142857146,Azadpur,3.9030543354453857,4.145399733022385,97.2296460568755,0.0,827.5427336330511,827.542733633051
producer,Shopian,Delicious,A,2024-10-13,46.875,63.714285714285715,Azadpur,3.847484484290575,4.154408802964751,97.2296460568755,0.0,827.5427336330511,827.542733633051
producer,Shopian,Delicious,A,2024-10-20,47.32142857142857,65.57142857142857,Azadpur,3.8569632282451187,4.183140061005232,97.2296460568755,0.0,827.5427336330511,827.542733633051
producer,Shopian,Delicious,A,2024-10-27,50.0,69.71428571428571,Azadpur,3.912023005428146,4.244405256797834,97.2296460568755,0.0,827.5427336330511,827.542733633051
producer,Shopian,Delicious,A,2024-11-03,57.589285714285715,72.0,Azadpur,4.053336538494723,4.276666119016055,97.2296460568755,0.0,827.5427336330511,827.542733633051
producer,Shopian,Delicious,A,2024-11-10,65.625,73.5,Azadpur,4.183956720911787,4.297285406218791,97.2296460568755,0.0,827.5427336330511,827.542733633051
producer,Shopian,Delicious,A,2024-11-17,66.96428571428571,74.14285714285714,Azadpur,4.204159428229307,4.305993734110575,97.2296460568755,0.0,827.5427336330511,827.542733633051
producer,Shopian,Delicious,A,2024-11-24,62.94642857142857,71.42857142857143,Azadpur,4.14228402451122,4.268697949366879,97.2296460568755,0.0,827.5427336330511,827.542733633051
producer,Shopian,Delicious,A,2024-12-01,59.375,71.0,Azadpur,4.083873262354805,4.2626798770413155,97.2296460568755,0.0,827.5427336330511,827.542733633051
producer,Shopian,Delicious,A,2024-12-08,56.69642857142857,70.35714285714286,Azadpur,4.037711220591643,4.25358431155683,97.2296460568755,0.0,827.5427336330511,827.542733633051
producer,Shopian,Delicious,A,2024-12-15,56.25,69.85714285714286,Azadpur,4.029806041084529,4.246452340419559,97.2296460568755,0.0,827.5427336330511,827.542733633051
producer,Shopian,Delicious,A,2024-12-22,55.80357142857143,69.64285714285714,Azadpur,4.021837871435353,4.2433801413825885,97.2296460568755,0.0,827.5427336330511,827.542733633051
producer,Shopian,Delicious,A,2024-12-29,56.25,68.07142857142857,Azadpur,4.029806041084529,4.220557574038944,127.72876400403956,30.499117947164066,858.0418515802152,827.542733633051
producer,Shopian,Delicious,A,2025-01-05,56.25,68.71428571428571,Azadpur,4.029806041084529,4.229957121050448,127.72876400403956,0.0,858.0418515802152,827.542733633051
producer,Shopian,Delicious,B,2017-09-17,31.25,31.25,Azadpur,3.4420193761824107,3.4420193761824107,97.2296460568755,0.0,388.3554351938889,388.35543519388887
producer,Shopian,Delicious,B,2017-09-24,28.883928571428573,31.25,Azadpur,3.3632853356399064,3.4420193761824107,97.2296460568755,0.0,388.3554351938889,388.35543519388887
producer,Shopian,Delicious,B,2017-10-01,25.714285714285715,31.25,Azadpur,3.247046701834897,3.4420193761824107,97.2296460568755,0.0,388.3554351938889,388.35543519388887
producer,Shopian,Delicious,B,2017-10-08,25.535714285714285,31.25,Azadpur,3.2400780325188037,3.4420193761824107,97.2296460568755,0.0,388.3554351938889,388.35543519388887
producer,Shopian,Delicious,B,2017-10-15,26.25,35.714285714285715,Azadpur,3.2676659890376327,3.575550768806933,97.2296460568755,0.0,388.3554351938889,388.35543519388887
producer,Shopian,Delicious,B,2017-10-22,25.714285714285715,37.5,Azadpur,3.247046701834897,3.624340932976365,97.2296460568755,0.0,388.3554351938889,388.35543519388887
producer,Shopian,Delicious,B,2017-10-29,26.607142857142858,37.5,Azadpur,3.2811797082043554,3.624340932976365,97.2296460568755,0.0,388.3554351938889,388.35543519388887
producer,Shopian,Delicious,B,2017-11-05,29.6875,37.5,Azadpur,3.39072608179486,3.624340932976365,97.2296460568755,0.0,388.3554351938889,388.35543519388887
producer,Shopian,Delicious,B,2017-11-12,27.8125,37.5,Azadpur,3.325485559926459,3.624340932976365,97.2296460568755,0.0,388.3554351938889,388.35543519388887
producer,Shopian,Delicious,B,2017-11-19,26.5625,37.5,Azadpur,3.2795004466846356,3.624340932976365,97.2296460568755,0.0,388.3554351938889,388.35543519388887
producer,Shopian,Delicious,B,2017-11-26,26.5625,37.5,Azadpur,3.2795004466846356,3.624340932976365,97.2296460568755,0.0,388.3554351938889,388.35543519388887
producer,Shopian,Delicious,B,2017-12-03,27.678571428571427,37.5,Azadpur,3.320658519178143,3.624340932976365,97.2296460568755,0.0,388.3554351938889,388.35543519388887
producer,Shopian,Delicious,B,2017-12-10,28.928571428571427,37.5,Azadpur,3.3648297374912803,3.624340932976365,97.2296460568755,0.0,388.3554351938889,388.35543519388887
producer,Shopian,Delicious,B,2017-12-17,28.392857142857142,39.50892857142857,Azadpur,3.346137604479128,3.6765266861469352,97.2296460568755,0.0,388.3554351938889,388.35543519388887
producer,Shopian,Delicious,B,2017-12-24,26.25,40.401785714285715,Azadpur,3.2676659890376327,3.698873984838932,97.2296460568755,0.0,388.3554351938889,388.35543519388887
producer,Shopian,Delicious,B,2017-12-31,33.214285714285715,35.267857142857146,Azadpur,3.502980075972098,3.5629719866000733,97.2296460568755,0.0,388.3554351938889,388.35543519388887
producer,Shopian,Delicious,B,2018-09-16,25.0,40.625,Azadpur,3.2188758248682006,3.7043836406499016,97.2296460568755,0.0,454.43685741274436,454.4368574127443
producer,Shopian,Delicious,B,2018-09-23,25.0,40.625,Azadpur,3.2188758248682006,3.7043836406499016,97.2296460568755,0.0,454.43685741274436,454.4368574127443
producer,Shopian,Delicious,B,2018-09-30,26.785714285714285,45.089285714285715,Azadpur,3.287868696355152,3.808644650974311,97.2296460568755,0.0,454.43685741274436,454.4368574127443
producer,Shopian,Delicious,B,2018-10-07,31.25,51.11607142857143,Azadpur,3.4420193761824107,3.934098957127346,97.2296460568755,0.0,454.43685741274436,454.4368574127443
producer,Shopian,Delicious,B,2018-10-14,31.25,53.125,Azadpur,3.4420193761824107,3.972647627244581,97.2296460568755,0.0,454.43685741274436,454.4368574127443
producer,Shopian,Delicious,B,2018-10-21,29.017857142857142,53.125,Azadpur,3.3679114040286886,3.972647627244581,97.2296460568755,0.0,454.43685741274436,454.4368574127443
producer,Shopian,Delicious,B,2018-10-28,25.0,49.55357142857143,Azadpur,3.2188758248682006,3.9030543354453857,97.2296460568755,0.0,454.43685741274436,454.4368574127443
producer,Shopian,Delicious,B,2018-11-04,27.678571428571427,51.339285714285715,Azadpur,3.320658519178143,3.9384562624963015,97.2296460568755,0.0,454.43685741274436,454.4368574127443
producer,Shopian,Delicious,B,2018-11-11,26.785714285714285,39.285714285714285,Azadpur,3.287868696355152,3.670860948611258,97.2296460568755,0.0,454.43685741274436,454.4368574127443
producer,Shopian,Delicious,B,2018-11-18,25.0,32.36607142857143,Azadpur,3.2188758248682006,3.4771106959936806,97.2296460568755,0.0,454.43685741274436,454.4368574127443
producer,Shopian,Delicious,B,2018-11-25,25.0,31.919642857142858,Azadpur,3.2188758248682006,3.4632215838330134,97.2296460568755,0.0,454.43685741274436,454.4368574127443
producer,Shopian,Delicious,B,2018-12-02,25.0,34.82142857142857,Azadpur,3.2188758248682006,3.550232960822643,97.2296460568755,0.0,454.43685741274436,454.4368574127443
producer,Shopian,Delicious,B,2018-12-09,25.0,34.82142857142857,Azadpur,3.2188758248682006,3.550232960822643,97.2296460568755,0.0,454.43685741274436,454.4368574127443
producer,Shopian,Delicious,B,2018-12-16,25.0,35.267857142857146,Azadpur,3.2188758248682006,3.5629719866000733,97.2296460568755,0.0,454.43685741274436,454.4368574127443
producer,Shopian,Delicious,B,2018-12-23,25.0,33.482142857142854,Azadpur,3.2188758248682006,3.511012247669362,97.2296460568755,0.0,454.43685741274436,454.4368574127443
producer,Shopian,Delicious,B,2018-12-30,25.0,32.142857142857146,Azadpur,3.2188758248682006,3.470190253149107,97.2296460568755,0.0,454.43685741274436,454.4368574127443
producer,Shopian,Delicious,B,2019-01-06,25.0,33.035714285714285,Azadpur,3.2188758248682006,3.497589227337221,97.2296460568755,0.0,454.43685741274436,454.4368574127443
producer,Shopian,Delicious,B,2019-09-15,43.75,31.25,Azadpur,3.7784916128036232,3.4420193761824107,139.92841118290517,0.0,517.4683678368833,474.76960271085363
producer,Shopian,Delicious,B,2019-09-22,43.75,31.25,Azadpur,3.7784916128036232,3.4420193761824107,139.92841118290517,0.0,517.4683678368833,474.76960271085363
producer,Shopian,Delicious,B,2019-09-29,43.75,37.5,Azadpur,3.7784916128036232,3.624340932976365,139.92841118290517,0.0,517.4683678368833,474.76960271085363
producer,Shopian,Delicious,B,2019-10-06,43.75,37.5,Azadpur,3.7784916128036232,3.624340932976365,103.32946964630833,-36.59894153659684,517.4683678368833,511.3685442474505
producer,Shopian,Delicious,B,2019-10-13,43.75,37.5,Azadpur,3.7784916128036232,3.624340932976365,97.2296460568755,-6.09982358943283,517.4683678368833,517.4683678368833
producer,Shopian,Delicious,B,2019-10-20,43.75,37.5,Azadpur,3.7784916128036232,3.624340932976365,97.2296460568755,0.0,517.4683678368833,517.4683678368833
producer,Shopian,Delicious,B,2019-10-27,43.75,37.5,Azadpur,3.7784916128036232,3.624340932976365,97.2296460568755,0.0,517.4683678368833,517.4683678368833
producer,Shopian,Delicious,B,2019-11-03,43.75,37.5,Azadpur,3.7784916128036232,3.624340932976365,97.2296460568755,0.0,517.4683678368833,517.4683678368833
producer,Shopian,Delicious,B,2019-11-10,43.75,37.5,Azadpur,3.7784916128036232,3.624340932976365,97.2296460568755,0.0,517.4683678368833,517.4683678368833
producer,Shopian,Delicious,B,2019-11-17,43.75,37.5,Azadpur,3.7784916128036232,3.624340932976365,97.2296460568755,0.0,517.4683678368833,517.4683678368833
producer,Shopian,Delicious,B,2019-11-24,43.75,37.5,Azadpur,3.7784916128036232,3.624340932976365,97.2296460568755,0.0,517.4683678368833,517.4683678368833
producer,Shopian,Delicious,B,2019-12-01,43.75,37.5,Azadpur,3.7784916128036232,3.624340932976365,97.2296460568755,0.0,517.4683678368833,517.4683678368833
producer,Shopian,Delicious,B,2019-12-08,43.75,37.5,Azadpur,3.7784916128036232,3.624340932976365,97.2296460568755,0.0,517.4683678368833,517.4683678368833
producer,Shopian,Delicious,B,2019-12-15,43.75,45.982142857142854,Azadpur,3.7784916128036232,3.828253122362687,97.2296460568755,0.0,517.4683678368833,517.4683678368833
producer,Shopian,Delicious,B,2019-12-22,43.75,43.30357142857143,Azadpur,3.7784916128036232,3.768235112636434,97.2296460568755,0.0,517.4683678368833,517.4683678368833
producer,Shopian,Delicious,B,2019-12-29,43.75,42.410714285714285,Azadpur,3.7784916128036232,3.747401025733592,97.2296460568755,0.0,517.4683678368833,517.4683678368833
producer,Shopian,Delicious,B,2020-01-05,43.75,31.25,Azadpur,3.7784916128036232,3.4420193761824107,97.2296460568755,0.0,517.4683678368833,517.4683678368833
producer,Shopian,Delicious,B,2020-09-20,33.645833333333336,47.767857142857146,Azadpur,3.5158892247488662,3.8663529685949576,97.2296460568755,0.0,595.7494372346043,595.7494372346043
producer,Shopian,Delicious,B,2020-09-27,29.910714285714285,42.857142857142854,Azadpur,3.3982167535240175,3.7578723256008875,97.2296460568755,0.0,595.7494372346043,595.7494372346043
producer,Shopian,Delicious,B,2020-10-04,27.008928571428573,51.785714285714285,Azadpur,3.2961674991698473,3.9471143252394163,97.2296460568755,0.0,595.7494372346043,595.7494372346043
producer,Shopian,Delicious,B,2020-10-11,25.669642857142858,44.642857142857146,Azadpur,3.245309081936356,3.798694320121143,97.2296460568755,0.0,595.7494372346043,595.7494372346043
producer,Shopian,Delicious,B,2020-10-18,28.125,47.32142857142857,Azadpur,3.3366588605245844,3.8569632282451187,97.2296460568755,0.0,595.7494372346043,595.7494372346043
producer,Shopian,Delicious,B,2020-10-25,30.357142857142858,56.25,Azadpur,3.4130318393091583,4.029806041084529,97.2296460568755,0.0,595.7494372346043,595.7494372346043
producer,Shopian,Delicious,B,2020-11-01,34.375,49.55357142857143,Azadpur,3.5373295559867355,3.9030543354453857,97.2296460568755,0.0,595.7494372346043,595.7494372346043
producer,Shopian,Delicious,B,2020-11-08,34.375,45.982142857142854,Azadpur,3.5373295559867355,3.828253122362687,97.2296460568755,0.0,595.7494372346043,595.7494372346043
producer,Shopian,Delicious,B,2020-11-15,35.714285714285715,57.142857142857146,Azadpur,3.575550768806933,4.045554398052669,97.2296460568755,0.0,595.7494372346043,595.7494372346043
producer,Shopian,Delicious,B,2020-11-22,37.05357142857143,46.875,Azadpur,3.6123647419296496,3.847484484290575,97.2296460568755,0.0,595.7494372346043,595.7494372346043
producer,Shopian,Delicious,B,2020-11-29,34.375,38.839285714285715,Azadpur,3.5373295559867355,3.659432252787635,97.2296460568755,0.0,595.7494372346043,595.7494372346043
producer,Shopian,Delicious,B,2020-12-06,34.375,34.82142857142857,Azadpur,3.5373295559867355,3.550232960822643,97.2296460568755,0.0,595.7494372346043,595.7494372346043
producer,Shopian,Delicious,B,2020-12-13,34.375,33.035714285714285,Azadpur,3.5373295559867355,3.497589227337221,97.2296460568755,0.0,595.7494372346043,595.7494372346043
producer,Shopian,Delicious,B,2020-12-20,34.375,33.482142857142854,Azadpur,3.5373295559867355,3.511012247669362,97.2296460568755,0.0,595.7494372346043,595.7494372346043
producer,Shopian,Delicious,B,2020-12-27,35.267857142857146,34.375,Azadpur,3.5629719866000733,3.5373295559867355,97.2296460568755,0.0,595.7494372346043,595.7494372346043
producer,Shopian,Delicious,B,2021-01-03,35.9375,41.964285714285715,Azadpur,3.581781318557569,3.7368189164030556,102.31283238140284,5.083186324527347,600.8326235591317,595.7494372346043
producer,Shopian,Delicious,B,2022-09-18,12.5,25.223214285714285,Azadpur,2.5257286443082556,3.227764772285447,97.2296460568755,0.0,701.479712784773,701.479712784773
producer,Shopian,Delicious,B,2022-09-25,12.5,21.205357142857142,Azadpur,2.5257286443082556,3.054253845173647,97.2296460568755,0.0,701.479712784773,701.479712784773
producer,Shopian,Delicious,B,2022-10-02,13.839285714285714,26.339285714285715,Azadpur,2.6275113386181976,3.271061578038771,97.2296460568755,0.0,701.479712784773,701.479712784773
producer,Shopian,Delicious,B,2022-10-09,17.857142857142858,28.125,Azadpur,2.882403588246988,3.3366588605245844,97.2296460568755,0.0,701.479712784773,701.479712784773
producer,Shopian,Delicious,B,2022-10-16,17.857142857142858,29.017857142857142,Azadpur,2.882403588246988,3.3679114040286886,97.2296460568755,0.0,701.479712784773,701.479712784773
producer,Shopian,Delicious,B,2022-10-23,18.303571428571427,26.5625,Azadpur,2.9070962008373593,3.2795004466846356,97.2296460568755,0.0,701.479712784773,701.479712784773
producer,Shopian,Delicious,B,2022-10-30,17.410714285714285,26.5625,Azadpur,2.857085780262698,3.2795004466846356,97.2296460568755,0.0,701.479712784773,701.479712784773
producer,Shopian,Delicious,B,2022-11-06,15.625,22.544642857142858,Azadpur,2.7488721956224653,3.1154974704143656,97.2296460568755,0.0,701.479712784773,701.479712784773
producer,Shopian,Delicious,B,2022-11-13,16.964285714285715,21.875,Azadpur,2.8311102938594375,3.0853444322436783,97.2296460568755,0.0,701.479712784773,701.479712784773
producer,Shopian,Delicious,B,2022-11-20,18.75,27.232142857142858,Azadpur,2.9311937524164198,3.3043979983063627,97.2296460568755,0.0,701.479712784773,701.479712784773
producer,Shopian,Delicious,B,2022-11-27,18.75,21.428571428571427,Azadpur,2.9311937524164198,3.0647251450409425,97.2296460568755,0.0,701.479712784773,701.479712784773
producer,Shopian,Delicious,B,2022-12-04,16.964285714285715,21.875,Azadpur,2.8311102938594375,3.0853444322436783,97.2296460568755,0.0,701.479712784773,701.479712784773
producer,Shopian,Delicious,B,2022-12-11,15.625,19.0625,Azadpur,2.7488721956224653,2.9477230543676303,97.2296460568755,0.0,701.479712784773,701.479712784773
producer,Shopian,Delicious,B,2022-12-18,15.625,18.794642857142858,Azadpur,2.7488721956224653,2.9335718748213875,97.2296460568755,0.0,701.479712784773,701.479712784773
producer,Shopian,Delicious,B,2022-12-25,16.071428571428573,18.75,Azadpur,2.7770430725891617,2.9311937524164198,97.2296460568755,0.0,701.479712784773,701.479712784773
producer,Shopian,Delicious,B,2023-01-01,17.552083333333332,18.75,Azadpur,2.865172651318626,2.9311937524164198,97.2296460568755,0.0,701.479712784773,701.479712784773
producer,Shopian,Delicious,B,2023-09-17,28.125,45.535714285714285,Azadpur,3.3366588605245844,3.8184969474173225,97.2296460568755,0.0,776.7108703877777,776.7108703877776
producer,Shopian,Delicious,B,2023-09-24,28.125,43.75,Azadpur,3.3366588605245844,3.7784916128036232,97.2296460568755,0.0,776.7108703877777,776.7108703877776
producer,Shopian,Delicious,B,2023-10-01,28.125,43.75,Azadpur,3.3366588605245844,3.7784916128036232,97.2296460568755,0.0,776.7108703877777,776.7108703877776
producer,Shopian,Delicious,B,2023-10-08,34.375,43.75,Azadpur,3.5373295559867355,3.7784916128036232,97.2296460568755,0.0,776.7108703877777,776.7108703877776
producer,Shopian,Delicious,B,2023-10-15,33.035714285714285,43.75,Azadpur,3.497589227337221,3.7784916128036232,97.2296460568755,0.0,776.7108703877777,776.7108703877776
producer,Shopian,Delicious,B,2023-10-22,31.25,43.75,Azadpur,3.4420193761824107,3.7784916128036232,97.2296460568755,0.0,776.7108703877777,776.7108703877776
producer,Shopian,Delicious,B,2023-10-29,31.25,43.75,Azadpur,3.4420193761824107,3.7784916128036232,97.2296460568755,0.0,776.7108703877777,776.7108703877776
producer,Shopian,Delicious,B,2023-11-05,31.25,45.982142857142854,Azadpur,3.4420193761824107,3.828253122362687,97.2296460568755,0.0,776.7108703877777,776.7108703877776
producer,Shopian,Delicious,B,2023-11-12,31.25,46.875,Azadpur,3.4420193761824107,3.847484484290575,97.2296460568755,0.0,776.7108703877777,776.7108703877776
producer,Shopian,Delicious,B,2023-11-19,31.25,46.875,Azadpur,3.4420193761824107,3.847484484290575,97.2296460568755,0.0,776.7108703877777,776.7108703877776
producer,Shopian,Delicious,B,2023-11-26,31.25,46.875,Azadpur,3.4420193761824107,3.847484484290575,97.2296460568755,0.0,776.7108703877777,776.7108703877776
producer,Shopian,Delicious,B,2023-12-03,31.25,45.982142857142854,Azadpur,3.4420193761824107,3.828253122362687,97.2296460568755,0.0,776.7108703877777,776.7108703877776
producer,Shopian,Delicious,B,2023-12-10,31.25,43.75,Azadpur,3.4420193761824107,3.7784916128036232,97.2296460568755,0.0,776.7108703877777,776.7108703877776
producer,Shopian,Delicious,B,2023-12-17,31.25,43.75,Azadpur,3.4420193761824107,3.7784916128036232,97.2296460568755,0.0,776.7108703877777,776.7108703877776
producer,Shopian,Delicious,B,2023-12-24,31.25,43.75,Azadpur,3.4420193761824107,3.7784916128036232,97.2296460568755,0.0,776.7108703877777,776.7108703877776
producer,Shopian,Delicious,B,2023-12-31,31.25,43.75,Azadpur,3.4420193761824107,3.7784916128036232,97.2296460568755,0.0,776.7108703877777,776.7108703877776
producer,Shopian,Delicious,B,2024-09-15,37.5,64.85714285714286,Azadpur,3.624340932976365,4.172187048986035,97.2296460568755,0.0,827.5427336330511,827.542733633051
producer,Shopian,Delicious,B,2024-09-22,37.5,59.285714285714285,Azadpur,3.624340932976365,4.082368371175385,97.2296460568755,0.0,827.5427336330511,827.542733633051
producer,Shopian,Delicious,B,2024-09-29,39.732142857142854,45.857142857142854,Azadpur,3.6821605038651914,3.8255309740747023,97.2296460568755,0.0,827.5427336330511,827.542733633051
producer,Shopian,Delicious,B,2024-10-06,37.05357142857143,42.714285714285715,Azadpur,3.6123647419296496,3.754533424335373,97.2296460568755,0.0,827.5427336330511,827.542733633051
producer,Shopian,Delicious,B,2024-10-13,34.375,41.857142857142854,Azadpur,3.5373295559867355,3.7342624599617538,97.2296460568755,0.0,827.5427336330511,827.542733633051
producer,Shopian,Delicious,B,2024-10-20,34.375,43.714285714285715,Azadpur,3.5373295559867355,3.7776749528970677,97.2296460568755,0.0,827.5427336330511,827.542733633051
producer,Shopian,Delicious,B,2024-10-27,35.714285714285715,50.714285714285715,Azadpur,3.575550768806933,3.9262076404201025,97.2296460568755,0.0,827.5427336330511,827.542733633051
producer,Shopian,Delicious,B,2024-11-03,34.82142857142857,55.714285714285715,Azadpur,3.550232960822643,4.020236590068379,97.2296460568755,0.0,827.5427336330511,827.542733633051
producer,Shopian,Delicious,B,2024-11-10,34.375,57.142857142857146,Azadpur,3.5373295559867355,4.045554398052669,97.2296460568755,0.0,827.5427336330511,827.542733633051
producer,Shopian,Delicious,B,2024-11-17,37.05357142857143,57.07142857142857,Azadpur,3.6123647419296496,4.044303616151016,97.2296460568755,0.0,827.5427336330511,827.542733633051
producer,Shopian,Delicious,B,2024-11-24,35.714285714285715,53.42857142857143,Azadpur,3.575550768806933,3.978345648359219,97.2296460568755,0.0,827.5427336330511,827.542733633051
producer,Shopian,Delicious,B,2024-12-01,32.36607142857143,54.642857142857146,Azadpur,3.4771106959936806,4.000818504211277,97.2296460568755,0.0,827.5427336330511,827.542733633051
producer,Shopian,Delicious,B,2024-12-08,28.348214285714285,51.0,Azadpur,3.3445640400316976,3.9318256327243257,97.2296460568755,0.0,827.5427336330511,827.542733633051
producer,Shopian,Delicious,B,2024-12-15,28.125,50.285714285714285,Azadpur,3.3366588605245844,3.9177210265427838,97.2296460568755,0.0,827.5427336330511,827.542733633051
producer,Shopian,Delicious,B,2024-12-22,27.008928571428573,49.142857142857146,Azadpur,3.2961674991698473,3.894731508318085,97.2296460568755,0.0,827.5427336330511,827.542733633051
producer,Shopian,Delicious,B,2024-12-29,29.464285714285715,48.5,Azadpur,3.383178876159477,3.8815637979434374,127.72876400403956,30.499117947164066,858.0418515802152,827.542733633051
producer,Shopian,Delicious,B,2025-01-05,25.0,47.57142857142857,Azadpur,3.2188758248682006,3.8622323409251305,127.72876400403956,0.0,858.0418515802152,827.542733633051
producer,Sopore,American,A,2015-09-06,40.357142857142854,40.625,Azadpur,3.6977684015311825,3.7043836406499016,97.2296460568755,0.0,300.92463041201864,300.9246304120186
producer,Sopore,American,A,2015-09-13,32.36607142857143,41.69642857142857,Azadpur,3.4771106959936806,3.7304154793678483,97.2296460568755,0.0,300.92463041201864,300.9246304120186
producer,Sopore,American,A,2015-09-20,32.67857142857143,41.875,Azadpur,3.4867195551003176,3.7346889901452305,97.2296460568755,0.0,300.92463041201864,300.9246304120186
producer,Sopore,American,A,2015-09-27,29.6875,41.160714285714285,Azadpur,3.39072608179486,3.7174842646955994,97.2296460568755,0.0,300.92463041201864,300.9246304120186
producer,Sopore,American,A,2015-10-04,32.142857142857146,42.5,Azadpur,3.470190253149107,3.7495040759303713,97.2296460568755,0.0,300.92463041201864,300.9246304120186
producer,Sopore,American,A,2015-10-11,33.035714285714285,44.732142857142854,Azadpur,3.497589227337221,3.800692322783816,97.2296460568755,0.0,300.92463041201864,300.9246304120186
producer,Sopore,American,A,2015-10-18,30.803571428571427,41.785714285714285,Azadpur,3.427630638730311,3.732554517616598,97.2296460568755,0.0,300.92463041201864,300.9246304120186
producer,Sopore,American,A,2015-10-25,33.92857142857143,37.5,Azadpur,3.524257474419383,3.624340932976365,97.2296460568755,0.0,300.92463041201864,300.9246304120186
producer,Sopore,American,A,2015-11-01,34.375,40.892857142857146,Azadpur,3.5373295559867355,3.710955405813136,97.2296460568755,0.0,300.92463041201864,300.9246304120186
producer,Sopore,American,A,2015-11-08,33.035714285714285,37.142857142857146,Azadpur,3.497589227337221,3.6147714819602146,97.2296460568755,0.0,300.92463041201864,300.9246304120186
producer,Sopore,American,A,2015-11-15,26.785714285714285,36.25,Azadpur,3.287868696355152,3.590439381300684,97.2296460568755,0.0,300.92463041201864,300.9246304120186
producer,Sopore,American,A,2015-11-22,31.696428571428573,37.67857142857143,Azadpur,3.456204011174367,3.629091535734963,97.2296460568755,0.0,300.92463041201864,300.9246304120186
producer,Sopore,American,A,2015-11-29,31.25,37.767857142857146,Azadpur,3.4420193761824107,3.6314584007452293,97.2296460568755,0.0,300.92463041201864,300.9246304120186
producer,Sopore,American,A,2015-12-06,31.25,36.160714285714285,Azadpur,3.4420193761824107,3.58797328880549,97.2296460568755,0.0,300.92463041201864,300.9246304120186
producer,Sopore,American,A,2015-12-13,29.464285714285715,34.375,Azadpur,3.383178876159477,3.5373295559867355,97.2296460568755,0.0,300.92463041201864,300.9246304120186
producer,Sopore,American,A,2015-12-20,27.678571428571427,34.375,Azadpur,3.320658519178143,3.5373295559867355,97.2296460568755,0.0,300.92463041201864,300.9246304120186
producer,Sopore,American,A,2015-12-27,32.589285714285715,44.82142857142857,Azadpur,3.4839835752814428,3.80268634139068,97.2296460568755,0.0,300.92463041201864,300.9246304120186
producer,Sopore,American,A,2016-01-03,33.92857142857143,43.482142857142854,Azadpur,3.524257474419383,3.772350344781541,97.2296460568755,0.0,300.92463041201864,300.9246304120186
producer,Sopore,American,A,2016-01-10,31.25,38.92857142857143,Azadpur,3.4420193761824107,3.6617284650479855,97.2296460568755,0.0,300.92463041201864,300.9246304120186
producer,Sopore,American,A,2016-01-17,30.357142857142858,42.67857142857143,Azadpur,3.4130318393091583,3.7536969541904073,97.2296460568755,0.0,300.92463041201864,300.9246304120186
producer,Sopore,American,A,2016-01-24,29.6875,39.910714285714285,Azadpur,3.39072608179486,3.68664481631252,97.2296460568755,0.0,300.92463041201864,300.9246304120186
producer,Sopore,American,A,2016-01-31,28.125,40.17857142857143,Azadpur,3.3366588605245844,3.693333804463317,97.2296460568755,0.0,300.92463041201864,300.9246304120186
producer,Sopore,American,A,2017-09-03,40.401785714285715,50.0,Azadpur,3.698873984838932,3.912023005428146,97.2296460568755,0.0,388.3554351938889,388.35543519388887
producer,Sopore,American,A,2017-09-10,43.75,50.0,Azadpur,3.7784916128036232,3.912023005428146,97.2296460568755,0.0,388.3554351938889,388.35543519388887
producer,Sopore,American,A,2017-09-17,43.526785714285715,50.0,Azadpur,3.773376512136853,3.912023005428146,97.2296460568755,0.0,388.3554351938889,388.35543519388887
producer,Sopore,American,A,2017-09-24,45.535714285714285,50.0,Azadpur,3.8184969474173225,3.912023005428146,97.2296460568755,0.0,388.3554351938889,388.35543519388887
producer,Sopore,American,A,2017-10-01,42.410714285714285,50.0,Azadpur,3.747401025733592,3.912023005428146,97.2296460568755,0.0,388.3554351938889,388.35543519388887
producer,Sopore,American,A,2017-10-08,41.07142857142857,50.0,Azadpur,3.715312711182092,3.912023005428146,97.2296460568755,0.0,388.3554351938889,388.35543519388887
producer,Sopore,American,A,2017-10-15,37.94642857142857,50.0,Azadpur,3.636175390623368,3.912023005428146,97.2296460568755,0.0,388.3554351938889,388.35543519388887
producer,Sopore,American,A,2017-10-22,36.607142857142854,52.67857142857143,Azadpur,3.6002433813973047,3.9642087585987165,97.2296460568755,0.0,388.3554351938889,388.35543519388887
producer,Sopore,American,A,2017-10-29,37.05357142857143,53.125,Azadpur,3.6123647419296496,3.972647627244581,97.2296460568755,0.0,388.3554351938889,388.35543519388887
producer,Sopore,American,A,2017-11-05,36.160714285714285,53.125,Azadpur,3.58797328880549,3.972647627244581,97.2296460568755,0.0,388.3554351938889,388.35543519388887
producer,Sopore,American,A,2017-11-12,35.267857142857146,53.125,Azadpur,3.5629719866000733,3.972647627244581,97.2296460568755,0.0,388.3554351938889,388.35543519388887
producer,Sopore,American,A,2017-11-19,35.714285714285715,53.125,Azadpur,3.575550768806933,3.972647627244581,97.2296460568755,0.0,388.3554351938889,388.35543519388887
producer,Sopore,American,A,2017-11-26,36.607142857142854,53.125,Azadpur,3.6002433813973047,3.972647627244581,97.2296460568755,0.0,388.3554351938889,388.35543519388887
producer,Sopore,American,A,2017-12-03,35.625,53.125,Azadpur,3.5730476385888146,3.972647627244581,97.2296460568755,0.0,388.3554351938889,388.35543519388887
producer,Sopore,American,A,2017-12-10,35.401785714285715,53.125,Azadpur,3.566762262773854,3.972647627244581,97.2296460568755,0.0,388.3554351938889,388.35543519388887
producer,Sopore,American,A,2017-12-17,34.82142857142857,47.767857142857146,Azadpur,3.550232960822643,3.8663529685949576,97.2296460568755,0.0,388.3554351938889,388.35543519388887
producer,Sopore,American,A,2017-12-24,32.589285714285715,43.30357142857143,Azadpur,3.4839835752814428,3.768235112636434,97.2296460568755,0.0,388.3554351938889,388.35543519388887
producer,Sopore,American,A,2017-12-31,34.82142857142857,50.0,Azadpur,3.550232960822643,3.912023005428146,97.2296460568755,0.0,388.3554351938889,388.35543519388887
producer,Sopore,American,A,2018-01-07,33.035714285714285,45.982142857142854,Azadpur,3.497589227337221,3.828253122362687,97.2296460568755,0.0,388.3554351938889,388.35543519388887
producer,Sopore,American,A,2018-01-14,32.589285714285715,44.19642857142857,Azadpur,3.4839835752814428,3.7886439842676416,132.8119503285669,35.5823042716914,423.9377394655803,388.35543519388887
producer,Sopore,American,A,2018-01-21,34.82142857142857,43.75,Azadpur,3.550232960822643,3.7784916128036232,102.31283238140284,-30.499117947164052,423.9377394655803,418.8545531410529
producer,Sopore,American,A,2018-01-28,34.82142857142857,43.75,Azadpur,3.550232960822643,3.7784916128036232,97.2296460568755,-5.083186324527347,423.9377394655803,423.93773946558025
producer,Sopore,American,A,2018-02-04,34.82142857142857,43.75,Azadpur,3.550232960822643,3.7784916128036232,97.2296460568755,0.0,423.9377394655803,423.93773946558025
producer,Sopore,American,A,2018-09-02,31.026785714285715,46.875,Azadpur,3.434850886703798,3.847484484290575,97.2296460568755,0.0,454.43685741274436,454.4368574127443
producer,Sopore,American,A,2018-09-09,33.92857142857143,48.214285714285715,Azadpur,3.524257474419383,3.8756553612572713,97.2296460568755,0.0,454.43685741274436,454.4368574127443
producer,Sopore,American,A,2018-09-16,34.375,59.375,Azadpur,3.5373295559867355,4.083873262354805,97.2296460568755,0.0,454.43685741274436,454.4368574127443
producer,Sopore,American,A,2018-09-23,35.9375,54.017857142857146,Azadpur,3.581781318557569,3.9893146797297927,97.2296460568755,0.0,454.43685741274436,454.4368574127443
producer,Sopore,American,A,2018-09-30,36.160714285714285,55.357142857142854,Azadpur,3.58797328880549,4.013805699738088,97.2296460568755,0.0,454.43685741274436,454.4368574127443
producer,Sopore,American,A,2018-10-07,41.07142857142857,53.57142857142857,Azadpur,3.715312711182092,3.9810158769150976,97.2296460568755,0.0,454.43685741274436,454.4368574127443
producer,Sopore,American,A,2018-10-14,42.410714285714285,55.357142857142854,Azadpur,3.747401025733592,4.013805699738088,97.2296460568755,0.0,454.43685741274436,454.4368574127443
producer,Sopore,American,A,2018-10-21,41.07142857142857,50.0,Azadpur,3.715312711182092,3.912023005428146,97.2296460568755,0.0,454.43685741274436,454.4368574127443
producer,Sopore,American,A,2018-10-28,40.625,48.214285714285715,Azadpur,3.7043836406499016,3.8756553612572713,97.2296460568755,0.0,454.43685741274436,454.4368574127443
producer,Sopore,American,A,2018-11-04,39.955357142857146,48.214285714285715,Azadpur,3.6877627594138613,3.8756553612572713,97.2296460568755,0.0,454.43685741274436,454.4368574127443
producer,Sopore,American,A,2018-11-11,36.607142857142854,40.17857142857143,Azadpur,3.6002433813973047,3.693333804463317,97.2296460568755,0.0,454.43685741274436,454.4368574127443
producer,Sopore,American,A,2018-11-18,38.392857142857146,52.67857142857143,Azadpur,3.647871430386559,3.9642087585987165,97.2296460568755,0.0,454.43685741274436,454.4368574127443
producer,Sopore,American,A,2018-11-25,39.732142857142854,50.892857142857146,Azadpur,3.6821605038651914,3.929722582527547,97.2296460568755,0.0,454.43685741274436,454.4368574127443
producer,Sopore,American,A,2018-12-02,41.964285714285715,50.0,Azadpur,3.7368189164030556,3.912023005428146,97.2296460568755,0.0,454.43685741274436,454.4368574127443
producer,Sopore,American,A,2018-12-09,38.392857142857146,50.0,Azadpur,3.647871430386559,3.912023005428146,97.2296460568755,0.0,454.43685741274436,454.4368574127443
producer,Sopore,American,A,2018-12-16,38.839285714285715,50.0,Azadpur,3.659432252787635,3.912023005428146,97.2296460568755,0.0,454.43685741274436,454.4368574127443
producer,Sopore,American,A,2018-12-23,38.61607142857143,43.75,Azadpur,3.6536685480708853,3.7784916128036232,97.2296460568755,0.0,454.43685741274436,454.4368574127443
producer,Sopore,American,A,2018-12-30,36.607142857142854,48.214285714285715,Azadpur,3.6002433813973047,3.8756553612572713,97.2296460568755,0.0,454.43685741274436,454.4368574127443
producer,Sopore,American,A,2019-01-06,43.5,50.0,Azadpur,3.7727609380946383,3.912023005428146,97.2296460568755,0.0,454.43685741274436,454.4368574127443
producer,Sopore,American,A,2019-01-13,48.0,50.0,Azadpur,3.871201010907891,3.912023005428146,97.2296460568755,0.0,454.43685741274436,454.4368574127443
producer,Sopore,American,A,2019-01-20,48.0,50.0,Azadpur,3.871201010907891,3.912023005428146,97.2296460568755,0.0,454.43685741274436,454.4368574127443
producer,Sopore,American,A,2019-01-27,48.0,61.160714285714285,Azadpur,3.871201010907891,4.113505059961176,97.2296460568755,0.0,454.43685741274436,454.4368574127443
producer,Sopore,American,A,2019-02-03,48.0,62.5,Azadpur,3.871201010907891,4.135166556742356,97.2296460568755,0.0,454.43685741274436,454.4368574127443
producer,Sopore,American,A,2019-09-01,48.0,46.875,Azadpur,3.871201010907891,3.847484484290575,139.92841118290517,0.0,517.4683678368833,474.76960271085363
producer,Sopore,American,A,2019-09-08,48.0,46.875,Azadpur,3.871201010907891,3.847484484290575,139.92841118290517,0.0,517.4683678368833,474.76960271085363
producer,Sopore,American,A,2019-09-15,48.0,46.875,Azadpur,3.871201010907891,3.847484484290575,139.92841118290517,0.0,517.4683678368833,474.76960271085363
producer,Sopore,American,A,2019-09-22,48.0,46.875,Azadpur,3.871201010907891,3.847484484290575,139.92841118290517,0.0,517.4683678368833,474.76960271085363
producer,Sopore,American,A,2019-09-29,48.0,46.875,Azadpur,3.871201010907891,3.847484484290575,139.92841118290517,0.0,517.4683678368833,474.76960271085363
producer,Sopore,American,A,2019-10-06,48.0,46.875,Azadpur,3.871201010907891,3.847484484290575,103.32946964630833,-36.59894153659684,517.4683678368833,511.3685442474505
producer,Sopore,American,A,2019-10-13,48.0,46.875,Azadpur,3.871201010907891,3.847484484290575,97.2296460568755,-6.09982358943283,517.4683678368833,517.4683678368833
producer,Sopore,American,A,2019-10-20,48.0,46.875,Azadpur,3.871201010907891,3.847484484290575,97.2296460568755,0.0,517.4683678368833,517.4683678368833
producer,Sopore,American,A,2019-10-27,48.0,46.875,Azadpur,3.871201010907891,3.847484484290575,97.2296460568755,0.0,517.4683678368833,517.4683678368833
producer,Sopore,American,A,2019-11-03,48.0,46.875,Azadpur,3.871201010907891,3.847484484290575,97.2296460568755,0.0,517.4683678368833,517.4683678368833
producer,Sopore,American,A,2019-11-10,48.0,48.660714285714285,Azadpur,3.871201010907891,3.8848720163621953,97.2296460568755,0.0,517.4683678368833,517.4683678368833
producer,Sopore,American,A,2019-11-17,48.0,49.107142857142854,Azadpur,3.871201010907891,3.8940044999254675,97.2296460568755,0.0,517.4683678368833,517.4683678368833
producer,Sopore,American,A,2019-11-24,48.0,56.25,Azadpur,3.871201010907891,4.029806041084529,97.2296460568755,0.0,517.4683678368833,517.4683678368833
producer,Sopore,American,A,2019-12-01,48.0,54.910714285714285,Azadpur,3.871201010907891,4.005708489505469,97.2296460568755,0.0,517.4683678368833,517.4683678368833
producer,Sopore,American,A,2019-12-08,48.0,44.642857142857146,Azadpur,3.871201010907891,3.798694320121143,97.2296460568755,0.0,517.4683678368833,517.4683678368833
producer,Sopore,American,A,2019-12-15,48.0,43.75,Azadpur,3.871201010907891,3.7784916128036232,97.2296460568755,0.0,517.4683678368833,517.4683678368833
producer,Sopore,American,A,2019-12-22,48.0,43.75,Azadpur,3.871201010907891,3.7784916128036232,97.2296460568755,0.0,517.4683678368833,517.4683678368833
producer,Sopore,American,A,2019-12-29,48.0,46.42857142857143,Azadpur,3.871201010907891,3.8379150332744243,97.2296460568755,0.0,517.4683678368833,517.4683678368833
producer,Sopore,American,A,2020-01-05,48.0,36.607142857142854,Azadpur,3.871201010907891,3.6002433813973047,97.2296460568755,0.0,517.4683678368833,517.4683678368833
producer,Sopore,American,A,2020-01-12,48.0,41.07142857142857,Azadpur,3.871201010907891,3.715312711182092,112.47920503045752,15.249558973582026,532.7179268104653,517.4683678368833
producer,Sopore,American,A,2020-01-19,52.839285714285715,42.32142857142857,Azadpur,3.9672549616650605,3.7452935433940278,132.8119503285669,20.332745298109373,553.0506721085746,517.4683678368833
producer,Sopore,American,A,2020-01-26,54.24107142857143,45.535714285714285,Azadpur,3.9934383969136547,3.8184969474173225,102.31283238140284,-30.499117947164052,553.0506721085746,547.9674857840473
producer,Sopore,American,A,2020-02-02,52.901785714285715,56.25,Azadpur,3.9684370947082375,4.029806041084529,97.2296460568755,-5.083186324527347,553.0506721085746,553.0506721085746
producer,Sopore,American,A,2020-09-06,53.794642857142854,56.25,Azadpur,3.985173887063761,4.029806041084529,97.2296460568755,0.0,595.7494372346043,595.7494372346043
producer,Sopore,American,A,2020-09-13,54.24107142857143,57.142857142857146,Azadpur,3.9934383969136547,4.045554398052669,97.2296460568755,0.0,595.7494372346043,595.7494372346043
producer,Sopore,American,A,2020-09-20,53.794642857142854,54.464285714285715,Azadpur,3.985173887063761,3.997545178866308,97.2296460568755,0.0,595.7494372346043,595.7494372346043
producer,Sopore,American,A,2020-09-27,54.24107142857143,53.125,Azadpur,3.9934383969136547,3.972647627244581,97.2296460568755,0.0,595.7494372346043,595.7494372346043
producer,Sopore,American,A,2020-10-04,53.794642857142854,50.892857142857146,Azadpur,3.985173887063761,3.929722582527547,97.2296460568755,0.0,595.7494372346043,595.7494372346043
producer,Sopore,American,A,2020-10-11,53.794642857142854,55.357142857142854,Azadpur,3.985173887063761,4.013805699738088,97.2296460568755,0.0,595.7494372346043,595.7494372346043
producer,Sopore,American,A,2020-10-18,53.794642857142854,55.80357142857143,Azadpur,3.985173887063761,4.021837871435353,97.2296460568755,0.0,595.7494372346043,595.7494372346043
producer,Sopore,American,A,2020-10-25,53.794642857142854,56.69642857142857,Azadpur,3.985173887063761,4.037711220591643,97.2296460568755,0.0,595.7494372346043,595.7494372346043
producer,Sopore,American,A,2020-11-01,46.651785714285715,54.464285714285715,Azadpur,3.8427112055379173,3.997545178866308,97.2296460568755,0.0,595.7494372346043,595.7494372346043
producer,Sopore,American,A,2020-11-08,42.63392857142857,51.785714285714285,Azadpur,3.752650381619736,3.9471143252394163,97.2296460568755,0.0,595.7494372346043,595.7494372346043
producer,Sopore,American,A,2020-11-15,40.625,61.607142857142854,Azadpur,3.7043836406499016,4.120777819290256,97.2296460568755,0.0,595.7494372346043,595.7494372346043
producer,Sopore,American,A,2020-11-22,40.848214285714285,50.0,Azadpur,3.7098631064145273,3.912023005428146,97.2296460568755,0.0,595.7494372346043,595.7494372346043
producer,Sopore,American,A,2020-11-29,45.535714285714285,47.32142857142857,Azadpur,3.8184969474173225,3.8569632282451187,97.2296460568755,0.0,595.7494372346043,595.7494372346043
producer,Sopore,American,A,2020-12-06,46.42857142857143,47.32142857142857,Azadpur,3.8379150332744243,3.8569632282451187,97.2296460568755,0.0,595.7494372346043,595.7494372346043
producer,Sopore,American,A,2020-12-13,51.339285714285715,53.57142857142857,Azadpur,3.9384562624963015,3.9810158769150976,97.2296460568755,0.0,595.7494372346043,595.7494372346043
producer,Sopore,American,A,2020-12-20,60.9375,50.892857142857146,Azadpur,4.109848748758066,3.929722582527547,97.2296460568755,0.0,595.7494372346043,595.7494372346043
producer,Sopore,American,A,2020-12-27,59.375,58.035714285714285,Azadpur,4.083873262354805,4.061058584588634,97.2296460568755,0.0,595.7494372346043,595.7494372346043
producer,Sopore,American,A,2021-01-03,61.160714285714285,71.42857142857143,Azadpur,4.113505059961176,4.268697949366879,102.31283238140284,5.083186324527347,600.8326235591317,595.7494372346043
producer,Sopore,American,A,2021-01-10,57.8125,75.0,Azadpur,4.057205015272644,4.31748811353631,132.8119503285669,30.499117947164052,631.3317415062957,595.7494372346043
producer,Sopore,American,A,2021-01-17,62.723214285714285,75.0,Azadpur,4.138731622906852,4.31748811353631,97.2296460568755,-35.5823042716914,631.3317415062957,631.3317415062958
producer,Sopore,American,A,2021-01-24,61.607142857142854,75.0,Azadpur,4.120777819290256,4.31748811353631,97.2296460568755,0.0,631.3317415062957,631.3317415062958
producer,Sopore,American,A,2021-01-31,60.044642857142854,75.0,Azadpur,4.095088333174945,4.31748811353631,97.2296460568755,0.0,631.3317415062957,631.3317415062958
producer,Sopore,American,A,2021-09-05,67.41071428571429,43.75,Azadpur,4.210803970947976,3.7784916128036232,97.2296460568755,0.0,646.5813004798777,646.5813004798778
producer,Sopore,American,A,2021-09-12,67.41071428571429,43.75,Azadpur,4.210803970947976,3.7784916128036232,97.2296460568755,0.0,646.5813004798777,646.5813004798778
producer,Sopore,American,A,2021-09-19,67.41071428571429,43.75,Azadpur,4.210803970947976,3.7784916128036232,97.2296460568755,0.0,646.5813004798777,646.5813004798778
producer,Sopore,American,A,2021-09-26,67.41071428571429,43.75,Azadpur,4.210803970947976,3.7784916128036232,97.2296460568755,0.0,646.5813004798777,646.5813004798778
producer,Sopore,American,A,2021-10-03,67.41071428571429,43.75,Azadpur,4.210803970947976,3.7784916128036232,97.2296460568755,0.0,646.5813004798777,646.5813004798778
producer,Sopore,American,A,2021-10-10,67.41071428571429,43.75,Azadpur,4.210803970947976,3.7784916128036232,97.2296460568755,0.0,646.5813004798777,646.5813004798778
producer,Sopore,American,A,2021-10-17,67.41071428571429,43.75,Azadpur,4.210803970947976,3.7784916128036232,97.2296460568755,0.0,646.5813004798777,646.5813004798778
producer,Sopore,American,A,2021-10-24,68.75,43.75,Azadpur,4.230476736546681,3.7784916128036232,97.2296460568755,0.0,646.5813004798777,646.5813004798778
producer,Sopore,American,A,2021-10-31,67.41071428571429,43.75,Azadpur,4.210803970947976,3.7784916128036232,97.2296460568755,0.0,646.5813004798777,646.5813004798778
producer,Sopore,American,A,2021-11-07,67.41071428571429,43.75,Azadpur,4.210803970947976,3.7784916128036232,97.2296460568755,0.0,646.5813004798777,646.5813004798778
producer,Sopore,American,A,2021-11-14,68.75,43.75,Azadpur,4.230476736546681,3.7784916128036232,97.2296460568755,0.0,646.5813004798777,646.5813004798778
producer,Sopore,American,A,2021-11-21,67.41071428571429,43.75,Azadpur,4.210803970947976,3.7784916128036232,97.2296460568755,0.0,646.5813004798777,646.5813004798778
producer,Sopore,American,A,2021-11-28,67.41071428571429,43.75,Azadpur,4.210803970947976,3.7784916128036232,97.2296460568755,0.0,646.5813004798777,646.5813004798778
producer,Sopore,American,A,2021-12-05,68.75,47.32142857142857,Azadpur,4.230476736546681,3.8569632282451187,97.2296460568755,0.0,646.5813004798777,646.5813004798778
producer,Sopore,American,A,2021-12-12,67.41071428571429,53.142857142857146,Azadpur,4.210803970947976,3.972983705217833,97.2296460568755,0.0,646.5813004798777,646.5813004798778
producer,Sopore,American,A,2021-12-19,67.41071428571429,52.92857142857143,Azadpur,4.210803970947976,3.968943295680828,97.2296460568755,0.0,646.5813004798777,646.5813004798778
producer,Sopore,American,A,2021-12-26,68.75,56.25,Azadpur,4.230476736546681,4.029806041084529,97.2296460568755,0.0,646.5813004798777,646.5813004798778
producer,Sopore,American,A,2022-01-02,67.41071428571429,55.357142857142854,Azadpur,4.210803970947976,4.013805699738088,97.2296460568755,0.0,646.5813004798777,646.5813004798778
producer,Sopore,American,A,2022-01-09,67.41071428571429,48.214285714285715,Azadpur,4.210803970947976,3.8756553612572713,127.72876400403956,30.499117947164066,677.0804184270418,646.5813004798778
producer,Sopore,American,A,2022-01-16,68.75,57.142857142857146,Azadpur,4.230476736546681,4.045554398052669,112.47920503045752,-15.24955897358204,677.0804184270418,661.8308594534598
producer,Sopore,American,A,2022-01-23,67.41071428571429,54.910714285714285,Azadpur,4.210803970947976,4.005708489505469,97.2296460568755,-15.249558973582026,677.0804184270418,677.0804184270418
producer,Sopore,American,A,2022-01-30,68.75,43.75,Azadpur,4.230476736546681,3.7784916128036232,97.2296460568755,0.0,677.0804184270418,677.0804184270418
producer,Sopore,American,A,2022-02-06,67.41071428571429,43.75,Azadpur,4.210803970947976,3.7784916128036232,97.2296460568755,0.0,677.0804184270418,677.0804184270418
producer,Sopore,American,A,2022-09-04,45.089285714285715,43.75,Azadpur,3.808644650974311,3.7784916128036232,97.2296460568755,0.0,701.479712784773,701.479712784773
producer,Sopore,American,A,2022-09-11,42.410714285714285,43.75,Azadpur,3.747401025733592,3.7784916128036232,97.2296460568755,0.0,701.479712784773,701.479712784773
producer,Sopore,American,A,2022-09-18,45.982142857142854,45.089285714285715,Azadpur,3.828253122362687,3.808644650974311,97.2296460568755,0.0,701.479712784773,701.479712784773
producer,Sopore,American,A,2022-09-25,51.785714285714285,48.214285714285715,Azadpur,3.9471143252394163,3.8756553612572713,97.2296460568755,0.0,701.479712784773,701.479712784773
producer,Sopore,American,A,2022-10-02,50.714285714285715,54.464285714285715,Azadpur,3.9262076404201025,3.997545178866308,97.2296460568755,0.0,701.479712784773,701.479712784773
producer,Sopore,American,A,2022-10-09,53.125,59.375,Azadpur,3.972647627244581,4.083873262354805,97.2296460568755,0.0,701.479712784773,701.479712784773
producer,Sopore,American,A,2022-10-16,53.125,57.142857142857146,Azadpur,3.972647627244581,4.045554398052669,97.2296460568755,0.0,701.479712784773,701.479712784773
producer,Sopore,American,A,2022-10-23,44.86607142857143,46.42857142857143,Azadpur,3.803681861632182,3.8379150332744243,97.2296460568755,0.0,701.479712784773,701.479712784773
producer,Sopore,American,A,2022-10-30,44.419642857142854,45.089285714285715,Azadpur,3.7936817782975987,3.808644650974311,97.2296460568755,0.0,701.479712784773,701.479712784773
producer,Sopore,American,A,2022-11-06,34.375,45.535714285714285,Azadpur,3.5373295559867355,3.8184969474173225,97.2296460568755,0.0,701.479712784773,701.479712784773
producer,Sopore,American,A,2022-11-13,32.723214285714285,43.214285714285715,Azadpur,3.488084743025657,3.766171128415583,97.2296460568755,0.0,701.479712784773,701.479712784773
producer,Sopore,American,A,2022-11-20,32.142857142857146,43.75,Azadpur,3.470190253149107,3.7784916128036232,97.2296460568755,0.0,701.479712784773,701.479712784773
producer,Sopore,American,A,2022-11-27,30.133928571428573,43.92857142857143,Azadpur,3.4056517320115356,3.782564938191259,97.2296460568755,0.0,701.479712784773,701.479712784773
producer,Sopore,American,A,2022-12-04,31.808035714285715,43.75,Azadpur,3.4597189532818113,3.7784916128036232,97.2296460568755,0.0,701.479712784773,701.479712784773
producer,Sopore,American,A,2022-12-11,28.013392857142858,43.035714285714285,Azadpur,3.332682712144945,3.7620303357495515,97.2296460568755,0.0,701.479712784773,701.479712784773
producer,Sopore,American,A,2022-12-18,32.03125,49.107142857142854,Azadpur,3.466711988772782,3.8940044999254675,97.2296460568755,0.0,701.479712784773,701.479712784773
producer,Sopore,American,A,2022-12-25,40.401785714285715,44.642857142857146,Azadpur,3.698873984838932,3.798694320121143,97.2296460568755,0.0,701.479712784773,701.479712784773
producer,Sopore,American,A,2023-01-01,42.410714285714285,43.75,Azadpur,3.747401025733592,3.7784916128036232,97.2296460568755,0.0,701.479712784773,701.479712784773
producer,Sopore,American,A,2023-01-08,43.75,43.75,Azadpur,3.7784916128036232,3.7784916128036232,97.2296460568755,0.0,701.479712784773,701.479712784773
producer,Sopore,American,A,2023-01-15,47.544642857142854,43.75,Azadpur,3.8616691192825314,3.7784916128036232,127.72876400403956,30.499117947164066,731.9788307319371,701.479712784773
producer,Sopore,American,A,2023-01-22,54.017857142857146,59.82142857142857,Azadpur,3.9893146797297927,4.0913639340839625,112.47920503045752,-15.24955897358204,731.9788307319371,716.729271758355
producer,Sopore,American,A,2023-01-29,54.017857142857146,62.94642857142857,Azadpur,3.9893146797297927,4.14228402451122,97.2296460568755,-15.249558973582026,731.9788307319371,731.978830731937
producer,Sopore,American,A,2023-02-05,44.419642857142854,62.5,Azadpur,3.7936817782975987,4.135166556742356,121.62894041460672,24.399294357731222,756.3781250896684,731.978830731937
producer,Sopore,American,A,2023-09-03,60.267857142857146,75.0,Azadpur,4.098798912571481,4.31748811353631,97.2296460568755,0.0,776.7108703877777,776.7108703877776
producer,Sopore,American,A,2023-09-10,64.28571428571429,70.53571428571429,Azadpur,4.163337433709052,4.256119167160018,97.2296460568755,0.0,776.7108703877777,776.7108703877776
producer,Sopore,American,A,2023-09-17,62.5,63.392857142857146,Azadpur,4.135166556742356,4.149351191734312,97.2296460568755,0.0,776.7108703877777,776.7108703877776
producer,Sopore,American,A,2023-09-24,61.160714285714285,68.75,Azadpur,4.113505059961176,4.230476736546681,97.2296460568755,0.0,776.7108703877777,776.7108703877776
producer,Sopore,American,A,2023-10-01,72.32142857142857,68.75,Azadpur,4.281120469365436,4.230476736546681,97.2296460568755,0.0,776.7108703877777,776.7108703877776
producer,Sopore,American,A,2023-10-08,68.75,64.73214285714286,Azadpur,4.230476736546681,4.170257876553626,97.2296460568755,0.0,776.7108703877777,776.7108703877776
producer,Sopore,American,A,2023-10-15,60.714285714285715,65.625,Azadpur,4.106179019869104,4.183956720911787,97.2296460568755,0.0,776.7108703877777,776.7108703877776
producer,Sopore,American,A,2023-10-22,58.92857142857143,62.5,Azadpur,4.076326056719423,4.135166556742356,97.2296460568755,0.0,776.7108703877777,776.7108703877776
producer,Sopore,American,A,2023-10-29,57.589285714285715,62.5,Azadpur,4.053336538494723,4.135166556742356,97.2296460568755,0.0,776.7108703877777,776.7108703877776
producer,Sopore,American,A,2023-11-05,66.96428571428571,66.07142857142857,Azadpur,4.204159428229307,4.190736407897167,97.2296460568755,0.0,776.7108703877777,776.7108703877776
producer,Sopore,American,A,2023-11-12,59.82142857142857,68.75,Azadpur,4.0913639340839625,4.230476736546681,97.2296460568755,0.0,776.7108703877777,776.7108703877776
producer,Sopore,American,A,2023-11-19,62.94642857142857,68.75,Azadpur,4.14228402451122,4.230476736546681,97.2296460568755,0.0,776.7108703877777,776.7108703877776
producer,Sopore,American,A,2023-11-26,59.375,68.75,Azadpur,4.083873262354805,4.230476736546681,97.2296460568755,0.0,776.7108703877777,776.7108703877776
producer,Sopore,American,A,2023-12-03,56.69642857142857,68.75,Azadpur,4.037711220591643,4.230476736546681,97.2296460568755,0.0,776.7108703877777,776.7108703877776
producer,Sopore,American,A,2023-12-10,60.267857142857146,68.75,Azadpur,4.098798912571481,4.230476736546681,97.2296460568755,0.0,776.7108703877777,776.7108703877776
producer,Sopore,American,A,2023-12-17,60.714285714285715,68.75,Azadpur,4.106179019869104,4.230476736546681,97.2296460568755,0.0,776.7108703877777,776.7108703877776
producer,Sopore,American,A,2023-12-24,54.017857142857146,68.75,Azadpur,3.9893146797297927,4.230476736546681,97.2296460568755,0.0,776.7108703877777,776.7108703877776
producer,Sopore,American,A,2023-12-31,58.92857142857143,68.75,Azadpur,4.076326056719423,4.230476736546681,97.2296460568755,0.0,776.7108703877777,776.7108703877776
producer,Sopore,American,A,2024-01-07,54.910714285714285,34.464285714285715,Azadpur,4.005708489505469,3.539923591163782,112.47920503045752,15.249558973582026,791.9604293613597,776.7108703877776
producer,Sopore,American,A,2024-01-14,57.142857142857146,34.732142857142854,Azadpur,4.045554398052669,3.547665565317397,122.6455776795122,10.16637264905468,802.1268020104144,776.7108703877776
producer,Sopore,American,A,2024-01-21,56.25,34.375,Azadpur,4.029806041084529,3.5373295559867355,97.2296460568755,-25.415931622636705,802.1268020104144,802.1268020104143
producer,Sopore,American,A,2024-01-28,53.125,32.5,Azadpur,3.972647627244581,3.481240089335692,97.2296460568755,0.0,802.1268020104144,802.1268020104143
producer,Sopore,American,A,2024-02-04,52.67857142857143,32.5,Azadpur,3.9642087585987165,3.481240089335692,97.2296460568755,0.0,802.1268020104144,802.1268020104143
producer,Sopore,American,A,2024-09-01,68.75,90.0,Azadpur,4.230476736546681,4.499809670330265,97.2296460568755,0.0,827.5427336330511,827.542733633051
producer,Sopore,American,A,2024-09-08,61.07142857142857,90.0,Azadpur,4.112044139321502,4.499809670330265,97.2296460568755,0.0,827.5427336330511,827.542733633051
producer,Sopore,American,A,2024-09-15,58.839285714285715,75.71428571428571,Azadpur,4.074809756201458,4.326966857490854,97.2296460568755,0.0,827.5427336330511,827.542733633051
producer,Sopore,American,A,2024-09-22,53.482142857142854,59.285714285714285,Azadpur,3.9793478198144006,4.082368371175385,97.2296460568755,0.0,827.5427336330511,827.542733633051
producer,Sopore,American,A,2024-09-29,57.589285714285715,78.30357142857143,Azadpur,4.053336538494723,4.360593214071134,97.2296460568755,0.0,827.5427336330511,827.542733633051
producer,Sopore,American,A,2024-10-06,61.160714285714285,87.32142857142857,Azadpur,4.113505059961176,4.469595891733769,97.2296460568755,0.0,827.5427336330511,827.542733633051
producer,Sopore,American,A,2024-10-13,65.625,71.07142857142857,Azadpur,4.183956720911787,4.263685407543334,97.2296460568755,0.0,827.5427336330511,827.542733633051
producer,Sopore,American,A,2024-10-20,58.92857142857143,68.66071428571429,Azadpur,4.076326056719423,4.229177191204595,97.2296460568755,0.0,827.5427336330511,827.542733633051
producer,Sopore,American,A,2024-10-27,55.80357142857143,65.80357142857143,Azadpur,4.021837871435353,4.186674113888288,97.2296460568755,0.0,827.5427336330511,827.542733633051
producer,Sopore,American,A,2024-11-03,48.214285714285715,67.14285714285714,Azadpur,3.8756553612572713,4.206822545648791,97.2296460568755,0.0,827.5427336330511,827.542733633051
producer,Sopore,American,A,2024-11-10,50.892857142857146,63.214285714285715,Azadpur,3.929722582527547,4.146530315392671,97.2296460568755,0.0,827.5427336330511,827.542733633051
producer,Sopore,American,A,2024-11-17,49.107142857142854,65.08928571428571,Azadpur,3.8940044999254675,4.175759953707609,97.2296460568755,0.0,827.5427336330511,827.542733633051
producer,Sopore,American,A,2024-11-24,47.767857142857146,64.64285714285714,Azadpur,3.8663529685949576,4.168877614084668,97.2296460568755,0.0,827.5427336330511,827.542733633051
producer,Sopore,American,A,2024-12-01,52.67857142857143,64.46428571428571,Azadpur,3.9642087585987165,4.166111360591778,97.2296460568755,0.0,827.5427336330511,827.542733633051
producer,Sopore,American,A,2024-12-08,49.776785714285715,64.28571428571429,Azadpur,3.907548725033225,4.163337433709052,97.2296460568755,0.0,827.5427336330511,827.542733633051
producer,Sopore,American,A,2024-12-15,54.464285714285715,63.75,Azadpur,3.997545178866308,4.154969184038536,97.2296460568755,0.0,827.5427336330511,827.542733633051
producer,Sopore,American,A,2024-12-22,58.482142857142854,64.64285714285714,Azadpur,4.068721457334203,4.168877614084668,97.2296460568755,0.0,827.5427336330511,827.542733633051
producer,Sopore,American,A,2024-12-29,59.598214285714285,65.0,Azadpur,4.087625611973356,4.174387269895637,127.72876400403956,30.499117947164066,858.0418515802152,827.542733633051
producer,Sopore,American,A,2025-01-05,55.357142857142854,65.0,Azadpur,4.013805699738088,4.174387269895637,127.72876400403956,0.0,858.0418515802152,827.542733633051
producer,Sopore,American,A,2025-01-12,54.910714285714285,64.64285714285714,Azadpur,4.005708489505469,4.168877614084668,122.6455776795122,-5.083186324527361,858.0418515802152,832.6259199575783
producer,Sopore,American,A,2025-01-19,56.69642857142857,64.375,Azadpur,4.037711220591643,4.1647253589839,97.2296460568755,-25.415931622636705,858.0418515802152,858.0418515802149
producer,Sopore,American,A,2025-01-26,61.607142857142854,64.375,Azadpur,4.120777819290256,4.1647253589839,97.2296460568755,0.0,858.0418515802152,858.0418515802149
producer,Sopore,American,A,2025-02-02,60.714285714285715,64.375,Azadpur,4.106179019869104,4.1647253589839,97.2296460568755,0.0,858.0418515802152,858.0418515802149
producer,Sopore,American,B,2015-09-06,18.660714285714285,33.125,Azadpur,2.9264204736637622,3.5002882843063863,97.2296460568755,0.0,300.92463041201864,300.9246304120186
producer,Sopore,American,B,2015-09-13,14.196428571428571,33.125,Azadpur,2.652990423919183,3.5002882843063863,97.2296460568755,0.0,300.92463041201864,300.9246304120186
producer,Sopore,American,B,2015-09-20,15.848214285714286,33.125,Azadpur,2.763056830614422,3.5002882843063863,97.2296460568755,0.0,300.92463041201864,300.9246304120186
producer,Sopore,American,B,2015-09-27,14.0625,33.125,Azadpur,2.643511679964639,3.5002882843063863,97.2296460568755,0.0,300.92463041201864,300.9246304120186
producer,Sopore,American,B,2015-10-04,17.633928571428573,31.982142857142858,Azadpur,2.869824806040128,3.4651777113255626,97.2296460568755,0.0,300.92463041201864,300.9246304120186
producer,Sopore,American,B,2015-10-11,18.080357142857142,36.410714285714285,Azadpur,2.894826108245545,3.594863079839306,97.2296460568755,0.0,300.92463041201864,300.9246304120186
producer,Sopore,American,B,2015-10-18,17.633928571428573,34.19642857142857,Azadpur,2.869824806040128,3.532121210879597,97.2296460568755,0.0,300.92463041201864,300.9246304120186
producer,Sopore,American,B,2015-10-25,18.973214285714285,30.625,Azadpur,2.9430282100634226,3.421816668864891,97.2296460568755,0.0,300.92463041201864,300.9246304120186
producer,Sopore,American,B,2015-11-01,18.526785714285715,30.625,Azadpur,2.9192175613697042,3.421816668864891,97.2296460568755,0.0,300.92463041201864,300.9246304120186
producer,Sopore,American,B,2015-11-08,17.633928571428573,28.482142857142858,Azadpur,2.869824806040128,3.3492773244837957,97.2296460568755,0.0,300.92463041201864,300.9246304120186
producer,Sopore,American,B,2015-11-15,13.303571428571429,29.821428571428573,Azadpur,2.5880325276444105,3.3952272146756517,97.2296460568755,0.0,300.92463041201864,300.9246304120186
producer,Sopore,American,B,2015-11-22,16.964285714285715,28.125,Azadpur,2.8311102938594375,3.3366588605245844,97.2296460568755,0.0,300.92463041201864,300.9246304120186
producer,Sopore,American,B,2015-11-29,15.625,28.803571428571427,Azadpur,2.7488721956224653,3.3604993873900595,97.2296460568755,0.0,300.92463041201864,300.9246304120186
producer,Sopore,American,B,2015-12-06,15.625,25.017857142857142,Azadpur,2.7488721956224653,3.219589855601858,97.2296460568755,0.0,300.92463041201864,300.9246304120186
producer,Sopore,American,B,2015-12-13,15.625,21.875,Azadpur,2.7488721956224653,3.0853444322436783,97.2296460568755,0.0,300.92463041201864,300.9246304120186
producer,Sopore,American,B,2015-12-20,10.044642857142858,21.875,Azadpur,2.307039443343426,3.0853444322436783,97.2296460568755,0.0,300.92463041201864,300.9246304120186
producer,Sopore,American,B,2015-12-27,14.0625,28.125,Azadpur,2.643511679964639,3.3366588605245844,97.2296460568755,0.0,300.92463041201864,300.9246304120186
producer,Sopore,American,B,2016-01-03,15.178571428571429,27.321428571428573,Azadpur,2.719884658749213,3.307671323651332,97.2296460568755,0.0,300.92463041201864,300.9246304120186
producer,Sopore,American,B,2016-01-10,18.75,26.785714285714285,Azadpur,2.9311937524164198,3.287868696355152,97.2296460568755,0.0,300.92463041201864,300.9246304120186
producer,Sopore,American,B,2016-01-17,16.517857142857142,28.303571428571427,Azadpur,2.8044420467772757,3.3429879955762316,97.2296460568755,0.0,300.92463041201864,300.9246304120186
producer,Sopore,American,B,2016-01-24,16.071428571428573,28.75,Azadpur,2.7770430725891617,3.3586377672433594,97.2296460568755,0.0,300.92463041201864,300.9246304120186
producer,Sopore,American,B,2016-01-31,17.857142857142858,28.303571428571427,Azadpur,2.882403588246988,3.3429879955762316,97.2296460568755,0.0,300.92463041201864,300.9246304120186
producer,Sopore,American,B,2017-09-03,19.375,31.25,Azadpur,2.9639835752394106,3.4420193761824107,97.2296460568755,0.0,388.3554351938889,388.35543519388887
producer,Sopore,American,B,2017-09-10,20.3125,31.25,Azadpur,3.011236460089956,3.4420193761824107,97.2296460568755,0.0,388.3554351938889,388.35543519388887
producer,Sopore,American,B,2017-09-17,21.205357142857142,31.25,Azadpur,3.054253845173647,3.4420193761824107,97.2296460568755,0.0,388.3554351938889,388.35543519388887
producer,Sopore,American,B,2017-09-24,22.098214285714285,31.25,Azadpur,3.095496803707696,3.4420193761824107,97.2296460568755,0.0,388.3554351938889,388.35543519388887
producer,Sopore,American,B,2017-10-01,20.758928571428573,31.25,Azadpur,3.0329764467263622,3.4420193761824107,97.2296460568755,0.0,388.3554351938889,388.35543519388887
producer,Sopore,American,B,2017-10-08,21.428571428571427,31.25,Azadpur,3.0647251450409425,3.4420193761824107,97.2296460568755,0.0,388.3554351938889,388.35543519388887
producer,Sopore,American,B,2017-10-15,20.535714285714285,31.25,Azadpur,3.0221655306221464,3.4420193761824107,97.2296460568755,0.0,388.3554351938889,388.35543519388887
producer,Sopore,American,B,2017-10-22,20.3125,33.92857142857143,Azadpur,3.011236460089956,3.524257474419383,97.2296460568755,0.0,388.3554351938889,388.35543519388887
producer,Sopore,American,B,2017-10-29,19.196428571428573,34.375,Azadpur,2.954724249826614,3.5373295559867355,97.2296460568755,0.0,388.3554351938889,388.35543519388887
producer,Sopore,American,B,2017-11-05,20.089285714285715,34.375,Azadpur,3.0001866239033714,3.5373295559867355,97.2296460568755,0.0,388.3554351938889,388.35543519388887
producer,Sopore,American,B,2017-11-12,17.857142857142858,34.375,Azadpur,2.882403588246988,3.5373295559867355,97.2296460568755,0.0,388.3554351938889,388.35543519388887
producer,Sopore,American,B,2017-11-19,20.089285714285715,34.375,Azadpur,3.0001866239033714,3.5373295559867355,97.2296460568755,0.0,388.3554351938889,388.35543519388887
producer,Sopore,American,B,2017-11-26,19.642857142857142,34.375,Azadpur,2.977713768051313,3.5373295559867355,97.2296460568755,0.0,388.3554351938889,388.35543519388887
producer,Sopore,American,B,2017-12-03,21.428571428571427,34.375,Azadpur,3.0647251450409425,3.5373295559867355,97.2296460568755,0.0,388.3554351938889,388.35543519388887
producer,Sopore,American,B,2017-12-10,18.75,34.375,Azadpur,2.9311937524164198,3.5373295559867355,97.2296460568755,0.0,388.3554351938889,388.35543519388887
producer,Sopore,American,B,2017-12-17,16.964285714285715,34.375,Azadpur,2.8311102938594375,3.5373295559867355,97.2296460568755,0.0,388.3554351938889,388.35543519388887
producer,Sopore,American,B,2017-12-24,16.964285714285715,34.375,Azadpur,2.8311102938594375,3.5373295559867355,97.2296460568755,0.0,388.3554351938889,388.35543519388887
producer,Sopore,American,B,2017-12-31,18.303571428571427,40.625,Azadpur,2.9070962008373593,3.7043836406499016,97.2296460568755,0.0,388.3554351938889,388.35543519388887
producer,Sopore,American,B,2018-01-07,17.857142857142858,33.214285714285715,Azadpur,2.882403588246988,3.502980075972098,97.2296460568755,0.0,388.3554351938889,388.35543519388887
producer,Sopore,American,B,2018-01-14,16.964285714285715,33.125,Azadpur,2.8311102938594375,3.5002882843063863,132.8119503285669,35.5823042716914,423.9377394655803,388.35543519388887
producer,Sopore,American,B,2018-01-21,16.071428571428573,33.125,Azadpur,2.7770430725891617,3.5002882843063863,102.31283238140284,-30.499117947164052,423.9377394655803,418.8545531410529
producer,Sopore,American,B,2018-01-28,16.071428571428573,33.125,Azadpur,2.7770430725891617,3.5002882843063863,97.2296460568755,-5.083186324527347,423.9377394655803,423.93773946558025
producer,Sopore,American,B,2018-02-04,16.071428571428573,33.125,Azadpur,2.7770430725891617,3.5002882843063863,97.2296460568755,0.0,423.9377394655803,423.93773946558025
producer,Sopore,American,B,2018-09-02,15.9375,34.375,Azadpur,2.768674822918645,3.5373295559867355,97.2296460568755,0.0,454.43685741274436,454.4368574127443
producer,Sopore,American,B,2018-09-09,15.848214285714286,33.035714285714285,Azadpur,2.763056830614422,3.497589227337221,97.2296460568755,0.0,454.43685741274436,454.4368574127443
producer,Sopore,American,B,2018-09-16,19.598214285714285,45.535714285714285,Azadpur,2.975438454214177,3.8184969474173225,97.2296460568755,0.0,454.43685741274436,454.4368574127443
producer,Sopore,American,B,2018-09-23,19.196428571428573,37.5,Azadpur,2.954724249826614,3.624340932976365,97.2296460568755,0.0,454.43685741274436,454.4368574127443
producer,Sopore,American,B,2018-09-30,20.089285714285715,39.285714285714285,Azadpur,3.0001866239033714,3.670860948611258,97.2296460568755,0.0,454.43685741274436,454.4368574127443
producer,Sopore,American,B,2018-10-07,21.875,33.92857142857143,Azadpur,3.0853444322436783,3.524257474419383,97.2296460568755,0.0,454.43685741274436,454.4368574127443
producer,Sopore,American,B,2018-10-14,22.098214285714285,36.160714285714285,Azadpur,3.095496803707696,3.58797328880549,97.2296460568755,0.0,454.43685741274436,454.4368574127443
producer,Sopore,American,B,2018-10-21,23.214285714285715,34.375,Azadpur,3.144767852714479,3.5373295559867355,97.2296460568755,0.0,454.43685741274436,454.4368574127443
producer,Sopore,American,B,2018-10-28,21.875,31.696428571428573,Azadpur,3.0853444322436783,3.456204011174367,97.2296460568755,0.0,454.43685741274436,454.4368574127443
producer,Sopore,American,B,2018-11-04,22.142857142857142,31.25,Azadpur,3.0975149678639333,3.4420193761824107,97.2296460568755,0.0,454.43685741274436,454.4368574127443
producer,Sopore,American,B,2018-11-11,20.535714285714285,31.25,Azadpur,3.0221655306221464,3.4420193761824107,97.2296460568755,0.0,454.43685741274436,454.4368574127443
producer,Sopore,American,B,2018-11-18,21.428571428571427,38.839285714285715,Azadpur,3.0647251450409425,3.659432252787635,97.2296460568755,0.0,454.43685741274436,454.4368574127443
producer,Sopore,American,B,2018-11-25,21.875,37.94642857142857,Azadpur,3.0853444322436783,3.636175390623368,97.2296460568755,0.0,454.43685741274436,454.4368574127443
producer,Sopore,American,B,2018-12-02,22.544642857142858,35.267857142857146,Azadpur,3.1154974704143656,3.5629719866000733,97.2296460568755,0.0,454.43685741274436,454.4368574127443
producer,Sopore,American,B,2018-12-09,21.875,34.375,Azadpur,3.0853444322436783,3.5373295559867355,97.2296460568755,0.0,454.43685741274436,454.4368574127443
producer,Sopore,American,B,2018-12-16,22.767857142857142,34.375,Azadpur,3.125349766857377,3.5373295559867355,97.2296460568755,0.0,454.43685741274436,454.4368574127443
producer,Sopore,American,B,2018-12-23,17.633928571428573,34.375,Azadpur,2.869824806040128,3.5373295559867355,97.2296460568755,0.0,454.43685741274436,454.4368574127443
producer,Sopore,American,B,2018-12-30,17.857142857142858,34.375,Azadpur,2.882403588246988,3.5373295559867355,97.2296460568755,0.0,454.43685741274436,454.4368574127443
producer,Sopore,American,B,2019-01-06,28.214285714285715,34.375,Azadpur,3.339828435285863,3.5373295559867355,97.2296460568755,0.0,454.43685741274436,454.4368574127443
producer,Sopore,American,B,2019-01-13,32.0,34.375,Azadpur,3.4657359027997265,3.5373295559867355,97.2296460568755,0.0,454.43685741274436,454.4368574127443
producer,Sopore,American,B,2019-01-20,32.0,34.375,Azadpur,3.4657359027997265,3.5373295559867355,97.2296460568755,0.0,454.43685741274436,454.4368574127443
producer,Sopore,American,B,2019-01-27,32.0,42.232142857142854,Azadpur,3.4657359027997265,3.743181610190884,97.2296460568755,0.0,454.43685741274436,454.4368574127443
producer,Sopore,American,B,2019-02-03,32.0,43.75,Azadpur,3.4657359027997265,3.7784916128036232,97.2296460568755,0.0,454.43685741274436,454.4368574127443
producer,Sopore,American,B,2019-09-01,32.0,28.125,Azadpur,3.4657359027997265,3.3366588605245844,139.92841118290517,0.0,517.4683678368833,474.76960271085363
producer,Sopore,American,B,2019-09-08,32.0,28.125,Azadpur,3.4657359027997265,3.3366588605245844,139.92841118290517,0.0,517.4683678368833,474.76960271085363
producer,Sopore,American,B,2019-09-15,32.0,28.125,Azadpur,3.4657359027997265,3.3366588605245844,139.92841118290517,0.0,517.4683678368833,474.76960271085363
producer,Sopore,American,B,2019-09-22,32.0,28.125,Azadpur,3.4657359027997265,3.3366588605245844,139.92841118290517,0.0,517.4683678368833,474.76960271085363
producer,Sopore,American,B,2019-09-29,32.0,28.125,Azadpur,3.4657359027997265,3.3366588605245844,139.92841118290517,0.0,517.4683678368833,474.76960271085363
producer,Sopore,American,B,2019-10-06,32.0,28.125,Azadpur,3.4657359027997265,3.3366588605245844,103.32946964630833,-36.59894153659684,517.4683678368833,511.3685442474505
producer,Sopore,American,B,2019-10-13,32.0,28.125,Azadpur,3.4657359027997265,3.3366588605245844,97.2296460568755,-6.09982358943283,517.4683678368833,517.4683678368833
producer,Sopore,American,B,2019-10-20,32.0,28.125,Azadpur,3.4657359027997265,3.3366588605245844,97.2296460568755,0.0,517.4683678368833,517.4683678368833
producer,Sopore,American,B,2019-10-27,32.0,28.125,Azadpur,3.4657359027997265,3.3366588605245844,97.2296460568755,0.0,517.4683678368833,517.4683678368833
producer,Sopore,American,B,2019-11-03,32.0,28.125,Azadpur,3.4657359027997265,3.3366588605245844,97.2296460568755,0.0,517.4683678368833,517.4683678368833
producer,Sopore,American,B,2019-11-10,32.0,28.125,Azadpur,3.4657359027997265,3.3366588605245844,97.2296460568755,0.0,517.4683678368833,517.4683678368833
producer,Sopore,American,B,2019-11-17,32.0,28.571428571428573,Azadpur,3.4657359027997265,3.3524072174927233,97.2296460568755,0.0,517.4683678368833,517.4683678368833
producer,Sopore,American,B,2019-11-24,32.0,29.464285714285715,Azadpur,3.4657359027997265,3.383178876159477,97.2296460568755,0.0,517.4683678368833,517.4683678368833
producer,Sopore,American,B,2019-12-01,32.0,37.5,Azadpur,3.4657359027997265,3.624340932976365,97.2296460568755,0.0,517.4683678368833,517.4683678368833
producer,Sopore,American,B,2019-12-08,32.0,31.696428571428573,Azadpur,3.4657359027997265,3.456204011174367,97.2296460568755,0.0,517.4683678368833,517.4683678368833
producer,Sopore,American,B,2019-12-15,32.0,21.875,Azadpur,3.4657359027997265,3.0853444322436783,97.2296460568755,0.0,517.4683678368833,517.4683678368833
producer,Sopore,American,B,2019-12-22,32.0,28.125,Azadpur,3.4657359027997265,3.3366588605245844,97.2296460568755,0.0,517.4683678368833,517.4683678368833
producer,Sopore,American,B,2019-12-29,32.0,28.125,Azadpur,3.4657359027997265,3.3366588605245844,97.2296460568755,0.0,517.4683678368833,517.4683678368833
producer,Sopore,American,B,2020-01-05,32.0,20.625,Azadpur,3.4657359027997265,3.0265039322207445,97.2296460568755,0.0,517.4683678368833,517.4683678368833
producer,Sopore,American,B,2020-01-12,32.0,20.625,Azadpur,3.4657359027997265,3.0265039322207445,112.47920503045752,15.249558973582026,532.7179268104653,517.4683678368833
producer,Sopore,American,B,2020-01-19,31.803571428571427,21.964285714285715,Azadpur,3.459578592554512,3.089417757631314,132.8119503285669,20.332745298109373,553.0506721085746,517.4683678368833
producer,Sopore,American,B,2020-01-26,31.026785714285715,24.375,Azadpur,3.434850886703798,3.193558016883911,102.31283238140284,-30.499117947164052,553.0506721085746,547.9674857840473
producer,Sopore,American,B,2020-02-02,29.464285714285715,28.125,Azadpur,3.383178876159477,3.3366588605245844,97.2296460568755,-5.083186324527347,553.0506721085746,553.0506721085746
producer,Sopore,American,B,2020-09-06,30.357142857142858,37.5,Azadpur,3.4130318393091583,3.624340932976365,97.2296460568755,0.0,595.7494372346043,595.7494372346043
producer,Sopore,American,B,2020-09-13,30.803571428571427,38.392857142857146,Azadpur,3.427630638730311,3.647871430386559,97.2296460568755,0.0,595.7494372346043,595.7494372346043
producer,Sopore,American,B,2020-09-20,30.357142857142858,36.607142857142854,Azadpur,3.4130318393091583,3.6002433813973047,97.2296460568755,0.0,595.7494372346043,595.7494372346043
producer,Sopore,American,B,2020-09-27,30.803571428571427,36.69642857142857,Azadpur,3.427630638730311,3.6026794361951855,97.2296460568755,0.0,595.7494372346043,595.7494372346043
producer,Sopore,American,B,2020-10-04,30.357142857142858,33.75,Azadpur,3.4130318393091583,3.518980417318539,97.2296460568755,0.0,595.7494372346043,595.7494372346043
producer,Sopore,American,B,2020-10-11,30.357142857142858,35.714285714285715,Azadpur,3.4130318393091583,3.575550768806933,97.2296460568755,0.0,595.7494372346043,595.7494372346043
producer,Sopore,American,B,2020-10-18,30.357142857142858,39.017857142857146,Azadpur,3.4130318393091583,3.6640194167945412,97.2296460568755,0.0,595.7494372346043,595.7494372346043
producer,Sopore,American,B,2020-10-25,30.357142857142858,34.82142857142857,Azadpur,3.4130318393091583,3.550232960822643,97.2296460568755,0.0,595.7494372346043,595.7494372346043
producer,Sopore,American,B,2020-11-01,26.5625,31.25,Azadpur,3.2795004466846356,3.4420193761824107,97.2296460568755,0.0,595.7494372346043,595.7494372346043
producer,Sopore,American,B,2020-11-08,24.107142857142858,31.25,Azadpur,3.182508180697326,3.4420193761824107,97.2296460568755,0.0,595.7494372346043,595.7494372346043
producer,Sopore,American,B,2020-11-15,18.303571428571427,36.607142857142854,Azadpur,2.9070962008373593,3.6002433813973047,97.2296460568755,0.0,595.7494372346043,595.7494372346043
producer,Sopore,American,B,2020-11-22,19.642857142857142,31.25,Azadpur,2.977713768051313,3.4420193761824107,97.2296460568755,0.0,595.7494372346043,595.7494372346043
producer,Sopore,American,B,2020-11-29,19.419642857142858,30.357142857142858,Azadpur,2.96628507222769,3.4130318393091583,97.2296460568755,0.0,595.7494372346043,595.7494372346043
producer,Sopore,American,B,2020-12-06,20.535714285714285,31.875,Azadpur,3.0221655306221464,3.46182200347859,97.2296460568755,0.0,595.7494372346043,595.7494372346043
producer,Sopore,American,B,2020-12-13,24.330357142857142,37.94642857142857,Azadpur,3.19172483580225,3.636175390623368,97.2296460568755,0.0,595.7494372346043,595.7494372346043
producer,Sopore,American,B,2020-12-20,24.553571428571427,35.267857142857146,Azadpur,3.2008573193655225,3.5629719866000733,97.2296460568755,0.0,595.7494372346043,595.7494372346043
producer,Sopore,American,B,2020-12-27,24.107142857142858,43.30357142857143,Azadpur,3.182508180697326,3.768235112636434,97.2296460568755,0.0,595.7494372346043,595.7494372346043
producer,Sopore,American,B,2021-01-03,26.785714285714285,53.57142857142857,Azadpur,3.287868696355152,3.9810158769150976,102.31283238140284,5.083186324527347,600.8326235591317,595.7494372346043
producer,Sopore,American,B,2021-01-10,26.5625,56.25,Azadpur,3.2795004466846356,4.029806041084529,132.8119503285669,30.499117947164052,631.3317415062957,595.7494372346043
producer,Sopore,American,B,2021-01-17,27.455357142857142,56.25,Azadpur,3.3125613089455235,4.029806041084529,97.2296460568755,-35.5823042716914,631.3317415062957,631.3317415062958
producer,Sopore,American,B,2021-01-24,27.455357142857142,56.25,Azadpur,3.3125613089455235,4.029806041084529,97.2296460568755,0.0,631.3317415062957,631.3317415062958
producer,Sopore,American,B,2021-01-31,27.901785714285715,56.25,Azadpur,3.3286906908754075,4.029806041084529,97.2296460568755,0.0,631.3317415062957,631.3317415062958
producer,Sopore,American,B,2021-09-05,26.5625,28.125,Azadpur,3.2795004466846356,3.3366588605245844,97.2296460568755,0.0,646.5813004798777,646.5813004798778
producer,Sopore,American,B,2021-09-12,26.5625,28.125,Azadpur,3.2795004466846356,3.3366588605245844,97.2296460568755,0.0,646.5813004798777,646.5813004798778
producer,Sopore,American,B,2021-09-19,26.5625,28.125,Azadpur,3.2795004466846356,3.3366588605245844,97.2296460568755,0.0,646.5813004798777,646.5813004798778
producer,Sopore,American,B,2021-09-26,26.5625,28.125,Azadpur,3.2795004466846356,3.3366588605245844,97.2296460568755,0.0,646.5813004798777,646.5813004798778
producer,Sopore,American,B,2021-10-03,26.5625,28.125,Azadpur,3.2795004466846356,3.3366588605245844,97.2296460568755,0.0,646.5813004798777,646.5813004798778
producer,Sopore,American,B,2021-10-10,26.5625,28.125,Azadpur,3.2795004466846356,3.3366588605245844,97.2296460568755,0.0,646.5813004798777,646.5813004798778
producer,Sopore,American,B,2021-10-17,26.5625,28.125,Azadpur,3.2795004466846356,3.3366588605245844,97.2296460568755,0.0,646.5813004798777,646.5813004798778
producer,Sopore,American,B,2021-10-24,26.5625,28.125,Azadpur,3.2795004466846356,3.3366588605245844,97.2296460568755,0.0,646.5813004798777,646.5813004798778
producer,Sopore,American,B,2021-10-31,26.5625,28.125,Azadpur,3.2795004466846356,3.3366588605245844,97.2296460568755,0.0,646.5813004798777,646.5813004798778
producer,Sopore,American,B,2021-11-07,26.5625,28.125,Azadpur,3.2795004466846356,3.3366588605245844,97.2296460568755,0.0,646.5813004798777,646.5813004798778
producer,Sopore,American,B,2021-11-14,26.5625,28.125,Azadpur,3.2795004466846356,3.3366588605245844,97.2296460568755,0.0,646.5813004798777,646.5813004798778
producer,Sopore,American,B,2021-11-21,26.5625,28.125,Azadpur,3.2795004466846356,3.3366588605245844,97.2296460568755,0.0,646.5813004798777,646.5813004798778
producer,Sopore,American,B,2021-11-28,26.5625,28.125,Azadpur,3.2795004466846356,3.3366588605245844,97.2296460568755,0.0,646.5813004798777,646.5813004798778
producer,Sopore,American,B,2021-12-05,26.5625,28.125,Azadpur,3.2795004466846356,3.3366588605245844,97.2296460568755,0.0,646.5813004798777,646.5813004798778
producer,Sopore,American,B,2021-12-12,26.5625,31.696428571428573,Azadpur,3.2795004466846356,3.456204011174367,97.2296460568755,0.0,646.5813004798777,646.5813004798778
producer,Sopore,American,B,2021-12-19,26.5625,34.375,Azadpur,3.2795004466846356,3.5373295559867355,97.2296460568755,0.0,646.5813004798777,646.5813004798778
producer,Sopore,American,B,2021-12-26,26.5625,34.375,Azadpur,3.2795004466846356,3.5373295559867355,97.2296460568755,0.0,646.5813004798777,646.5813004798778
producer,Sopore,American,B,2022-01-02,26.5625,34.375,Azadpur,3.2795004466846356,3.5373295559867355,97.2296460568755,0.0,646.5813004798777,646.5813004798778
producer,Sopore,American,B,2022-01-09,26.5625,34.375,Azadpur,3.2795004466846356,3.5373295559867355,127.72876400403956,30.499117947164066,677.0804184270418,646.5813004798778
producer,Sopore,American,B,2022-01-16,26.5625,34.375,Azadpur,3.2795004466846356,3.5373295559867355,112.47920503045752,-15.24955897358204,677.0804184270418,661.8308594534598
producer,Sopore,American,B,2022-01-23,26.5625,34.375,Azadpur,3.2795004466846356,3.5373295559867355,97.2296460568755,-15.249558973582026,677.0804184270418,677.0804184270418
producer,Sopore,American,B,2022-01-30,26.5625,34.375,Azadpur,3.2795004466846356,3.5373295559867355,97.2296460568755,0.0,677.0804184270418,677.0804184270418
producer,Sopore,American,B,2022-02-06,26.5625,34.375,Azadpur,3.2795004466846356,3.5373295559867355,97.2296460568755,0.0,677.0804184270418,677.0804184270418
producer,Sopore,American,B,2022-09-04,22.5,34.375,Azadpur,3.1135153092103742,3.5373295559867355,97.2296460568755,0.0,701.479712784773,701.479712784773
producer,Sopore,American,B,2022-09-11,22.5,34.375,Azadpur,3.1135153092103742,3.5373295559867355,97.2296460568755,0.0,701.479712784773,701.479712784773
producer,Sopore,American,B,2022-09-18,25.625,30.357142857142858,Azadpur,3.2435684374585723,3.4130318393091583,97.2296460568755,0.0,701.479712784773,701.479712784773
producer,Sopore,American,B,2022-09-25,26.964285714285715,36.160714285714285,Azadpur,3.294513239073821,3.58797328880549,97.2296460568755,0.0,701.479712784773,701.479712784773
producer,Sopore,American,B,2022-10-02,25.982142857142858,37.5,Azadpur,3.2574094888704437,3.624340932976365,97.2296460568755,0.0,701.479712784773,701.479712784773
producer,Sopore,American,B,2022-10-09,28.125,37.5,Azadpur,3.3366588605245844,3.624340932976365,97.2296460568755,0.0,701.479712784773,701.479712784773
producer,Sopore,American,B,2022-10-16,28.125,37.5,Azadpur,3.3366588605245844,3.624340932976365,97.2296460568755,0.0,701.479712784773,701.479712784773
producer,Sopore,American,B,2022-10-23,21.651785714285715,34.375,Azadpur,3.0750879320764892,3.5373295559867355,97.2296460568755,0.0,701.479712784773,701.479712784773
producer,Sopore,American,B,2022-10-30,21.517857142857142,33.660714285714285,Azadpur,3.068883155189606,3.5163314091469617,97.2296460568755,0.0,701.479712784773,701.479712784773
producer,Sopore,American,B,2022-11-06,18.080357142857142,33.125,Azadpur,2.894826108245545,3.5002882843063863,97.2296460568755,0.0,701.479712784773,701.479712784773
producer,Sopore,American,B,2022-11-13,17.8125,33.125,Azadpur,2.879900458028869,3.5002882843063863,97.2296460568755,0.0,701.479712784773,701.479712784773
producer,Sopore,American,B,2022-11-20,16.339285714285715,28.125,Azadpur,2.793572374540372,3.3366588605245844,97.2296460568755,0.0,701.479712784773,701.479712784773
producer,Sopore,American,B,2022-11-27,14.955357142857142,28.125,Azadpur,2.705069572964072,3.3366588605245844,97.2296460568755,0.0,701.479712784773,701.479712784773
producer,Sopore,American,B,2022-12-04,16.5625,28.125,Azadpur,2.807141103746441,3.3366588605245844,97.2296460568755,0.0,701.479712784773,701.479712784773
producer,Sopore,American,B,2022-12-11,15.625,27.5,Azadpur,2.7488721956224653,3.3141860046725258,97.2296460568755,0.0,701.479712784773,701.479712784773
producer,Sopore,American,B,2022-12-18,17.633928571428573,27.5,Azadpur,2.869824806040128,3.3141860046725258,97.2296460568755,0.0,701.479712784773,701.479712784773
producer,Sopore,American,B,2022-12-25,20.089285714285715,28.035714285714285,Azadpur,3.0001866239033714,3.3334792076072044,97.2296460568755,0.0,701.479712784773,701.479712784773
producer,Sopore,American,B,2023-01-01,28.125,28.125,Azadpur,3.3366588605245844,3.3366588605245844,97.2296460568755,0.0,701.479712784773,701.479712784773
producer,Sopore,American,B,2023-01-08,30.357142857142858,28.125,Azadpur,3.4130318393091583,3.3366588605245844,97.2296460568755,0.0,701.479712784773,701.479712784773
producer,Sopore,American,B,2023-01-15,32.589285714285715,28.125,Azadpur,3.4839835752814428,3.3366588605245844,127.72876400403956,30.499117947164066,731.9788307319371,701.479712784773
producer,Sopore,American,B,2023-01-22,37.94642857142857,39.732142857142854,Azadpur,3.636175390623368,3.6821605038651914,112.47920503045752,-15.24955897358204,731.9788307319371,716.729271758355
producer,Sopore,American,B,2023-01-29,41.07142857142857,43.75,Azadpur,3.715312711182092,3.7784916128036232,97.2296460568755,-15.249558973582026,731.9788307319371,731.978830731937
producer,Sopore,American,B,2023-02-05,31.026785714285715,43.75,Azadpur,3.434850886703798,3.7784916128036232,121.62894041460672,24.399294357731222,756.3781250896684,731.978830731937
producer,Sopore,American,B,2023-09-03,32.410714285714285,53.125,Azadpur,3.4784890559638018,3.972647627244581,97.2296460568755,0.0,776.7108703877777,776.7108703877776
producer,Sopore,American,B,2023-09-10,34.82142857142857,46.42857142857143,Azadpur,3.550232960822643,3.8379150332744243,97.2296460568755,0.0,776.7108703877777,776.7108703877776
producer,Sopore,American,B,2023-09-17,32.142857142857146,43.75,Azadpur,3.470190253149107,3.7784916128036232,97.2296460568755,0.0,776.7108703877777,776.7108703877776
producer,Sopore,American,B,2023-09-24,32.589285714285715,43.75,Azadpur,3.4839835752814428,3.7784916128036232,97.2296460568755,0.0,776.7108703877777,776.7108703877776
producer,Sopore,American,B,2023-10-01,36.607142857142854,43.75,Azadpur,3.6002433813973047,3.7784916128036232,97.2296460568755,0.0,776.7108703877777,776.7108703877776
producer,Sopore,American,B,2023-10-08,34.598214285714285,42.857142857142854,Azadpur,3.5438020704923527,3.7578723256008875,97.2296460568755,0.0,776.7108703877777,776.7108703877776
producer,Sopore,American,B,2023-10-15,30.357142857142858,43.75,Azadpur,3.4130318393091583,3.7784916128036232,97.2296460568755,0.0,776.7108703877777,776.7108703877776
producer,Sopore,American,B,2023-10-22,29.6875,43.75,Azadpur,3.39072608179486,3.7784916128036232,97.2296460568755,0.0,776.7108703877777,776.7108703877776
producer,Sopore,American,B,2023-10-29,28.125,43.75,Azadpur,3.3366588605245844,3.7784916128036232,97.2296460568755,0.0,776.7108703877777,776.7108703877776
producer,Sopore,American,B,2023-11-05,34.375,47.32142857142857,Azadpur,3.5373295559867355,3.8569632282451187,97.2296460568755,0.0,776.7108703877777,776.7108703877776
producer,Sopore,American,B,2023-11-12,29.241071428571427,50.0,Azadpur,3.3755742767742576,3.912023005428146,97.2296460568755,0.0,776.7108703877777,776.7108703877776
producer,Sopore,American,B,2023-11-19,31.919642857142858,50.0,Azadpur,3.4632215838330134,3.912023005428146,97.2296460568755,0.0,776.7108703877777,776.7108703877776
producer,Sopore,American,B,2023-11-26,30.133928571428573,48.214285714285715,Azadpur,3.4056517320115356,3.8756553612572713,97.2296460568755,0.0,776.7108703877777,776.7108703877776
producer,Sopore,American,B,2023-12-03,27.678571428571427,43.75,Azadpur,3.320658519178143,3.7784916128036232,97.2296460568755,0.0,776.7108703877777,776.7108703877776
producer,Sopore,American,B,2023-12-10,32.589285714285715,43.75,Azadpur,3.4839835752814428,3.7784916128036232,97.2296460568755,0.0,776.7108703877777,776.7108703877776
producer,Sopore,American,B,2023-12-17,32.36607142857143,43.75,Azadpur,3.4771106959936806,3.7784916128036232,97.2296460568755,0.0,776.7108703877777,776.7108703877776
producer,Sopore,American,B,2023-12-24,27.455357142857142,43.75,Azadpur,3.3125613089455235,3.7784916128036232,97.2296460568755,0.0,776.7108703877777,776.7108703877776
producer,Sopore,American,B,2023-12-31,28.571428571428573,43.75,Azadpur,3.3524072174927233,3.7784916128036232,97.2296460568755,0.0,776.7108703877777,776.7108703877776
producer,Sopore,American,B,2024-01-07,28.348214285714285,26.339285714285715,Azadpur,3.3445640400316976,3.271061578038771,112.47920503045752,15.249558973582026,791.9604293613597,776.7108703877776
producer,Sopore,American,B,2024-01-14,26.785714285714285,26.875,Azadpur,3.287868696355152,3.2911964864478267,122.6455776795122,10.16637264905468,802.1268020104144,776.7108703877776
producer,Sopore,American,B,2024-01-21,28.125,26.25,Azadpur,3.3366588605245844,3.2676659890376327,97.2296460568755,-25.415931622636705,802.1268020104144,802.1268020104143
producer,Sopore,American,B,2024-01-28,26.785714285714285,24.375,Azadpur,3.287868696355152,3.193558016883911,97.2296460568755,0.0,802.1268020104144,802.1268020104143
producer,Sopore,American,B,2024-02-04,27.232142857142858,24.375,Azadpur,3.3043979983063627,3.193558016883911,97.2296460568755,0.0,802.1268020104144,802.1268020104143
producer,Sopore,American,B,2024-09-01,44.19642857142857,75.0,Azadpur,3.7886439842676416,4.31748811353631,97.2296460568755,0.0,827.5427336330511,827.542733633051
producer,Sopore,American,B,2024-09-08,44.19642857142857,75.0,Azadpur,3.7886439842676416,4.31748811353631,97.2296460568755,0.0,827.5427336330511,827.542733633051
producer,Sopore,American,B,2024-09-15,33.214285714285715,64.28571428571429,Azadpur,3.502980075972098,4.163337433709052,97.2296460568755,0.0,827.5427336330511,827.542733633051
producer,Sopore,American,B,2024-09-22,33.92857142857143,50.17857142857143,Azadpur,3.524257474419383,3.915588071592642,97.2296460568755,0.0,827.5427336330511,827.542733633051
producer,Sopore,American,B,2024-09-29,41.07142857142857,51.42857142857143,Azadpur,3.715312711182092,3.9401938823948424,97.2296460568755,0.0,827.5427336330511,827.542733633051
producer,Sopore,American,B,2024-10-06,45.535714285714285,50.357142857142854,Azadpur,3.8184969474173225,3.91914047319701,97.2296460568755,0.0,827.5427336330511,827.542733633051
producer,Sopore,American,B,2024-10-13,50.0,42.5,Azadpur,3.912023005428146,3.7495040759303713,97.2296460568755,0.0,827.5427336330511,827.542733633051
producer,Sopore,American,B,2024-10-20,40.848214285714285,45.982142857142854,Azadpur,3.7098631064145273,3.828253122362687,97.2296460568755,0.0,827.5427336330511,827.542733633051
producer,Sopore,American,B,2024-10-27,35.267857142857146,46.25,Azadpur,3.5629719866000733,3.834061463958434,97.2296460568755,0.0,827.5427336330511,827.542733633051
producer,Sopore,American,B,2024-11-03,29.017857142857142,49.017857142857146,Azadpur,3.3679114040286886,3.8921846632084818,97.2296460568755,0.0,827.5427336330511,827.542733633051
producer,Sopore,American,B,2024-11-10,34.375,48.57142857142857,Azadpur,3.5373295559867355,3.8830354685548936,97.2296460568755,0.0,827.5427336330511,827.542733633051
producer,Sopore,American,B,2024-11-17,31.696428571428573,46.160714285714285,Azadpur,3.456204011174367,3.8321290962073804,97.2296460568755,0.0,827.5427336330511,827.542733633051
producer,Sopore,American,B,2024-11-24,30.357142857142858,45.80357142857143,Azadpur,3.4130318393091583,3.8243620668697207,97.2296460568755,0.0,827.5427336330511,827.542733633051
producer,Sopore,American,B,2024-12-01,28.571428571428573,46.875,Azadpur,3.3524072174927233,3.847484484290575,97.2296460568755,0.0,827.5427336330511,827.542733633051
producer,Sopore,American,B,2024-12-08,27.232142857142858,44.017857142857146,Azadpur,3.3043979983063627,3.784595395741641,97.2296460568755,0.0,827.5427336330511,827.542733633051
producer,Sopore,American,B,2024-12-15,32.142857142857146,50.80357142857143,Azadpur,3.470190253149107,3.927966655825282,97.2296460568755,0.0,827.5427336330511,827.542733633051
producer,Sopore,American,B,2024-12-22,38.169642857142854,49.19642857142857,Azadpur,3.642040510075766,3.8958210308518657,97.2296460568755,0.0,827.5427336330511,827.542733633051
producer,Sopore,American,B,2024-12-29,43.30357142857143,48.125,Azadpur,3.768235112636434,3.8738017926079484,127.72876400403956,30.499117947164066,858.0418515802152,827.542733633051
producer,Sopore,American,B,2025-01-05,43.75,48.125,Azadpur,3.7784916128036232,3.8738017926079484,127.72876400403956,0.0,858.0418515802152,827.542733633051
producer,Sopore,American,B,2025-01-12,42.857142857142854,44.55357142857143,Azadpur,3.7578723256008875,3.7966923174504696,122.6455776795122,-5.083186324527361,858.0418515802152,832.6259199575783
producer,Sopore,American,B,2025-01-19,40.625,41.875,Azadpur,3.7043836406499016,3.7346889901452305,97.2296460568755,-25.415931622636705,858.0418515802152,858.0418515802149
producer,Sopore,American,B,2025-01-26,48.214285714285715,42.94642857142857,Azadpur,3.8756553612572713,3.7599534918047124,97.2296460568755,0.0,858.0418515802152,858.0418515802149
producer,Sopore,American,B,2025-02-02,45.982142857142854,44.375,Azadpur,3.828253122362687,3.7926762477955798,97.2296460568755,0.0,858.0418515802152,858.0418515802149
producer,Sopore,Delicious,A,2015-09-06,52.67857142857143,37.5,Azadpur,3.9642087585987165,3.624340932976365,97.2296460568755,0.0,300.92463041201864,300.9246304120186
producer,Sopore,Delicious,A,2015-09-13,34.82142857142857,37.5,Azadpur,3.550232960822643,3.624340932976365,97.2296460568755,0.0,300.92463041201864,300.9246304120186
producer,Sopore,Delicious,A,2015-09-20,35.9375,39.285714285714285,Azadpur,3.581781318557569,3.670860948611258,97.2296460568755,0.0,300.92463041201864,300.9246304120186
producer,Sopore,Delicious,A,2015-09-27,42.1875,45.089285714285715,Azadpur,3.7421239686327485,3.808644650974311,97.2296460568755,0.0,300.92463041201864,300.9246304120186
producer,Sopore,Delicious,A,2015-10-04,44.642857142857146,47.098214285714285,Azadpur,3.798694320121143,3.8522350870491726,97.2296460568755,0.0,300.92463041201864,300.9246304120186
producer,Sopore,Delicious,A,2015-10-11,43.30357142857143,56.69642857142857,Azadpur,3.768235112636434,4.037711220591643,97.2296460568755,0.0,300.92463041201864,300.9246304120186
producer,Sopore,Delicious,A,2015-10-18,37.94642857142857,59.375,Azadpur,3.636175390623368,4.083873262354805,97.2296460568755,0.0,300.92463041201864,300.9246304120186
producer,Sopore,Delicious,A,2015-10-25,46.42857142857143,55.80357142857143,Azadpur,3.8379150332744243,4.021837871435353,97.2296460568755,0.0,300.92463041201864,300.9246304120186
producer,Sopore,Delicious,A,2015-11-01,44.19642857142857,57.36607142857143,Azadpur,3.7886439842676416,4.049453038468326,97.2296460568755,0.0,300.92463041201864,300.9246304120186
producer,Sopore,Delicious,A,2015-11-08,43.75,56.69642857142857,Azadpur,3.7784916128036232,4.037711220591643,97.2296460568755,0.0,300.92463041201864,300.9246304120186
producer,Sopore,Delicious,A,2015-11-15,37.94642857142857,54.24107142857143,Azadpur,3.636175390623368,3.9934383969136547,97.2296460568755,0.0,300.92463041201864,300.9246304120186
producer,Sopore,Delicious,A,2015-11-22,40.401785714285715,55.13392857142857,Azadpur,3.698873984838932,4.009765290201083,97.2296460568755,0.0,300.92463041201864,300.9246304120186
producer,Sopore,Delicious,A,2015-11-29,39.955357142857146,51.785714285714285,Azadpur,3.6877627594138613,3.9471143252394163,97.2296460568755,0.0,300.92463041201864,300.9246304120186
producer,Sopore,Delicious,A,2015-12-06,38.169642857142854,51.5625,Azadpur,3.642040510075766,3.9427946640948996,97.2296460568755,0.0,300.92463041201864,300.9246304120186
producer,Sopore,Delicious,A,2015-12-13,41.07142857142857,51.5625,Azadpur,3.715312711182092,3.9427946640948996,97.2296460568755,0.0,300.92463041201864,300.9246304120186
producer,Sopore,Delicious,A,2015-12-20,37.5,51.5625,Azadpur,3.624340932976365,3.9427946640948996,97.2296460568755,0.0,300.92463041201864,300.9246304120186
producer,Sopore,Delicious,A,2015-12-27,37.94642857142857,52.232142857142854,Azadpur,3.636175390623368,3.9556980689308077,97.2296460568755,0.0,300.92463041201864,300.9246304120186
producer,Sopore,Delicious,A,2016-01-03,42.410714285714285,51.607142857142854,Azadpur,3.747401025733592,3.9436600903713286,97.2296460568755,0.0,300.92463041201864,300.9246304120186
producer,Sopore,Delicious,A,2016-01-10,38.169642857142854,53.125,Azadpur,3.642040510075766,3.972647627244581,97.2296460568755,0.0,300.92463041201864,300.9246304120186
producer,Sopore,Delicious,A,2016-01-17,35.267857142857146,49.55357142857143,Azadpur,3.5629719866000733,3.9030543354453857,97.2296460568755,0.0,300.92463041201864,300.9246304120186
producer,Sopore,Delicious,A,2016-01-24,32.36607142857143,55.357142857142854,Azadpur,3.4771106959936806,4.013805699738088,97.2296460568755,0.0,300.92463041201864,300.9246304120186
producer,Sopore,Delicious,A,2016-01-31,32.589285714285715,51.69642857142857,Azadpur,3.4839835752814428,3.9453886992719465,97.2296460568755,0.0,300.92463041201864,300.9246304120186
producer,Sopore,Delicious,A,2016-02-07,34.375,41.07142857142857,Azadpur,3.5373295559867355,3.715312711182092,97.2296460568755,0.0,300.92463041201864,300.9246304120186
producer,Sopore,Delicious,A,2016-02-14,34.375,39.330357142857146,Azadpur,3.5373295559867355,3.6719966670751853,97.2296460568755,0.0,300.92463041201864,300.9246304120186
producer,Sopore,Delicious,A,2016-02-21,34.375,41.517857142857146,Azadpur,3.5373295559867355,3.7261236272863076,97.2296460568755,0.0,300.92463041201864,300.9246304120186
producer,Sopore,Delicious,A,2016-02-28,34.375,38.57142857142857,Azadpur,3.5373295559867355,3.6525118099430616,97.2296460568755,0.0,300.92463041201864,300.9246304120186
producer,Sopore,Delicious,A,2016-09-04,34.375,51.5625,Azadpur,3.5373295559867355,3.9427946640948996,115.52911682517392,-24.39929435773125,343.6233955380483,325.32392476974985
producer,Sopore,Delicious,A,2016-09-11,34.375,54.330357142857146,Azadpur,3.5373295559867355,3.995083134126533,97.2296460568755,-18.29947076829842,343.6233955380483,343.62339553804827
producer,Sopore,Delicious,A,2016-09-18,34.375,51.74107142857143,Azadpur,3.5373295559867355,3.9462518844787575,97.2296460568755,0.0,343.6233955380483,343.62339553804827
producer,Sopore,Delicious,A,2016-09-25,34.375,49.6875,Azadpur,3.5373295559867355,3.905753392414551,97.2296460568755,0.0,343.6233955380483,343.62339553804827
producer,Sopore,Delicious,A,2016-10-02,34.375,37.94642857142857,Azadpur,3.5373295559867355,3.636175390623368,97.2296460568755,0.0,343.6233955380483,343.62339553804827
producer,Sopore,Delicious,A,2016-10-09,34.375,38.57142857142857,Azadpur,3.5373295559867355,3.6525118099430616,97.2296460568755,0.0,343.6233955380483,343.62339553804827
producer,Sopore,Delicious,A,2016-10-16,34.375,45.9375,Azadpur,3.5373295559867355,3.8272817769730554,97.2296460568755,0.0,343.6233955380483,343.62339553804827
producer,Sopore,Delicious,A,2016-10-23,34.375,45.892857142857146,Azadpur,3.5373295559867355,3.8263094871541163,97.2296460568755,0.0,343.6233955380483,343.62339553804827
producer,Sopore,Delicious,A,2016-10-30,34.375,46.25,Azadpur,3.5373295559867355,3.834061463958434,97.2296460568755,0.0,343.6233955380483,343.62339553804827
producer,Sopore,Delicious,A,2016-11-06,34.375,45.044642857142854,Azadpur,3.5373295559867355,3.807654061492615,97.2296460568755,0.0,343.6233955380483,343.62339553804827
producer,Sopore,Delicious,A,2016-11-13,34.375,45.625,Azadpur,3.5373295559867355,3.8204558119026557,97.2296460568755,0.0,343.6233955380483,343.62339553804827
producer,Sopore,Delicious,A,2016-11-20,34.375,44.330357142857146,Azadpur,3.5373295559867355,3.7916697051841783,97.2296460568755,0.0,343.6233955380483,343.62339553804827
producer,Sopore,Delicious,A,2016-11-27,34.375,46.205357142857146,Azadpur,3.5373295559867355,3.833095746838475,97.2296460568755,0.0,343.6233955380483,343.62339553804827
producer,Sopore,Delicious,A,2016-12-04,34.375,50.0,Azadpur,3.5373295559867355,3.912023005428146,97.2296460568755,0.0,343.6233955380483,343.62339553804827
producer,Sopore,Delicious,A,2016-12-11,34.375,50.3125,Azadpur,3.5373295559867355,3.918253555178782,97.2296460568755,0.0,343.6233955380483,343.62339553804827
producer,Sopore,Delicious,A,2016-12-18,34.375,50.3125,Azadpur,3.5373295559867355,3.918253555178782,97.2296460568755,0.0,343.6233955380483,343.62339553804827
producer,Sopore,Delicious,A,2016-12-25,34.375,53.080357142857146,Azadpur,3.5373295559867355,3.9718069378297876,97.2296460568755,0.0,343.6233955380483,343.62339553804827
producer,Sopore,Delicious,A,2017-01-01,34.375,60.0,Azadpur,3.5373295559867355,4.0943445622221,102.31283238140284,5.083186324527347,348.70658186257566,343.62339553804827
producer,Sopore,Delicious,A,2017-01-08,34.375,60.0,Azadpur,3.5373295559867355,4.0943445622221,132.8119503285669,30.499117947164052,379.2056998097397,343.62339553804827
producer,Sopore,Delicious,A,2017-01-15,34.375,60.0,Azadpur,3.5373295559867355,4.0943445622221,107.39601870593016,-25.415931622636734,379.2056998097397,369.039327160685
producer,Sopore,Delicious,A,2017-01-22,34.375,60.0,Azadpur,3.5373295559867355,4.0943445622221,97.2296460568755,-10.166372649054665,379.2056998097397,379.20569980973966
producer,Sopore,Delicious,A,2017-01-29,34.375,60.0,Azadpur,3.5373295559867355,4.0943445622221,97.2296460568755,0.0,379.2056998097397,379.20569980973966
producer,Sopore,Delicious,A,2017-02-05,34.375,60.0,Azadpur,3.5373295559867355,4.0943445622221,97.2296460568755,0.0,379.2056998097397,379.20569980973966
producer,Sopore,Delicious,A,2017-02-12,34.375,59.464285714285715,Azadpur,3.5373295559867355,4.08537589223934,97.2296460568755,0.0,379.2056998097397,379.20569980973966
producer,Sopore,Delicious,A,2017-02-19,34.375,58.125,Azadpur,3.5373295559867355,4.062595863907521,97.2296460568755,0.0,379.2056998097397,379.20569980973966
producer,Sopore,Delicious,A,2017-02-26,34.375,58.125,Azadpur,3.5373295559867355,4.062595863907521,97.2296460568755,0.0,379.2056998097397,379.20569980973966
producer,Sopore,Delicious,A,2017-03-05,34.375,53.61607142857143,Azadpur,3.5373295559867355,3.9818488632189895,97.2296460568755,0.0,379.2056998097397,379.20569980973966
producer,Sopore,Delicious,A,2017-09-03,47.098214285714285,46.875,Azadpur,3.8522350870491726,3.847484484290575,97.2296460568755,0.0,388.3554351938889,388.35543519388887
producer,Sopore,Delicious,A,2017-09-10,49.55357142857143,46.875,Azadpur,3.9030543354453857,3.847484484290575,97.2296460568755,0.0,388.3554351938889,388.35543519388887
producer,Sopore,Delicious,A,2017-09-17,48.125,46.875,Azadpur,3.8738017926079484,3.847484484290575,97.2296460568755,0.0,388.3554351938889,388.35543519388887
producer,Sopore,Delicious,A,2017-09-24,46.205357142857146,46.875,Azadpur,3.833095746838475,3.847484484290575,97.2296460568755,0.0,388.3554351938889,388.35543519388887
producer,Sopore,Delicious,A,2017-10-01,40.580357142857146,46.875,Azadpur,3.7032841353164847,3.847484484290575,97.2296460568755,0.0,388.3554351938889,388.35543519388887
producer,Sopore,Delicious,A,2017-10-08,38.392857142857146,46.875,Azadpur,3.647871430386559,3.847484484290575,97.2296460568755,0.0,388.3554351938889,388.35543519388887
producer,Sopore,Delicious,A,2017-10-15,37.94642857142857,49.107142857142854,Azadpur,3.636175390623368,3.8940044999254675,97.2296460568755,0.0,388.3554351938889,388.35543519388887
producer,Sopore,Delicious,A,2017-10-22,37.94642857142857,50.0,Azadpur,3.636175390623368,3.912023005428146,97.2296460568755,0.0,388.3554351938889,388.35543519388887
producer,Sopore,Delicious,A,2017-10-29,38.61607142857143,50.0,Azadpur,3.6536685480708853,3.912023005428146,97.2296460568755,0.0,388.3554351938889,388.35543519388887
producer,Sopore,Delicious,A,2017-11-05,38.61607142857143,50.0,Azadpur,3.6536685480708853,3.912023005428146,97.2296460568755,0.0,388.3554351938889,388.35543519388887
producer,Sopore,Delicious,A,2017-11-12,38.61607142857143,50.0,Azadpur,3.6536685480708853,3.912023005428146,97.2296460568755,0.0,388.3554351938889,388.35543519388887
producer,Sopore,Delicious,A,2017-11-19,38.61607142857143,50.0,Azadpur,3.6536685480708853,3.912023005428146,97.2296460568755,0.0,388.3554351938889,388.35543519388887
producer,Sopore,Delicious,A,2017-11-26,38.839285714285715,50.0,Azadpur,3.659432252787635,3.912023005428146,97.2296460568755,0.0,388.3554351938889,388.35543519388887
producer,Sopore,Delicious,A,2017-12-03,38.61607142857143,50.0,Azadpur,3.6536685480708853,3.912023005428146,97.2296460568755,0.0,388.3554351938889,388.35543519388887
producer,Sopore,Delicious,A,2017-12-10,38.61607142857143,50.892857142857146,Azadpur,3.6536685480708853,3.929722582527547,97.2296460568755,0.0,388.3554351938889,388.35543519388887
producer,Sopore,Delicious,A,2017-12-17,38.839285714285715,52.901785714285715,Azadpur,3.659432252787635,3.9684370947082375,97.2296460568755,0.0,388.3554351938889,388.35543519388887
producer,Sopore,Delicious,A,2017-12-24,38.839285714285715,51.5625,Azadpur,3.659432252787635,3.9427946640948996,97.2296460568755,0.0,388.3554351938889,388.35543519388887
producer,Sopore,Delicious,A,2017-12-31,38.61607142857143,47.32142857142857,Azadpur,3.6536685480708853,3.8569632282451187,97.2296460568755,0.0,388.3554351938889,388.35543519388887
producer,Sopore,Delicious,A,2018-01-07,38.839285714285715,43.973214285714285,Azadpur,3.659432252787635,3.783580682311095,97.2296460568755,0.0,388.3554351938889,388.35543519388887
producer,Sopore,Delicious,A,2018-01-14,38.61607142857143,41.294642857142854,Azadpur,3.6536685480708853,3.720732778651431,132.8119503285669,35.5823042716914,423.9377394655803,388.35543519388887
producer,Sopore,Delicious,A,2018-01-21,38.839285714285715,42.1875,Azadpur,3.659432252787635,3.7421239686327485,102.31283238140284,-30.499117947164052,423.9377394655803,418.8545531410529
producer,Sopore,Delicious,A,2018-01-28,38.839285714285715,40.848214285714285,Azadpur,3.659432252787635,3.7098631064145273,97.2296460568755,-5.083186324527347,423.9377394655803,423.93773946558025
producer,Sopore,Delicious,A,2018-02-04,38.61607142857143,40.625,Azadpur,3.6536685480708853,3.7043836406499016,97.2296460568755,0.0,423.9377394655803,423.93773946558025
producer,Sopore,Delicious,A,2018-02-11,38.839285714285715,40.625,Azadpur,3.659432252787635,3.7043836406499016,97.2296460568755,0.0,423.9377394655803,423.93773946558025
producer,Sopore,Delicious,A,2018-02-18,38.61607142857143,40.625,Azadpur,3.6536685480708853,3.7043836406499016,97.2296460568755,0.0,423.9377394655803,423.93773946558025
producer,Sopore,Delicious,A,2018-02-25,38.839285714285715,40.625,Azadpur,3.659432252787635,3.7043836406499016,97.2296460568755,0.0,423.9377394655803,423.93773946558025
producer,Sopore,Delicious,A,2018-03-04,38.541666666666664,40.625,Azadpur,3.6517399071644796,3.7043836406499016,97.2296460568755,0.0,423.9377394655803,423.93773946558025
producer,Sopore,Delicious,A,2018-09-02,38.839285714285715,53.125,Azadpur,3.659432252787635,3.972647627244581,97.2296460568755,0.0,454.43685741274436,454.4368574127443
producer,Sopore,Delicious,A,2018-09-09,38.839285714285715,53.125,Azadpur,3.659432252787635,3.972647627244581,97.2296460568755,0.0,454.43685741274436,454.4368574127443
producer,Sopore,Delicious,A,2018-09-16,38.61607142857143,53.125,Azadpur,3.6536685480708853,3.972647627244581,97.2296460568755,0.0,454.43685741274436,454.4368574127443
producer,Sopore,Delicious,A,2018-09-23,38.839285714285715,53.125,Azadpur,3.659432252787635,3.972647627244581,97.2296460568755,0.0,454.43685741274436,454.4368574127443
producer,Sopore,Delicious,A,2018-09-30,38.61607142857143,59.375,Azadpur,3.6536685480708853,4.083873262354805,97.2296460568755,0.0,454.43685741274436,454.4368574127443
producer,Sopore,Delicious,A,2018-10-07,38.839285714285715,62.05357142857143,Azadpur,3.659432252787635,4.127998067263744,97.2296460568755,0.0,454.43685741274436,454.4368574127443
producer,Sopore,Delicious,A,2018-10-14,41.07142857142857,63.839285714285715,Azadpur,3.715312711182092,4.156368764392959,97.2296460568755,0.0,454.43685741274436,454.4368574127443
producer,Sopore,Delicious,A,2018-10-21,45.089285714285715,65.625,Azadpur,3.808644650974311,4.183956720911787,97.2296460568755,0.0,454.43685741274436,454.4368574127443
producer,Sopore,Delicious,A,2018-10-28,44.19642857142857,62.05357142857143,Azadpur,3.7886439842676416,4.127998067263744,97.2296460568755,0.0,454.43685741274436,454.4368574127443
producer,Sopore,Delicious,A,2018-11-04,44.19642857142857,63.839285714285715,Azadpur,3.7886439842676416,4.156368764392959,97.2296460568755,0.0,454.43685741274436,454.4368574127443
producer,Sopore,Delicious,A,2018-11-11,38.839285714285715,50.44642857142857,Azadpur,3.659432252787635,3.920911952845392,97.2296460568755,0.0,454.43685741274436,454.4368574127443
producer,Sopore,Delicious,A,2018-11-18,40.625,49.55357142857143,Azadpur,3.7043836406499016,3.9030543354453857,97.2296460568755,0.0,454.43685741274436,454.4368574127443
producer,Sopore,Delicious,A,2018-11-25,40.625,49.107142857142854,Azadpur,3.7043836406499016,3.8940044999254675,97.2296460568755,0.0,454.43685741274436,454.4368574127443
producer,Sopore,Delicious,A,2018-12-02,40.625,51.785714285714285,Azadpur,3.7043836406499016,3.9471143252394163,97.2296460568755,0.0,454.43685741274436,454.4368574127443
producer,Sopore,Delicious,A,2018-12-09,36.160714285714285,48.035714285714285,Azadpur,3.58797328880549,3.8719447818607353,97.2296460568755,0.0,454.43685741274436,454.4368574127443
producer,Sopore,Delicious,A,2018-12-16,35.714285714285715,46.785714285714285,Azadpur,3.575550768806933,3.8455779060199933,97.2296460568755,0.0,454.43685741274436,454.4368574127443
producer,Sopore,Delicious,A,2018-12-23,34.375,46.42857142857143,Azadpur,3.5373295559867355,3.8379150332744243,97.2296460568755,0.0,454.43685741274436,454.4368574127443
producer,Sopore,Delicious,A,2018-12-30,34.375,44.642857142857146,Azadpur,3.5373295559867355,3.798694320121143,97.2296460568755,0.0,454.43685741274436,454.4368574127443
producer,Sopore,Delicious,A,2019-01-06,56.339285714285715,47.32142857142857,Azadpur,4.0313920842401645,3.8569632282451187,97.2296460568755,0.0,454.43685741274436,454.4368574127443
producer,Sopore,Delicious,A,2019-01-13,60.0,50.0,Azadpur,4.0943445622221,3.912023005428146,97.2296460568755,0.0,454.43685741274436,454.4368574127443
producer,Sopore,Delicious,A,2019-01-20,60.0,50.0,Azadpur,4.0943445622221,3.912023005428146,97.2296460568755,0.0,454.43685741274436,454.4368574127443
producer,Sopore,Delicious,A,2019-01-27,60.0,49.330357142857146,Azadpur,4.0943445622221,3.898539655090859,97.2296460568755,0.0,454.43685741274436,454.4368574127443
producer,Sopore,Delicious,A,2019-02-03,60.0,51.339285714285715,Azadpur,4.0943445622221,3.9384562624963015,97.2296460568755,0.0,454.43685741274436,454.4368574127443
producer,Sopore,Delicious,A,2019-02-10,60.0,49.55357142857143,Azadpur,4.0943445622221,3.9030543354453857,97.2296460568755,0.0,454.43685741274436,454.4368574127443
producer,Sopore,Delicious,A,2019-02-17,60.0,52.00892857142857,Azadpur,4.0943445622221,3.9514154071388066,117.56239135498484,20.332745298109344,474.7696027108537,454.4368574127443
producer,Sopore,Delicious,A,2019-02-24,60.0,49.55357142857143,Azadpur,4.0943445622221,3.9030543354453857,112.47920503045752,-5.083186324527318,474.7696027108537,459.52004373727164
producer,Sopore,Delicious,A,2019-03-03,60.0,52.67857142857143,Azadpur,4.0943445622221,3.9642087585987165,97.2296460568755,-15.249558973582026,474.7696027108537,474.76960271085363
producer,Sopore,Delicious,A,2019-09-01,60.0,46.875,Azadpur,4.0943445622221,3.847484484290575,139.92841118290517,0.0,517.4683678368833,474.76960271085363
producer,Sopore,Delicious,A,2019-09-08,60.0,46.875,Azadpur,4.0943445622221,3.847484484290575,139.92841118290517,0.0,517.4683678368833,474.76960271085363
producer,Sopore,Delicious,A,2019-09-15,60.0,46.875,Azadpur,4.0943445622221,3.847484484290575,139.92841118290517,0.0,517.4683678368833,474.76960271085363
producer,Sopore,Delicious,A,2019-09-22,60.0,46.875,Azadpur,4.0943445622221,3.847484484290575,139.92841118290517,0.0,517.4683678368833,474.76960271085363
producer,Sopore,Delicious,A,2019-09-29,60.0,59.375,Azadpur,4.0943445622221,4.083873262354805,139.92841118290517,0.0,517.4683678368833,474.76960271085363
producer,Sopore,Delicious,A,2019-10-06,60.0,59.375,Azadpur,4.0943445622221,4.083873262354805,103.32946964630833,-36.59894153659684,517.4683678368833,511.3685442474505
producer,Sopore,Delicious,A,2019-10-13,60.0,59.375,Azadpur,4.0943445622221,4.083873262354805,97.2296460568755,-6.09982358943283,517.4683678368833,517.4683678368833
producer,Sopore,Delicious,A,2019-10-20,60.0,59.375,Azadpur,4.0943445622221,4.083873262354805,97.2296460568755,0.0,517.4683678368833,517.4683678368833
producer,Sopore,Delicious,A,2019-10-27,60.0,59.375,Azadpur,4.0943445622221,4.083873262354805,97.2296460568755,0.0,517.4683678368833,517.4683678368833
producer,Sopore,Delicious,A,2019-11-03,60.0,59.375,Azadpur,4.0943445622221,4.083873262354805,97.2296460568755,0.0,517.4683678368833,517.4683678368833
producer,Sopore,Delicious,A,2019-11-10,60.0,59.375,Azadpur,4.0943445622221,4.083873262354805,97.2296460568755,0.0,517.4683678368833,517.4683678368833
producer,Sopore,Delicious,A,2019-11-17,60.0,59.375,Azadpur,4.0943445622221,4.083873262354805,97.2296460568755,0.0,517.4683678368833,517.4683678368833
producer,Sopore,Delicious,A,2019-11-24,60.0,59.375,Azadpur,4.0943445622221,4.083873262354805,97.2296460568755,0.0,517.4683678368833,517.4683678368833
producer,Sopore,Delicious,A,2019-12-01,60.0,59.375,Azadpur,4.0943445622221,4.083873262354805,97.2296460568755,0.0,517.4683678368833,517.4683678368833
producer,Sopore,Delicious,A,2019-12-08,60.0,60.267857142857146,Azadpur,4.0943445622221,4.098798912571481,97.2296460568755,0.0,517.4683678368833,517.4683678368833
producer,Sopore,Delicious,A,2019-12-15,60.0,68.30357142857143,Azadpur,4.0943445622221,4.223962055525487,97.2296460568755,0.0,517.4683678368833,517.4683678368833
producer,Sopore,Delicious,A,2019-12-22,60.0,65.625,Azadpur,4.0943445622221,4.183956720911787,97.2296460568755,0.0,517.4683678368833,517.4683678368833
producer,Sopore,Delicious,A,2019-12-29,60.0,65.17857142857143,Azadpur,4.0943445622221,4.177130755841388,97.2296460568755,0.0,517.4683678368833,517.4683678368833
producer,Sopore,Delicious,A,2020-01-05,60.0,53.57142857142857,Azadpur,4.0943445622221,3.9810158769150976,97.2296460568755,0.0,517.4683678368833,517.4683678368833
producer,Sopore,Delicious,A,2020-01-12,60.0,53.125,Azadpur,4.0943445622221,3.972647627244581,112.47920503045752,15.249558973582026,532.7179268104653,517.4683678368833
producer,Sopore,Delicious,A,2020-01-19,60.0,50.0,Azadpur,4.0943445622221,3.912023005428146,132.8119503285669,20.332745298109373,553.0506721085746,517.4683678368833
producer,Sopore,Delicious,A,2020-01-26,60.0,57.142857142857146,Azadpur,4.0943445622221,4.045554398052669,102.31283238140284,-30.499117947164052,553.0506721085746,547.9674857840473
producer,Sopore,Delicious,A,2020-02-02,60.0,49.107142857142854,Azadpur,4.0943445622221,3.8940044999254675,97.2296460568755,-5.083186324527347,553.0506721085746,553.0506721085746
producer,Sopore,Delicious,A,2020-02-09,60.0,48.88392857142857,Azadpur,4.0943445622221,3.889448683389607,97.2296460568755,0.0,553.0506721085746,553.0506721085746
producer,Sopore,Delicious,A,2020-02-16,60.0,56.25,Azadpur,4.0943445622221,4.029806041084529,97.2296460568755,0.0,553.0506721085746,553.0506721085746
producer,Sopore,Delicious,A,2020-02-23,60.0,64.73214285714286,Azadpur,4.0943445622221,4.170257876553626,97.2296460568755,0.0,553.0506721085746,553.0506721085746
producer,Sopore,Delicious,A,2020-03-01,60.0,58.482142857142854,Azadpur,4.0943445622221,4.068721457334203,97.2296460568755,0.0,553.0506721085746,553.0506721085746
producer,Sopore,Delicious,A,2020-09-06,60.0,68.75,Azadpur,4.0943445622221,4.230476736546681,97.2296460568755,0.0,595.7494372346043,595.7494372346043
producer,Sopore,Delicious,A,2020-09-13,60.0,66.96428571428571,Azadpur,4.0943445622221,4.204159428229307,97.2296460568755,0.0,595.7494372346043,595.7494372346043
producer,Sopore,Delicious,A,2020-09-20,60.0,66.07142857142857,Azadpur,4.0943445622221,4.190736407897167,97.2296460568755,0.0,595.7494372346043,595.7494372346043
producer,Sopore,Delicious,A,2020-09-27,60.0,62.5,Azadpur,4.0943445622221,4.135166556742356,97.2296460568755,0.0,595.7494372346043,595.7494372346043
producer,Sopore,Delicious,A,2020-10-04,60.0,70.53571428571429,Azadpur,4.0943445622221,4.256119167160018,97.2296460568755,0.0,595.7494372346043,595.7494372346043
producer,Sopore,Delicious,A,2020-10-11,60.0,63.392857142857146,Azadpur,4.0943445622221,4.149351191734312,97.2296460568755,0.0,595.7494372346043,595.7494372346043
producer,Sopore,Delicious,A,2020-10-18,60.0,70.53571428571429,Azadpur,4.0943445622221,4.256119167160018,97.2296460568755,0.0,595.7494372346043,595.7494372346043
producer,Sopore,Delicious,A,2020-10-25,60.0,73.21428571428571,Azadpur,4.0943445622221,4.29339056195725,97.2296460568755,0.0,595.7494372346043,595.7494372346043
producer,Sopore,Delicious,A,2020-11-01,52.36607142857143,68.30357142857143,Azadpur,3.9582588897924813,4.223962055525487,97.2296460568755,0.0,595.7494372346043,595.7494372346043
producer,Sopore,Delicious,A,2020-11-08,46.651785714285715,68.75,Azadpur,3.8427112055379173,4.230476736546681,97.2296460568755,0.0,595.7494372346043,595.7494372346043
producer,Sopore,Delicious,A,2020-11-15,50.0,75.0,Azadpur,3.912023005428146,4.31748811353631,97.2296460568755,0.0,595.7494372346043,595.7494372346043
producer,Sopore,Delicious,A,2020-11-22,51.339285714285715,71.42857142857143,Azadpur,3.9384562624963015,4.268697949366879,97.2296460568755,0.0,595.7494372346043,595.7494372346043
producer,Sopore,Delicious,A,2020-11-29,54.017857142857146,66.96428571428571,Azadpur,3.9893146797297927,4.204159428229307,97.2296460568755,0.0,595.7494372346043,595.7494372346043
producer,Sopore,Delicious,A,2020-12-06,56.25,66.07142857142857,Azadpur,4.029806041084529,4.190736407897167,97.2296460568755,0.0,595.7494372346043,595.7494372346043
producer,Sopore,Delicious,A,2020-12-13,56.69642857142857,66.07142857142857,Azadpur,4.037711220591643,4.190736407897167,97.2296460568755,0.0,595.7494372346043,595.7494372346043
producer,Sopore,Delicious,A,2020-12-20,58.482142857142854,69.64285714285714,Azadpur,4.068721457334203,4.2433801413825885,97.2296460568755,0.0,595.7494372346043,595.7494372346043
producer,Sopore,Delicious,A,2020-12-27,58.482142857142854,68.75,Azadpur,4.068721457334203,4.230476736546681,97.2296460568755,0.0,595.7494372346043,595.7494372346043
producer,Sopore,Delicious,A,2021-01-03,57.36607142857143,72.32142857142857,Azadpur,4.049453038468326,4.281120469365436,102.31283238140284,5.083186324527347,600.8326235591317,595.7494372346043
producer,Sopore,Delicious,A,2021-01-10,60.714285714285715,75.0,Azadpur,4.106179019869104,4.31748811353631,132.8119503285669,30.499117947164052,631.3317415062957,595.7494372346043
producer,Sopore,Delicious,A,2021-01-17,56.69642857142857,75.0,Azadpur,4.037711220591643,4.31748811353631,97.2296460568755,-35.5823042716914,631.3317415062957,631.3317415062958
producer,Sopore,Delicious,A,2021-01-24,56.25,75.0,Azadpur,4.029806041084529,4.31748811353631,97.2296460568755,0.0,631.3317415062957,631.3317415062958
producer,Sopore,Delicious,A,2021-01-31,61.607142857142854,75.0,Azadpur,4.120777819290256,4.31748811353631,97.2296460568755,0.0,631.3317415062957,631.3317415062958
producer,Sopore,Delicious,A,2021-02-07,59.82142857142857,75.0,Azadpur,4.0913639340839625,4.31748811353631,102.31283238140284,5.083186324527347,636.414927830823,631.3317415062958
producer,Sopore,Delicious,A,2021-02-14,60.267857142857146,75.0,Azadpur,4.098798912571481,4.31748811353631,112.47920503045752,10.16637264905468,646.5813004798777,631.3317415062958
producer,Sopore,Delicious,A,2021-02-21,59.375,75.0,Azadpur,4.083873262354805,4.31748811353631,97.2296460568755,-15.249558973582026,646.5813004798777,646.5813004798778
producer,Sopore,Delicious,A,2021-02-28,60.267857142857146,75.0,Azadpur,4.098798912571481,4.31748811353631,97.2296460568755,0.0,646.5813004798777,646.5813004798778
producer,Sopore,Delicious,A,2022-09-04,35.267857142857146,43.75,Azadpur,3.5629719866000733,3.7784916128036232,97.2296460568755,0.0,701.479712784773,701.479712784773
producer,Sopore,Delicious,A,2022-09-11,35.267857142857146,43.75,Azadpur,3.5629719866000733,3.7784916128036232,97.2296460568755,0.0,701.479712784773,701.479712784773
producer,Sopore,Delicious,A,2022-09-18,35.267857142857146,42.410714285714285,Azadpur,3.5629719866000733,3.747401025733592,97.2296460568755,0.0,701.479712784773,701.479712784773
producer,Sopore,Delicious,A,2022-09-25,33.482142857142854,39.464285714285715,Azadpur,3.511012247669362,3.675396103776649,97.2296460568755,0.0,701.479712784773,701.479712784773
producer,Sopore,Delicious,A,2022-10-02,32.589285714285715,50.44642857142857,Azadpur,3.4839835752814428,3.920911952845392,97.2296460568755,0.0,701.479712784773,701.479712784773
producer,Sopore,Delicious,A,2022-10-09,34.151785714285715,49.55357142857143,Azadpur,3.5308148749655417,3.9030543354453857,97.2296460568755,0.0,701.479712784773,701.479712784773
producer,Sopore,Delicious,A,2022-10-16,33.482142857142854,54.017857142857146,Azadpur,3.511012247669362,3.9893146797297927,97.2296460568755,0.0,701.479712784773,701.479712784773
producer,Sopore,Delicious,A,2022-10-23,31.25,46.875,Azadpur,3.4420193761824107,3.847484484290575,97.2296460568755,0.0,701.479712784773,701.479712784773
producer,Sopore,Delicious,A,2022-10-30,32.142857142857146,48.660714285714285,Azadpur,3.470190253149107,3.8848720163621953,97.2296460568755,0.0,701.479712784773,701.479712784773
producer,Sopore,Delicious,A,2022-11-06,28.571428571428573,41.07142857142857,Azadpur,3.3524072174927233,3.715312711182092,97.2296460568755,0.0,701.479712784773,701.479712784773
producer,Sopore,Delicious,A,2022-11-13,27.008928571428573,44.642857142857146,Azadpur,3.2961674991698473,3.798694320121143,97.2296460568755,0.0,701.479712784773,701.479712784773
producer,Sopore,Delicious,A,2022-11-20,29.910714285714285,46.42857142857143,Azadpur,3.3982167535240175,3.8379150332744243,97.2296460568755,0.0,701.479712784773,701.479712784773
producer,Sopore,Delicious,A,2022-11-27,26.116071428571427,45.75892857142857,Azadpur,3.2625508883708623,3.8233869327115144,97.2296460568755,0.0,701.479712784773,701.479712784773
producer,Sopore,Delicious,A,2022-12-04,25.669642857142858,41.74107142857143,Azadpur,3.245309081936356,3.731485570427693,97.2296460568755,0.0,701.479712784773,701.479712784773
producer,Sopore,Delicious,A,2022-12-11,28.125,37.5,Azadpur,3.3366588605245844,3.624340932976365,97.2296460568755,0.0,701.479712784773,701.479712784773
producer,Sopore,Delicious,A,2022-12-18,29.464285714285715,37.5,Azadpur,3.383178876159477,3.624340932976365,97.2296460568755,0.0,701.479712784773,701.479712784773
producer,Sopore,Delicious,A,2022-12-25,32.03125,37.5,Azadpur,3.466711988772782,3.624340932976365,97.2296460568755,0.0,701.479712784773,701.479712784773
producer,Sopore,Delicious,A,2023-01-01,34.598214285714285,37.5,Azadpur,3.5438020704923527,3.624340932976365,97.2296460568755,0.0,701.479712784773,701.479712784773
producer,Sopore,Delicious,A,2023-01-08,37.94642857142857,37.5,Azadpur,3.636175390623368,3.624340932976365,97.2296460568755,0.0,701.479712784773,701.479712784773
producer,Sopore,Delicious,A,2023-01-15,41.74107142857143,34.375,Azadpur,3.731485570427693,3.5373295559867355,127.72876400403956,30.499117947164066,731.9788307319371,701.479712784773
producer,Sopore,Delicious,A,2023-01-22,49.330357142857146,48.214285714285715,Azadpur,3.898539655090859,3.8756553612572713,112.47920503045752,-15.24955897358204,731.9788307319371,716.729271758355
producer,Sopore,Delicious,A,2023-01-29,52.232142857142854,51.339285714285715,Azadpur,3.9556980689308077,3.9384562624963015,97.2296460568755,-15.249558973582026,731.9788307319371,731.978830731937
producer,Sopore,Delicious,A,2023-02-05,49.129464285714285,43.75,Azadpur,3.8944589421055222,3.7784916128036232,121.62894041460672,24.399294357731222,756.3781250896684,731.978830731937
producer,Sopore,Delicious,A,2023-02-12,52.232142857142854,54.464285714285715,Azadpur,3.9556980689308077,3.997545178866308,97.2296460568755,-24.399294357731222,756.3781250896684,756.3781250896683
producer,Sopore,Delicious,A,2023-02-19,58.482142857142854,59.375,Azadpur,4.068721457334203,4.083873262354805,97.2296460568755,0.0,756.3781250896684,756.3781250896683
producer,Sopore,Delicious,A,2023-02-26,58.035714285714285,59.375,Azadpur,4.061058584588634,4.083873262354805,97.2296460568755,0.0,756.3781250896684,756.3781250896683
producer,Sopore,Delicious,A,2023-03-05,62.5,60.267857142857146,Azadpur,4.135166556742356,4.098798912571481,97.2296460568755,0.0,756.3781250896684,756.3781250896683
producer,Sopore,Delicious,A,2023-09-03,60.714285714285715,68.75,Azadpur,4.106179019869104,4.230476736546681,97.2296460568755,0.0,776.7108703877777,776.7108703877776
producer,Sopore,Delicious,A,2023-09-10,56.25,68.75,Azadpur,4.029806041084529,4.230476736546681,97.2296460568755,0.0,776.7108703877777,776.7108703877776
producer,Sopore,Delicious,A,2023-09-17,58.92857142857143,64.28571428571429,Azadpur,4.076326056719423,4.163337433709052,97.2296460568755,0.0,776.7108703877777,776.7108703877776
producer,Sopore,Delicious,A,2023-09-24,61.607142857142854,65.625,Azadpur,4.120777819290256,4.183956720911787,97.2296460568755,0.0,776.7108703877777,776.7108703877776
producer,Sopore,Delicious,A,2023-10-01,73.66071428571429,65.625,Azadpur,4.2994696080336325,4.183956720911787,97.2296460568755,0.0,776.7108703877777,776.7108703877776
producer,Sopore,Delicious,A,2023-10-08,62.5,65.625,Azadpur,4.135166556742356,4.183956720911787,97.2296460568755,0.0,776.7108703877777,776.7108703877776
producer,Sopore,Delicious,A,2023-10-15,59.82142857142857,65.625,Azadpur,4.0913639340839625,4.183956720911787,97.2296460568755,0.0,776.7108703877777,776.7108703877776
producer,Sopore,Delicious,A,2023-10-22,55.80357142857143,65.625,Azadpur,4.021837871435353,4.183956720911787,97.2296460568755,0.0,776.7108703877777,776.7108703877776
producer,Sopore,Delicious,A,2023-10-29,53.125,65.625,Azadpur,3.972647627244581,4.183956720911787,97.2296460568755,0.0,776.7108703877777,776.7108703877776
producer,Sopore,Delicious,A,2023-11-05,48.214285714285715,76.78571428571429,Azadpur,3.8756553612572713,4.341018610946505,97.2296460568755,0.0,776.7108703877777,776.7108703877776
producer,Sopore,Delicious,A,2023-11-12,50.44642857142857,81.25,Azadpur,3.920911952845392,4.3975308212098465,97.2296460568755,0.0,776.7108703877777,776.7108703877776
producer,Sopore,Delicious,A,2023-11-19,52.901785714285715,81.25,Azadpur,3.9684370947082375,4.3975308212098465,97.2296460568755,0.0,776.7108703877777,776.7108703877776
producer,Sopore,Delicious,A,2023-11-26,49.55357142857143,80.35714285714286,Azadpur,3.9030543354453857,4.386480985023262,97.2296460568755,0.0,776.7108703877777,776.7108703877776
producer,Sopore,Delicious,A,2023-12-03,51.339285714285715,77.23214285714286,Azadpur,3.9384562624963015,4.346815728630831,97.2296460568755,0.0,776.7108703877777,776.7108703877776
producer,Sopore,Delicious,A,2023-12-10,56.69642857142857,72.76785714285714,Azadpur,4.037711220591643,4.287274334939814,97.2296460568755,0.0,776.7108703877777,776.7108703877776
producer,Sopore,Delicious,A,2023-12-17,59.375,75.44642857142857,Azadpur,4.083873262354805,4.323422849056125,97.2296460568755,0.0,776.7108703877777,776.7108703877776
producer,Sopore,Delicious,A,2023-12-24,56.25,76.78571428571429,Azadpur,4.029806041084529,4.341018610946505,97.2296460568755,0.0,776.7108703877777,776.7108703877776
producer,Sopore,Delicious,A,2023-12-31,54.464285714285715,78.125,Azadpur,3.997545178866308,4.358310108056566,97.2296460568755,0.0,776.7108703877777,776.7108703877776
producer,Sopore,Delicious,A,2024-01-07,52.232142857142854,78.125,Azadpur,3.9556980689308077,4.358310108056566,112.47920503045752,15.249558973582026,791.9604293613597,776.7108703877776
producer,Sopore,Delicious,A,2024-01-14,47.767857142857146,78.125,Azadpur,3.8663529685949576,4.358310108056566,122.6455776795122,10.16637264905468,802.1268020104144,776.7108703877776
producer,Sopore,Delicious,A,2024-01-21,43.75,78.125,Azadpur,3.7784916128036232,4.358310108056566,97.2296460568755,-25.415931622636705,802.1268020104144,802.1268020104143
producer,Sopore,Delicious,A,2024-01-28,46.42857142857143,78.125,Azadpur,3.8379150332744243,4.358310108056566,97.2296460568755,0.0,802.1268020104144,802.1268020104143
producer,Sopore,Delicious,A,2024-02-04,45.982142857142854,78.125,Azadpur,3.828253122362687,4.358310108056566,97.2296460568755,0.0,802.1268020104144,802.1268020104143
producer,Sopore,Delicious,A,2024-02-11,47.32142857142857,78.125,Azadpur,3.8569632282451187,4.358310108056566,97.2296460568755,0.0,802.1268020104144,802.1268020104143
producer,Sopore,Delicious,A,2024-02-18,42.857142857142854,78.125,Azadpur,3.7578723256008875,4.358310108056566,97.2296460568755,0.0,802.1268020104144,802.1268020104143
producer,Sopore,Delicious,A,2024-02-25,51.339285714285715,78.125,Azadpur,3.9384562624963015,4.358310108056566,122.6455776795122,25.415931622636705,827.5427336330511,802.1268020104143
producer,Sopore,Delicious,A,2024-03-03,53.125,78.125,Azadpur,3.972647627244581,4.358310108056566,97.2296460568755,-25.415931622636705,827.5427336330511,827.542733633051
producer,Sopore,Delicious,A,2024-09-01,65.625,74.0,Azadpur,4.183956720911787,4.30406509320417,97.2296460568755,0.0,827.5427336330511,827.542733633051
producer,Sopore,Delicious,A,2024-09-08,47.32142857142857,74.0,Azadpur,3.8569632282451187,4.30406509320417,97.2296460568755,0.0,827.5427336330511,827.542733633051
producer,Sopore,Delicious,A,2024-09-15,46.875,78.85714285714286,Azadpur,3.847484484290575,4.367637897221782,97.2296460568755,0.0,827.5427336330511,827.542733633051
producer,Sopore,Delicious,A,2024-09-22,46.875,73.14285714285714,Azadpur,3.847484484290575,4.292414475984194,97.2296460568755,0.0,827.5427336330511,827.542733633051
producer,Sopore,Delicious,A,2024-09-29,45.982142857142854,61.714285714285715,Azadpur,3.828253122362687,4.122515439188797,97.2296460568755,0.0,827.5427336330511,827.542733633051
producer,Sopore,Delicious,A,2024-10-06,44.86607142857143,63.142857142857146,Azadpur,3.803681861632182,4.145399733022385,97.2296460568755,0.0,827.5427336330511,827.542733633051
producer,Sopore,Delicious,A,2024-10-13,44.19642857142857,63.714285714285715,Azadpur,3.7886439842676416,4.154408802964751,97.2296460568755,0.0,827.5427336330511,827.542733633051
producer,Sopore,Delicious,A,2024-10-20,46.42857142857143,65.57142857142857,Azadpur,3.8379150332744243,4.183140061005232,97.2296460568755,0.0,827.5427336330511,827.542733633051
producer,Sopore,Delicious,A,2024-10-27,40.17857142857143,69.71428571428571,Azadpur,3.693333804463317,4.244405256797834,97.2296460568755,0.0,827.5427336330511,827.542733633051
producer,Sopore,Delicious,A,2024-11-03,36.160714285714285,72.0,Azadpur,3.58797328880549,4.276666119016055,97.2296460568755,0.0,827.5427336330511,827.542733633051
producer,Sopore,Delicious,A,2024-11-10,43.30357142857143,73.5,Azadpur,3.768235112636434,4.297285406218791,97.2296460568755,0.0,827.5427336330511,827.542733633051
producer,Sopore,Delicious,A,2024-11-17,48.660714285714285,74.14285714285714,Azadpur,3.8848720163621953,4.305993734110575,97.2296460568755,0.0,827.5427336330511,827.542733633051
producer,Sopore,Delicious,A,2024-11-24,45.982142857142854,71.42857142857143,Azadpur,3.828253122362687,4.268697949366879,97.2296460568755,0.0,827.5427336330511,827.542733633051
producer,Sopore,Delicious,A,2024-12-01,46.42857142857143,71.0,Azadpur,3.8379150332744243,4.2626798770413155,97.2296460568755,0.0,827.5427336330511,827.542733633051
producer,Sopore,Delicious,A,2024-12-08,42.63392857142857,70.35714285714286,Azadpur,3.752650381619736,4.25358431155683,97.2296460568755,0.0,827.5427336330511,827.542733633051
producer,Sopore,Delicious,A,2024-12-15,50.669642857142854,69.85714285714286,Azadpur,3.925326971054509,4.246452340419559,97.2296460568755,0.0,827.5427336330511,827.542733633051
producer,Sopore,Delicious,A,2024-12-22,58.482142857142854,69.64285714285714,Azadpur,4.068721457334203,4.2433801413825885,97.2296460568755,0.0,827.5427336330511,827.542733633051
producer,Sopore,Delicious,A,2024-12-29,61.607142857142854,68.07142857142857,Azadpur,4.120777819290256,4.220557574038944,127.72876400403956,30.499117947164066,858.0418515802152,827.542733633051
producer,Sopore,Delicious,A,2025-01-05,61.160714285714285,68.71428571428571,Azadpur,4.113505059961176,4.229957121050448,127.72876400403956,0.0,858.0418515802152,827.542733633051
producer,Sopore,Delicious,A,2025-01-12,59.82142857142857,68.5,Azadpur,4.0913639340839625,4.22683374526818,122.6455776795122,-5.083186324527361,858.0418515802152,832.6259199575783
producer,Sopore,Delicious,A,2025-01-19,59.82142857142857,68.64285714285714,Azadpur,4.0913639340839625,4.228917079355034,97.2296460568755,-25.415931622636705,858.0418515802152,858.0418515802149
producer,Sopore,Delicious,A,2025-01-26,63.839285714285715,68.28571428571429,Azadpur,4.156368764392959,4.223700583436143,97.2296460568755,0.0,858.0418515802152,858.0418515802149
producer,Sopore,Delicious,A,2025-02-02,64.28571428571429,66.07142857142857,Azadpur,4.163337433709052,4.190736407897167,97.2296460568755,0.0,858.0418515802152,858.0418515802149
producer,Sopore,Delicious,A,2025-02-09,65.625,66.62857142857142,Azadpur,4.183956720911787,4.199133485980969,97.2296460568755,0.0,858.0418515802152,858.0418515802149
producer,Sopore,Delicious,A,2025-02-16,62.94642857142857,66.68571428571428,Azadpur,4.14228402451122,4.199990751357087,109.4292932357411,12.199647178865604,870.2414987590807,858.0418515802149
producer,Sopore,Delicious,A,2025-02-23,61.830357142857146,66.41428571428573,Azadpur,4.1243944597604445,4.195912179641226,109.42929323574111,1.4210854715202004e-14,870.2414987590807,858.0418515802149
producer,Sopore,Delicious,A,2025-03-02,60.9375,67.22857142857143,Azadpur,4.109848748758066,4.208098327237948,97.2296460568755,-12.199647178865618,870.2414987590807,870.2414987590805
producer,Sopore,Delicious,B,2015-09-06,31.25,25.0,Azadpur,3.4420193761824107,3.2188758248682006,97.2296460568755,0.0,300.92463041201864,300.9246304120186
producer,Sopore,Delicious,B,2015-09-13,18.080357142857142,25.0,Azadpur,2.894826108245545,3.2188758248682006,97.2296460568755,0.0,300.92463041201864,300.9246304120186
producer,Sopore,Delicious,B,2015-09-20,17.633928571428573,25.892857142857142,Azadpur,2.869824806040128,3.253967144679471,97.2296460568755,0.0,300.92463041201864,300.9246304120186
producer,Sopore,Delicious,B,2015-09-27,20.758928571428573,31.919642857142858,Azadpur,3.0329764467263622,3.4632215838330134,97.2296460568755,0.0,300.92463041201864,300.9246304120186
producer,Sopore,Delicious,B,2015-10-04,23.4375,35.044642857142854,Azadpur,3.1543373037306295,3.556622758921414,97.2296460568755,0.0,300.92463041201864,300.9246304120186
producer,Sopore,Delicious,B,2015-10-11,24.553571428571427,45.982142857142854,Azadpur,3.2008573193655225,3.828253122362687,97.2296460568755,0.0,300.92463041201864,300.9246304120186
producer,Sopore,Delicious,B,2015-10-18,19.196428571428573,47.098214285714285,Azadpur,2.954724249826614,3.8522350870491726,97.2296460568755,0.0,300.92463041201864,300.9246304120186
producer,Sopore,Delicious,B,2015-10-25,23.4375,40.625,Azadpur,3.1543373037306295,3.7043836406499016,97.2296460568755,0.0,300.92463041201864,300.9246304120186
producer,Sopore,Delicious,B,2015-11-01,21.875,47.098214285714285,Azadpur,3.0853444322436783,3.8522350870491726,97.2296460568755,0.0,300.92463041201864,300.9246304120186
producer,Sopore,Delicious,B,2015-11-08,22.544642857142858,47.32142857142857,Azadpur,3.1154974704143656,3.8569632282451187,97.2296460568755,0.0,300.92463041201864,300.9246304120186
producer,Sopore,Delicious,B,2015-11-15,17.857142857142858,42.410714285714285,Azadpur,2.882403588246988,3.747401025733592,97.2296460568755,0.0,300.92463041201864,300.9246304120186
producer,Sopore,Delicious,B,2015-11-22,18.75,41.74107142857143,Azadpur,2.9311937524164198,3.731485570427693,97.2296460568755,0.0,300.92463041201864,300.9246304120186
producer,Sopore,Delicious,B,2015-11-29,20.535714285714285,41.74107142857143,Azadpur,3.0221655306221464,3.731485570427693,97.2296460568755,0.0,300.92463041201864,300.9246304120186
producer,Sopore,Delicious,B,2015-12-06,18.973214285714285,43.526785714285715,Azadpur,2.9430282100634226,3.773376512136853,97.2296460568755,0.0,300.92463041201864,300.9246304120186
producer,Sopore,Delicious,B,2015-12-13,20.089285714285715,43.75,Azadpur,3.0001866239033714,3.7784916128036232,97.2296460568755,0.0,300.92463041201864,300.9246304120186
producer,Sopore,Delicious,B,2015-12-20,15.178571428571429,43.75,Azadpur,2.719884658749213,3.7784916128036232,97.2296460568755,0.0,300.92463041201864,300.9246304120186
producer,Sopore,Delicious,B,2015-12-27,17.857142857142858,43.75,Azadpur,2.882403588246988,3.7784916128036232,97.2296460568755,0.0,300.92463041201864,300.9246304120186
producer,Sopore,Delicious,B,2016-01-03,20.982142857142858,43.080357142857146,Azadpur,3.0436717358431102,3.763067142477992,97.2296460568755,0.0,300.92463041201864,300.9246304120186
producer,Sopore,Delicious,B,2016-01-10,21.875,43.75,Azadpur,3.0853444322436783,3.7784916128036232,97.2296460568755,0.0,300.92463041201864,300.9246304120186
producer,Sopore,Delicious,B,2016-01-17,21.205357142857142,39.955357142857146,Azadpur,3.054253845173647,3.6877627594138613,97.2296460568755,0.0,300.92463041201864,300.9246304120186
producer,Sopore,Delicious,B,2016-01-24,18.75,42.1875,Azadpur,2.9311937524164198,3.7421239686327485,97.2296460568755,0.0,300.92463041201864,300.9246304120186
producer,Sopore,Delicious,B,2016-01-31,21.428571428571427,40.892857142857146,Azadpur,3.0647251450409425,3.710955405813136,97.2296460568755,0.0,300.92463041201864,300.9246304120186
producer,Sopore,Delicious,B,2016-02-07,21.875,30.446428571428573,Azadpur,3.0853444322436783,3.415968698982468,97.2296460568755,0.0,300.92463041201864,300.9246304120186
producer,Sopore,Delicious,B,2016-02-14,21.875,30.267857142857142,Azadpur,3.0853444322436783,3.4100863290794012,97.2296460568755,0.0,300.92463041201864,300.9246304120186
producer,Sopore,Delicious,B,2016-02-21,21.875,33.125,Azadpur,3.0853444322436783,3.5002882843063863,97.2296460568755,0.0,300.92463041201864,300.9246304120186
producer,Sopore,Delicious,B,2016-02-28,21.875,33.75,Azadpur,3.0853444322436783,3.518980417318539,97.2296460568755,0.0,300.92463041201864,300.9246304120186
producer,Sopore,Delicious,B,2016-09-04,21.875,27.5,Azadpur,3.0853444322436783,3.3141860046725258,115.52911682517392,-24.39929435773125,343.6233955380483,325.32392476974985
producer,Sopore,Delicious,B,2016-09-11,21.875,27.5,Azadpur,3.0853444322436783,3.3141860046725258,97.2296460568755,-18.29947076829842,343.6233955380483,343.62339553804827
producer,Sopore,Delicious,B,2016-09-18,21.875,27.5,Azadpur,3.0853444322436783,3.3141860046725258,97.2296460568755,0.0,343.6233955380483,343.62339553804827
producer,Sopore,Delicious,B,2016-09-25,21.875,27.5,Azadpur,3.0853444322436783,3.3141860046725258,97.2296460568755,0.0,343.6233955380483,343.62339553804827
producer,Sopore,Delicious,B,2016-10-02,21.875,27.5,Azadpur,3.0853444322436783,3.3141860046725258,97.2296460568755,0.0,343.6233955380483,343.62339553804827
producer,Sopore,Delicious,B,2016-10-09,21.875,27.5,Azadpur,3.0853444322436783,3.3141860046725258,97.2296460568755,0.0,343.6233955380483,343.62339553804827
producer,Sopore,Delicious,B,2016-10-16,21.875,27.5,Azadpur,3.0853444322436783,3.3141860046725258,97.2296460568755,0.0,343.6233955380483,343.62339553804827
producer,Sopore,Delicious,B,2016-10-23,21.875,27.5,Azadpur,3.0853444322436783,3.3141860046725258,97.2296460568755,0.0,343.6233955380483,343.62339553804827
producer,Sopore,Delicious,B,2016-10-30,21.875,27.5,Azadpur,3.0853444322436783,3.3141860046725258,97.2296460568755,0.0,343.6233955380483,343.62339553804827
producer,Sopore,Delicious,B,2016-11-06,21.875,27.5,Azadpur,3.0853444322436783,3.3141860046725258,97.2296460568755,0.0,343.6233955380483,343.62339553804827
producer,Sopore,Delicious,B,2016-11-13,21.875,27.5,Azadpur,3.0853444322436783,3.3141860046725258,97.2296460568755,0.0,343.6233955380483,343.62339553804827
producer,Sopore,Delicious,B,2016-11-20,21.875,27.5,Azadpur,3.0853444322436783,3.3141860046725258,97.2296460568755,0.0,343.6233955380483,343.62339553804827
producer,Sopore,Delicious,B,2016-11-27,21.875,27.5,Azadpur,3.0853444322436783,3.3141860046725258,97.2296460568755,0.0,343.6233955380483,343.62339553804827
producer,Sopore,Delicious,B,2016-12-04,21.875,33.92857142857143,Azadpur,3.0853444322436783,3.524257474419383,97.2296460568755,0.0,343.6233955380483,343.62339553804827
producer,Sopore,Delicious,B,2016-12-11,21.875,38.75,Azadpur,3.0853444322436783,3.657130755799356,97.2296460568755,0.0,343.6233955380483,343.62339553804827
producer,Sopore,Delicious,B,2016-12-18,21.875,38.75,Azadpur,3.0853444322436783,3.657130755799356,97.2296460568755,0.0,343.6233955380483,343.62339553804827
producer,Sopore,Delicious,B,2016-12-25,21.875,40.535714285714285,Azadpur,3.0853444322436783,3.702183419740299,97.2296460568755,0.0,343.6233955380483,343.62339553804827
producer,Sopore,Delicious,B,2017-01-01,21.875,45.0,Azadpur,3.0853444322436783,3.8066624897703196,102.31283238140284,5.083186324527347,348.70658186257566,343.62339553804827
producer,Sopore,Delicious,B,2017-01-08,21.875,45.0,Azadpur,3.0853444322436783,3.8066624897703196,132.8119503285669,30.499117947164052,379.2056998097397,343.62339553804827
producer,Sopore,Delicious,B,2017-01-15,21.875,45.0,Azadpur,3.0853444322436783,3.8066624897703196,107.39601870593016,-25.415931622636734,379.2056998097397,369.039327160685
producer,Sopore,Delicious,B,2017-01-22,21.875,45.0,Azadpur,3.0853444322436783,3.8066624897703196,97.2296460568755,-10.166372649054665,379.2056998097397,379.20569980973966
producer,Sopore,Delicious,B,2017-01-29,21.875,45.0,Azadpur,3.0853444322436783,3.8066624897703196,97.2296460568755,0.0,379.2056998097397,379.20569980973966
producer,Sopore,Delicious,B,2017-02-05,21.875,45.0,Azadpur,3.0853444322436783,3.8066624897703196,97.2296460568755,0.0,379.2056998097397,379.20569980973966
producer,Sopore,Delicious,B,2017-02-12,21.875,44.285714285714285,Azadpur,3.0853444322436783,3.7906621484238787,97.2296460568755,0.0,379.2056998097397,379.20569980973966
producer,Sopore,Delicious,B,2017-02-19,21.875,42.5,Azadpur,3.0853444322436783,3.7495040759303713,97.2296460568755,0.0,379.2056998097397,379.20569980973966
producer,Sopore,Delicious,B,2017-02-26,21.875,42.5,Azadpur,3.0853444322436783,3.7495040759303713,97.2296460568755,0.0,379.2056998097397,379.20569980973966
producer,Sopore,Delicious,B,2017-03-05,21.875,39.732142857142854,Azadpur,3.0853444322436783,3.6821605038651914,97.2296460568755,0.0,379.2056998097397,379.20569980973966
producer,Sopore,Delicious,B,2017-09-03,22.991071428571427,31.25,Azadpur,3.135105941802742,3.4420193761824107,97.2296460568755,0.0,388.3554351938889,388.35543519388887
producer,Sopore,Delicious,B,2017-09-10,24.642857142857142,31.25,Azadpur,3.2044870874161013,3.4420193761824107,97.2296460568755,0.0,388.3554351938889,388.35543519388887
producer,Sopore,Delicious,B,2017-09-17,24.107142857142858,31.25,Azadpur,3.182508180697326,3.4420193761824107,97.2296460568755,0.0,388.3554351938889,388.35543519388887
producer,Sopore,Delicious,B,2017-09-24,21.651785714285715,31.25,Azadpur,3.0750879320764892,3.4420193761824107,97.2296460568755,0.0,388.3554351938889,388.35543519388887
producer,Sopore,Delicious,B,2017-10-01,19.866071428571427,31.25,Azadpur,2.989013323305246,3.4420193761824107,97.2296460568755,0.0,388.3554351938889,388.35543519388887
producer,Sopore,Delicious,B,2017-10-08,19.866071428571427,31.25,Azadpur,2.989013323305246,3.4420193761824107,97.2296460568755,0.0,388.3554351938889,388.35543519388887
producer,Sopore,Delicious,B,2017-10-15,20.982142857142858,35.714285714285715,Azadpur,3.0436717358431102,3.575550768806933,97.2296460568755,0.0,388.3554351938889,388.35543519388887
producer,Sopore,Delicious,B,2017-10-22,21.428571428571427,37.5,Azadpur,3.0647251450409425,3.624340932976365,97.2296460568755,0.0,388.3554351938889,388.35543519388887
producer,Sopore,Delicious,B,2017-10-29,21.875,37.5,Azadpur,3.0853444322436783,3.624340932976365,97.2296460568755,0.0,388.3554351938889,388.35543519388887
producer,Sopore,Delicious,B,2017-11-05,21.875,37.5,Azadpur,3.0853444322436783,3.624340932976365,97.2296460568755,0.0,388.3554351938889,388.35543519388887
producer,Sopore,Delicious,B,2017-11-12,21.875,37.5,Azadpur,3.0853444322436783,3.624340932976365,97.2296460568755,0.0,388.3554351938889,388.35543519388887
producer,Sopore,Delicious,B,2017-11-19,21.875,37.5,Azadpur,3.0853444322436783,3.624340932976365,97.2296460568755,0.0,388.3554351938889,388.35543519388887
producer,Sopore,Delicious,B,2017-11-26,21.875,37.5,Azadpur,3.0853444322436783,3.624340932976365,97.2296460568755,0.0,388.3554351938889,388.35543519388887
producer,Sopore,Delicious,B,2017-12-03,21.875,37.5,Azadpur,3.0853444322436783,3.624340932976365,97.2296460568755,0.0,388.3554351938889,388.35543519388887
producer,Sopore,Delicious,B,2017-12-10,21.875,37.5,Azadpur,3.0853444322436783,3.624340932976365,97.2296460568755,0.0,388.3554351938889,388.35543519388887
producer,Sopore,Delicious,B,2017-12-17,21.875,39.50892857142857,Azadpur,3.0853444322436783,3.6765266861469352,97.2296460568755,0.0,388.3554351938889,388.35543519388887
producer,Sopore,Delicious,B,2017-12-24,21.875,40.401785714285715,Azadpur,3.0853444322436783,3.698873984838932,97.2296460568755,0.0,388.3554351938889,388.35543519388887
producer,Sopore,Delicious,B,2017-12-31,21.875,35.267857142857146,Azadpur,3.0853444322436783,3.5629719866000733,97.2296460568755,0.0,388.3554351938889,388.35543519388887
producer,Sopore,Delicious,B,2018-01-07,21.875,30.580357142857142,Azadpur,3.0853444322436783,3.420357879401231,97.2296460568755,0.0,388.3554351938889,388.35543519388887
producer,Sopore,Delicious,B,2018-01-14,21.875,28.125,Azadpur,3.0853444322436783,3.3366588605245844,132.8119503285669,35.5823042716914,423.9377394655803,388.35543519388887
producer,Sopore,Delicious,B,2018-01-21,21.875,28.125,Azadpur,3.0853444322436783,3.3366588605245844,102.31283238140284,-30.499117947164052,423.9377394655803,418.8545531410529
producer,Sopore,Delicious,B,2018-01-28,21.875,28.125,Azadpur,3.0853444322436783,3.3366588605245844,97.2296460568755,-5.083186324527347,423.9377394655803,423.93773946558025
producer,Sopore,Delicious,B,2018-02-04,21.875,28.125,Azadpur,3.0853444322436783,3.3366588605245844,97.2296460568755,0.0,423.9377394655803,423.93773946558025
producer,Sopore,Delicious,B,2018-02-11,21.875,28.125,Azadpur,3.0853444322436783,3.3366588605245844,97.2296460568755,0.0,423.9377394655803,423.93773946558025
producer,Sopore,Delicious,B,2018-02-18,21.875,28.125,Azadpur,3.0853444322436783,3.3366588605245844,97.2296460568755,0.0,423.9377394655803,423.93773946558025
producer,Sopore,Delicious,B,2018-02-25,21.875,28.125,Azadpur,3.0853444322436783,3.3366588605245844,97.2296460568755,0.0,423.9377394655803,423.93773946558025
producer,Sopore,Delicious,B,2018-03-04,21.875,28.125,Azadpur,3.0853444322436783,3.3366588605245844,97.2296460568755,0.0,423.9377394655803,423.93773946558025
producer,Sopore,Delicious,B,2018-09-02,21.875,40.625,Azadpur,3.0853444322436783,3.7043836406499016,97.2296460568755,0.0,454.43685741274436,454.4368574127443
producer,Sopore,Delicious,B,2018-09-09,21.875,40.625,Azadpur,3.0853444322436783,3.7043836406499016,97.2296460568755,0.0,454.43685741274436,454.4368574127443
producer,Sopore,Delicious,B,2018-09-16,21.875,40.625,Azadpur,3.0853444322436783,3.7043836406499016,97.2296460568755,0.0,454.43685741274436,454.4368574127443
producer,Sopore,Delicious,B,2018-09-23,21.875,40.625,Azadpur,3.0853444322436783,3.7043836406499016,97.2296460568755,0.0,454.43685741274436,454.4368574127443
producer,Sopore,Delicious,B,2018-09-30,21.875,45.089285714285715,Azadpur,3.0853444322436783,3.808644650974311,97.2296460568755,0.0,454.43685741274436,454.4368574127443
producer,Sopore,Delicious,B,2018-10-07,21.875,51.11607142857143,Azadpur,3.0853444322436783,3.934098957127346,97.2296460568755,0.0,454.43685741274436,454.4368574127443
producer,Sopore,Delicious,B,2018-10-14,23.214285714285715,53.125,Azadpur,3.144767852714479,3.972647627244581,97.2296460568755,0.0,454.43685741274436,454.4368574127443
producer,Sopore,Delicious,B,2018-10-21,28.125,53.125,Azadpur,3.3366588605245844,3.972647627244581,97.2296460568755,0.0,454.43685741274436,454.4368574127443
producer,Sopore,Delicious,B,2018-10-28,28.125,49.55357142857143,Azadpur,3.3366588605245844,3.9030543354453857,97.2296460568755,0.0,454.43685741274436,454.4368574127443
producer,Sopore,Delicious,B,2018-11-04,24.330357142857142,51.339285714285715,Azadpur,3.19172483580225,3.9384562624963015,97.2296460568755,0.0,454.43685741274436,454.4368574127443
producer,Sopore,Delicious,B,2018-11-11,21.428571428571427,39.285714285714285,Azadpur,3.0647251450409425,3.670860948611258,97.2296460568755,0.0,454.43685741274436,454.4368574127443
producer,Sopore,Delicious,B,2018-11-18,23.214285714285715,32.36607142857143,Azadpur,3.144767852714479,3.4771106959936806,97.2296460568755,0.0,454.43685741274436,454.4368574127443
producer,Sopore,Delicious,B,2018-11-25,21.875,31.919642857142858,Azadpur,3.0853444322436783,3.4632215838330134,97.2296460568755,0.0,454.43685741274436,454.4368574127443
producer,Sopore,Delicious,B,2018-12-02,21.875,34.82142857142857,Azadpur,3.0853444322436783,3.550232960822643,97.2296460568755,0.0,454.43685741274436,454.4368574127443
producer,Sopore,Delicious,B,2018-12-09,19.196428571428573,34.82142857142857,Azadpur,2.954724249826614,3.550232960822643,97.2296460568755,0.0,454.43685741274436,454.4368574127443
producer,Sopore,Delicious,B,2018-12-16,19.642857142857142,35.267857142857146,Azadpur,2.977713768051313,3.5629719866000733,97.2296460568755,0.0,454.43685741274436,454.4368574127443
producer,Sopore,Delicious,B,2018-12-23,17.410714285714285,33.482142857142854,Azadpur,2.857085780262698,3.511012247669362,97.2296460568755,0.0,454.43685741274436,454.4368574127443
producer,Sopore,Delicious,B,2018-12-30,17.857142857142858,32.142857142857146,Azadpur,2.882403588246988,3.470190253149107,97.2296460568755,0.0,454.43685741274436,454.4368574127443
producer,Sopore,Delicious,B,2019-01-06,40.392857142857146,33.035714285714285,Azadpur,3.6986529659409166,3.497589227337221,97.2296460568755,0.0,454.43685741274436,454.4368574127443
producer,Sopore,Delicious,B,2019-01-13,44.0,34.375,Azadpur,3.784189633918261,3.5373295559867355,97.2296460568755,0.0,454.43685741274436,454.4368574127443
producer,Sopore,Delicious,B,2019-01-20,44.0,34.375,Azadpur,3.784189633918261,3.5373295559867355,97.2296460568755,0.0,454.43685741274436,454.4368574127443
producer,Sopore,Delicious,B,2019-01-27,44.0,36.160714285714285,Azadpur,3.784189633918261,3.58797328880549,97.2296460568755,0.0,454.43685741274436,454.4368574127443
producer,Sopore,Delicious,B,2019-02-03,44.0,37.94642857142857,Azadpur,3.784189633918261,3.636175390623368,97.2296460568755,0.0,454.43685741274436,454.4368574127443
producer,Sopore,Delicious,B,2019-02-10,44.0,37.05357142857143,Azadpur,3.784189633918261,3.6123647419296496,97.2296460568755,0.0,454.43685741274436,454.4368574127443
producer,Sopore,Delicious,B,2019-02-17,44.0,37.5,Azadpur,3.784189633918261,3.624340932976365,117.56239135498484,20.332745298109344,474.7696027108537,454.4368574127443
producer,Sopore,Delicious,B,2019-02-24,44.0,34.375,Azadpur,3.784189633918261,3.5373295559867355,112.47920503045752,-5.083186324527318,474.7696027108537,459.52004373727164
producer,Sopore,Delicious,B,2019-03-03,44.0,34.82142857142857,Azadpur,3.784189633918261,3.550232960822643,97.2296460568755,-15.249558973582026,474.7696027108537,474.76960271085363
producer,Sopore,Delicious,B,2019-09-01,44.0,31.25,Azadpur,3.784189633918261,3.4420193761824107,139.92841118290517,0.0,517.4683678368833,474.76960271085363
producer,Sopore,Delicious,B,2019-09-08,44.0,31.25,Azadpur,3.784189633918261,3.4420193761824107,139.92841118290517,0.0,517.4683678368833,474.76960271085363
producer,Sopore,Delicious,B,2019-09-15,44.0,31.25,Azadpur,3.784189633918261,3.4420193761824107,139.92841118290517,0.0,517.4683678368833,474.76960271085363
producer,Sopore,Delicious,B,2019-09-22,44.0,31.25,Azadpur,3.784189633918261,3.4420193761824107,139.92841118290517,0.0,517.4683678368833,474.76960271085363
producer,Sopore,Delicious,B,2019-09-29,44.0,37.5,Azadpur,3.784189633918261,3.624340932976365,139.92841118290517,0.0,517.4683678368833,474.76960271085363
producer,Sopore,Delicious,B,2019-10-06,44.0,37.5,Azadpur,3.784189633918261,3.624340932976365,103.32946964630833,-36.59894153659684,517.4683678368833,511.3685442474505
producer,Sopore,Delicious,B,2019-10-13,44.0,37.5,Azadpur,3.784189633918261,3.624340932976365,97.2296460568755,-6.09982358943283,517.4683678368833,517.4683678368833
producer,Sopore,Delicious,B,2019-10-20,44.0,37.5,Azadpur,3.784189633918261,3.624340932976365,97.2296460568755,0.0,517.4683678368833,517.4683678368833
producer,Sopore,Delicious,B,2019-10-27,44.0,37.5,Azadpur,3.784189633918261,3.624340932976365,97.2296460568755,0.0,517.4683678368833,517.4683678368833
producer,Sopore,Delicious,B,2019-11-03,44.0,37.5,Azadpur,3.784189633918261,3.624340932976365,97.2296460568755,0.0,517.4683678368833,517.4683678368833
producer,Sopore,Delicious,B,2019-11-10,44.0,37.5,Azadpur,3.784189633918261,3.624340932976365,97.2296460568755,0.0,517.4683678368833,517.4683678368833
producer,Sopore,Delicious,B,2019-11-17,44.0,37.5,Azadpur,3.784189633918261,3.624340932976365,97.2296460568755,0.0,517.4683678368833,517.4683678368833
producer,Sopore,Delicious,B,2019-11-24,44.0,37.5,Azadpur,3.784189633918261,3.624340932976365,97.2296460568755,0.0,517.4683678368833,517.4683678368833
producer,Sopore,Delicious,B,2019-12-01,44.0,37.5,Azadpur,3.784189633918261,3.624340932976365,97.2296460568755,0.0,517.4683678368833,517.4683678368833
producer,Sopore,Delicious,B,2019-12-08,44.0,37.5,Azadpur,3.784189633918261,3.624340932976365,97.2296460568755,0.0,517.4683678368833,517.4683678368833
producer,Sopore,Delicious,B,2019-12-15,44.0,45.982142857142854,Azadpur,3.784189633918261,3.828253122362687,97.2296460568755,0.0,517.4683678368833,517.4683678368833
producer,Sopore,Delicious,B,2019-12-22,44.0,43.30357142857143,Azadpur,3.784189633918261,3.768235112636434,97.2296460568755,0.0,517.4683678368833,517.4683678368833
producer,Sopore,Delicious,B,2019-12-29,44.0,42.410714285714285,Azadpur,3.784189633918261,3.747401025733592,97.2296460568755,0.0,517.4683678368833,517.4683678368833
producer,Sopore,Delicious,B,2020-01-05,44.0,31.25,Azadpur,3.784189633918261,3.4420193761824107,97.2296460568755,0.0,517.4683678368833,517.4683678368833
producer,Sopore,Delicious,B,2020-01-12,44.0,37.5,Azadpur,3.784189633918261,3.624340932976365,112.47920503045752,15.249558973582026,532.7179268104653,517.4683678368833
producer,Sopore,Delicious,B,2020-01-19,44.0,35.267857142857146,Azadpur,3.784189633918261,3.5629719866000733,132.8119503285669,20.332745298109373,553.0506721085746,517.4683678368833
producer,Sopore,Delicious,B,2020-01-26,44.0,42.857142857142854,Azadpur,3.784189633918261,3.7578723256008875,102.31283238140284,-30.499117947164052,553.0506721085746,547.9674857840473
producer,Sopore,Delicious,B,2020-02-02,44.0,31.25,Azadpur,3.784189633918261,3.4420193761824107,97.2296460568755,-5.083186324527347,553.0506721085746,553.0506721085746
producer,Sopore,Delicious,B,2020-02-09,44.0,34.375,Azadpur,3.784189633918261,3.5373295559867355,97.2296460568755,0.0,553.0506721085746,553.0506721085746
producer,Sopore,Delicious,B,2020-02-16,44.0,40.17857142857143,Azadpur,3.784189633918261,3.693333804463317,97.2296460568755,0.0,553.0506721085746,553.0506721085746
producer,Sopore,Delicious,B,2020-02-23,44.0,44.642857142857146,Azadpur,3.784189633918261,3.798694320121143,97.2296460568755,0.0,553.0506721085746,553.0506721085746
producer,Sopore,Delicious,B,2020-03-01,44.0,40.625,Azadpur,3.784189633918261,3.7043836406499016,97.2296460568755,0.0,553.0506721085746,553.0506721085746
producer,Sopore,Delicious,B,2020-09-06,44.0,46.875,Azadpur,3.784189633918261,3.847484484290575,97.2296460568755,0.0,595.7494372346043,595.7494372346043
producer,Sopore,Delicious,B,2020-09-13,44.0,49.55357142857143,Azadpur,3.784189633918261,3.9030543354453857,97.2296460568755,0.0,595.7494372346043,595.7494372346043
producer,Sopore,Delicious,B,2020-09-20,44.0,47.767857142857146,Azadpur,3.784189633918261,3.8663529685949576,97.2296460568755,0.0,595.7494372346043,595.7494372346043
producer,Sopore,Delicious,B,2020-09-27,44.0,42.857142857142854,Azadpur,3.784189633918261,3.7578723256008875,97.2296460568755,0.0,595.7494372346043,595.7494372346043
producer,Sopore,Delicious,B,2020-10-04,44.0,51.785714285714285,Azadpur,3.784189633918261,3.9471143252394163,97.2296460568755,0.0,595.7494372346043,595.7494372346043
producer,Sopore,Delicious,B,2020-10-11,44.0,44.642857142857146,Azadpur,3.784189633918261,3.798694320121143,97.2296460568755,0.0,595.7494372346043,595.7494372346043
producer,Sopore,Delicious,B,2020-10-18,44.0,47.32142857142857,Azadpur,3.784189633918261,3.8569632282451187,97.2296460568755,0.0,595.7494372346043,595.7494372346043
producer,Sopore,Delicious,B,2020-10-25,44.0,56.25,Azadpur,3.784189633918261,4.029806041084529,97.2296460568755,0.0,595.7494372346043,595.7494372346043
producer,Sopore,Delicious,B,2020-11-01,32.50892857142857,49.55357142857143,Azadpur,3.481514776880339,3.9030543354453857,97.2296460568755,0.0,595.7494372346043,595.7494372346043
producer,Sopore,Delicious,B,2020-11-08,21.205357142857142,45.982142857142854,Azadpur,3.054253845173647,3.828253122362687,97.2296460568755,0.0,595.7494372346043,595.7494372346043
producer,Sopore,Delicious,B,2020-11-15,21.651785714285715,57.142857142857146,Azadpur,3.0750879320764892,4.045554398052669,97.2296460568755,0.0,595.7494372346043,595.7494372346043
producer,Sopore,Delicious,B,2020-11-22,22.321428571428573,46.875,Azadpur,3.1055471395611978,3.847484484290575,97.2296460568755,0.0,595.7494372346043,595.7494372346043
producer,Sopore,Delicious,B,2020-11-29,25.446428571428573,38.839285714285715,Azadpur,3.2365754019676016,3.659432252787635,97.2296460568755,0.0,595.7494372346043,595.7494372346043
producer,Sopore,Delicious,B,2020-12-06,25.669642857142858,34.82142857142857,Azadpur,3.245309081936356,3.550232960822643,97.2296460568755,0.0,595.7494372346043,595.7494372346043
producer,Sopore,Delicious,B,2020-12-13,24.107142857142858,33.035714285714285,Azadpur,3.182508180697326,3.497589227337221,97.2296460568755,0.0,595.7494372346043,595.7494372346043
producer,Sopore,Delicious,B,2020-12-20,23.660714285714285,33.482142857142854,Azadpur,3.1638160476851733,3.511012247669362,97.2296460568755,0.0,595.7494372346043,595.7494372346043
producer,Sopore,Delicious,B,2020-12-27,26.339285714285715,34.375,Azadpur,3.271061578038771,3.5373295559867355,97.2296460568755,0.0,595.7494372346043,595.7494372346043
producer,Sopore,Delicious,B,2021-01-03,28.794642857142858,41.964285714285715,Azadpur,3.3601893579347784,3.7368189164030556,102.31283238140284,5.083186324527347,600.8326235591317,595.7494372346043
producer,Sopore,Delicious,B,2021-01-10,28.125,50.0,Azadpur,3.3366588605245844,3.912023005428146,132.8119503285669,30.499117947164052,631.3317415062957,595.7494372346043
producer,Sopore,Delicious,B,2021-01-17,23.883928571428573,50.0,Azadpur,3.1732057880350126,3.912023005428146,97.2296460568755,-35.5823042716914,631.3317415062957,631.3317415062958
producer,Sopore,Delicious,B,2021-01-24,23.660714285714285,50.0,Azadpur,3.1638160476851733,3.912023005428146,97.2296460568755,0.0,631.3317415062957,631.3317415062958
producer,Sopore,Delicious,B,2021-01-31,30.580357142857142,50.0,Azadpur,3.420357879401231,3.912023005428146,97.2296460568755,0.0,631.3317415062957,631.3317415062958
producer,Sopore,Delicious,B,2021-02-07,29.017857142857142,50.0,Azadpur,3.3679114040286886,3.912023005428146,102.31283238140284,5.083186324527347,636.414927830823,631.3317415062958
producer,Sopore,Delicious,B,2021-02-14,31.473214285714285,50.0,Azadpur,3.4491368439512744,3.912023005428146,112.47920503045752,10.16637264905468,646.5813004798777,631.3317415062958
producer,Sopore,Delicious,B,2021-02-21,28.571428571428573,50.0,Azadpur,3.3524072174927233,3.912023005428146,97.2296460568755,-15.249558973582026,646.5813004798777,646.5813004798778
producer,Sopore,Delicious,B,2021-02-28,31.473214285714285,50.0,Azadpur,3.4491368439512744,3.912023005428146,97.2296460568755,0.0,646.5813004798777,646.5813004798778
producer,Sopore,Delicious,B,2022-09-04,17.589285714285715,28.125,Azadpur,2.86728995043694,3.3366588605245844,97.2296460568755,0.0,701.479712784773,701.479712784773
producer,Sopore,Delicious,B,2022-09-11,17.589285714285715,28.125,Azadpur,2.86728995043694,3.3366588605245844,97.2296460568755,0.0,701.479712784773,701.479712784773
producer,Sopore,Delicious,B,2022-09-18,17.589285714285715,25.223214285714285,Azadpur,2.86728995043694,3.227764772285447,97.2296460568755,0.0,701.479712784773,701.479712784773
producer,Sopore,Delicious,B,2022-09-25,17.633928571428573,21.205357142857142,Azadpur,2.869824806040128,3.054253845173647,97.2296460568755,0.0,701.479712784773,701.479712784773
producer,Sopore,Delicious,B,2022-10-02,16.741071428571427,26.339285714285715,Azadpur,2.8178650671094165,3.271061578038771,97.2296460568755,0.0,701.479712784773,701.479712784773
producer,Sopore,Delicious,B,2022-10-09,17.008928571428573,28.125,Azadpur,2.833738416265707,3.3366588605245844,97.2296460568755,0.0,701.479712784773,701.479712784773
producer,Sopore,Delicious,B,2022-10-16,17.1875,29.017857142857142,Azadpur,2.84418237542679,3.3679114040286886,97.2296460568755,0.0,701.479712784773,701.479712784773
producer,Sopore,Delicious,B,2022-10-23,15.669642857142858,26.5625,Azadpur,2.7517252646048718,3.2795004466846356,97.2296460568755,0.0,701.479712784773,701.479712784773
producer,Sopore,Delicious,B,2022-10-30,15.9375,26.5625,Azadpur,2.768674822918645,3.2795004466846356,97.2296460568755,0.0,701.479712784773,701.479712784773
producer,Sopore,Delicious,B,2022-11-06,14.397321428571429,22.544642857142858,Azadpur,2.667042177374833,3.1154974704143656,97.2296460568755,0.0,701.479712784773,701.479712784773
producer,Sopore,Delicious,B,2022-11-13,12.723214285714286,21.875,Azadpur,2.5434282214076562,3.0853444322436783,97.2296460568755,0.0,701.479712784773,701.479712784773
producer,Sopore,Delicious,B,2022-11-20,14.955357142857142,27.232142857142858,Azadpur,2.705069572964072,3.3043979983063627,97.2296460568755,0.0,701.479712784773,701.479712784773
producer,Sopore,Delicious,B,2022-11-27,13.28125,21.428571428571427,Azadpur,2.58635326612469,3.0647251450409425,97.2296460568755,0.0,701.479712784773,701.479712784773
producer,Sopore,Delicious,B,2022-12-04,13.169642857142858,21.875,Azadpur,2.5779143974788257,3.0853444322436783,97.2296460568755,0.0,701.479712784773,701.479712784773
producer,Sopore,Delicious,B,2022-12-11,16.517857142857142,19.0625,Azadpur,2.8044420467772757,2.9477230543676303,97.2296460568755,0.0,701.479712784773,701.479712784773
producer,Sopore,Delicious,B,2022-12-18,17.410714285714285,18.794642857142858,Azadpur,2.857085780262698,2.9335718748213875,97.2296460568755,0.0,701.479712784773,701.479712784773
producer,Sopore,Delicious,B,2022-12-25,17.633928571428573,18.75,Azadpur,2.869824806040128,2.9311937524164198,97.2296460568755,0.0,701.479712784773,701.479712784773
producer,Sopore,Delicious,B,2023-01-01,22.098214285714285,18.75,Azadpur,3.095496803707696,2.9311937524164198,97.2296460568755,0.0,701.479712784773,701.479712784773
producer,Sopore,Delicious,B,2023-01-08,24.776785714285715,18.75,Azadpur,3.2099071548854403,2.9311937524164198,97.2296460568755,0.0,701.479712784773,701.479712784773
producer,Sopore,Delicious,B,2023-01-15,29.017857142857142,19.821428571428573,Azadpur,3.3679114040286886,2.9867636035712306,127.72876400403956,30.499117947164066,731.9788307319371,701.479712784773
producer,Sopore,Delicious,B,2023-01-22,30.580357142857142,27.053571428571427,Azadpur,3.420357879401231,3.29781902720832,112.47920503045752,-15.24955897358204,731.9788307319371,716.729271758355
producer,Sopore,Delicious,B,2023-01-29,39.0625,29.241071428571427,Azadpur,3.6651629274966204,3.3755742767742576,97.2296460568755,-15.249558973582026,731.9788307319371,731.978830731937
producer,Sopore,Delicious,B,2023-02-05,36.160714285714285,24.107142857142858,Azadpur,3.58797328880549,3.182508180697326,121.62894041460672,24.399294357731222,756.3781250896684,731.978830731937
producer,Sopore,Delicious,B,2023-02-12,33.25892857142857,33.92857142857143,Azadpur,3.504323259518565,3.524257474419383,97.2296460568755,-24.399294357731222,756.3781250896684,756.3781250896683
producer,Sopore,Delicious,B,2023-02-19,30.357142857142858,37.5,Azadpur,3.4130318393091583,3.624340932976365,97.2296460568755,0.0,756.3781250896684,756.3781250896683
producer,Sopore,Delicious,B,2023-02-26,29.017857142857142,37.5,Azadpur,3.3679114040286886,3.624340932976365,97.2296460568755,0.0,756.3781250896684,756.3781250896683
producer,Sopore,Delicious,B,2023-03-05,31.25,37.5,Azadpur,3.4420193761824107,3.624340932976365,97.2296460568755,0.0,756.3781250896684,756.3781250896683
producer,Sopore,Delicious,B,2023-09-03,32.589285714285715,50.0,Azadpur,3.4839835752814428,3.912023005428146,97.2296460568755,0.0,776.7108703877777,776.7108703877776
producer,Sopore,Delicious,B,2023-09-10,28.125,50.0,Azadpur,3.3366588605245844,3.912023005428146,97.2296460568755,0.0,776.7108703877777,776.7108703877776
producer,Sopore,Delicious,B,2023-09-17,30.803571428571427,45.535714285714285,Azadpur,3.427630638730311,3.8184969474173225,97.2296460568755,0.0,776.7108703877777,776.7108703877776
producer,Sopore,Delicious,B,2023-09-24,31.696428571428573,43.75,Azadpur,3.456204011174367,3.7784916128036232,97.2296460568755,0.0,776.7108703877777,776.7108703877776
producer,Sopore,Delicious,B,2023-10-01,37.05357142857143,43.75,Azadpur,3.6123647419296496,3.7784916128036232,97.2296460568755,0.0,776.7108703877777,776.7108703877776
producer,Sopore,Delicious,B,2023-10-08,33.92857142857143,43.75,Azadpur,3.524257474419383,3.7784916128036232,97.2296460568755,0.0,776.7108703877777,776.7108703877776
producer,Sopore,Delicious,B,2023-10-15,29.6875,43.75,Azadpur,3.39072608179486,3.7784916128036232,97.2296460568755,0.0,776.7108703877777,776.7108703877776
producer,Sopore,Delicious,B,2023-10-22,27.901785714285715,43.75,Azadpur,3.3286906908754075,3.7784916128036232,97.2296460568755,0.0,776.7108703877777,776.7108703877776
producer,Sopore,Delicious,B,2023-10-29,25.0,43.75,Azadpur,3.2188758248682006,3.7784916128036232,97.2296460568755,0.0,776.7108703877777,776.7108703877776
producer,Sopore,Delicious,B,2023-11-05,23.660714285714285,45.982142857142854,Azadpur,3.1638160476851733,3.828253122362687,97.2296460568755,0.0,776.7108703877777,776.7108703877776
producer,Sopore,Delicious,B,2023-11-12,24.107142857142858,46.875,Azadpur,3.182508180697326,3.847484484290575,97.2296460568755,0.0,776.7108703877777,776.7108703877776
producer,Sopore,Delicious,B,2023-11-19,25.892857142857142,46.875,Azadpur,3.253967144679471,3.847484484290575,97.2296460568755,0.0,776.7108703877777,776.7108703877776
producer,Sopore,Delicious,B,2023-11-26,21.25,46.875,Azadpur,3.056356895370426,3.847484484290575,97.2296460568755,0.0,776.7108703877777,776.7108703877776
producer,Sopore,Delicious,B,2023-12-03,25.446428571428573,45.982142857142854,Azadpur,3.2365754019676016,3.828253122362687,97.2296460568755,0.0,776.7108703877777,776.7108703877776
producer,Sopore,Delicious,B,2023-12-10,29.241071428571427,43.75,Azadpur,3.3755742767742576,3.7784916128036232,97.2296460568755,0.0,776.7108703877777,776.7108703877776
producer,Sopore,Delicious,B,2023-12-17,29.241071428571427,43.75,Azadpur,3.3755742767742576,3.7784916128036232,97.2296460568755,0.0,776.7108703877777,776.7108703877776
producer,Sopore,Delicious,B,2023-12-24,30.133928571428573,43.75,Azadpur,3.4056517320115356,3.7784916128036232,97.2296460568755,0.0,776.7108703877777,776.7108703877776
producer,Sopore,Delicious,B,2023-12-31,29.241071428571427,43.75,Azadpur,3.3755742767742576,3.7784916128036232,97.2296460568755,0.0,776.7108703877777,776.7108703877776
producer,Sopore,Delicious,B,2024-01-07,26.5625,45.0,Azadpur,3.2795004466846356,3.8066624897703196,112.47920503045752,15.249558973582026,791.9604293613597,776.7108703877776
producer,Sopore,Delicious,B,2024-01-14,24.553571428571427,45.0,Azadpur,3.2008573193655225,3.8066624897703196,122.6455776795122,10.16637264905468,802.1268020104144,776.7108703877776
producer,Sopore,Delicious,B,2024-01-21,21.875,45.0,Azadpur,3.0853444322436783,3.8066624897703196,97.2296460568755,-25.415931622636705,802.1268020104144,802.1268020104143
producer,Sopore,Delicious,B,2024-01-28,22.767857142857142,45.0,Azadpur,3.125349766857377,3.8066624897703196,97.2296460568755,0.0,802.1268020104144,802.1268020104143
producer,Sopore,Delicious,B,2024-02-04,22.767857142857142,45.0,Azadpur,3.125349766857377,3.8066624897703196,97.2296460568755,0.0,802.1268020104144,802.1268020104143
producer,Sopore,Delicious,B,2024-02-11,24.107142857142858,45.0,Azadpur,3.182508180697326,3.8066624897703196,97.2296460568755,0.0,802.1268020104144,802.1268020104143
producer,Sopore,Delicious,B,2024-02-18,23.4375,45.0,Azadpur,3.1543373037306295,3.8066624897703196,97.2296460568755,0.0,802.1268020104144,802.1268020104143
producer,Sopore,Delicious,B,2024-02-25,27.008928571428573,45.0,Azadpur,3.2961674991698473,3.8066624897703196,122.6455776795122,25.415931622636705,827.5427336330511,802.1268020104143
producer,Sopore,Delicious,B,2024-03-03,28.125,45.0,Azadpur,3.3366588605245844,3.8066624897703196,97.2296460568755,-25.415931622636705,827.5427336330511,827.542733633051
producer,Sopore,Delicious,B,2024-09-01,53.125,60.0,Azadpur,3.972647627244581,4.0943445622221,97.2296460568755,0.0,827.5427336330511,827.542733633051
producer,Sopore,Delicious,B,2024-09-08,34.82142857142857,60.0,Azadpur,3.550232960822643,4.0943445622221,97.2296460568755,0.0,827.5427336330511,827.542733633051
producer,Sopore,Delicious,B,2024-09-15,34.375,64.85714285714286,Azadpur,3.5373295559867355,4.172187048986035,97.2296460568755,0.0,827.5427336330511,827.542733633051
producer,Sopore,Delicious,B,2024-09-22,34.375,59.285714285714285,Azadpur,3.5373295559867355,4.082368371175385,97.2296460568755,0.0,827.5427336330511,827.542733633051
producer,Sopore,Delicious,B,2024-09-29,33.482142857142854,45.857142857142854,Azadpur,3.511012247669362,3.8255309740747023,97.2296460568755,0.0,827.5427336330511,827.542733633051
producer,Sopore,Delicious,B,2024-10-06,32.589285714285715,42.714285714285715,Azadpur,3.4839835752814428,3.754533424335373,97.2296460568755,0.0,827.5427336330511,827.542733633051
producer,Sopore,Delicious,B,2024-10-13,31.696428571428573,41.857142857142854,Azadpur,3.456204011174367,3.7342624599617538,97.2296460568755,0.0,827.5427336330511,827.542733633051
producer,Sopore,Delicious,B,2024-10-20,33.92857142857143,43.714285714285715,Azadpur,3.524257474419383,3.7776749528970677,97.2296460568755,0.0,827.5427336330511,827.542733633051
producer,Sopore,Delicious,B,2024-10-27,27.678571428571427,50.714285714285715,Azadpur,3.320658519178143,3.9262076404201025,97.2296460568755,0.0,827.5427336330511,827.542733633051
producer,Sopore,Delicious,B,2024-11-03,23.660714285714285,55.714285714285715,Azadpur,3.1638160476851733,4.020236590068379,97.2296460568755,0.0,827.5427336330511,827.542733633051
producer,Sopore,Delicious,B,2024-11-10,29.910714285714285,57.142857142857146,Azadpur,3.3982167535240175,4.045554398052669,97.2296460568755,0.0,827.5427336330511,827.542733633051
producer,Sopore,Delicious,B,2024-11-17,36.160714285714285,57.07142857142857,Azadpur,3.58797328880549,4.044303616151016,97.2296460568755,0.0,827.5427336330511,827.542733633051
producer,Sopore,Delicious,B,2024-11-24,33.482142857142854,53.42857142857143,Azadpur,3.511012247669362,3.978345648359219,97.2296460568755,0.0,827.5427336330511,827.542733633051
producer,Sopore,Delicious,B,2024-12-01,34.375,54.642857142857146,Azadpur,3.5373295559867355,4.000818504211277,97.2296460568755,0.0,827.5427336330511,827.542733633051
producer,Sopore,Delicious,B,2024-12-08,31.696428571428573,51.0,Azadpur,3.456204011174367,3.9318256327243257,97.2296460568755,0.0,827.5427336330511,827.542733633051
producer,Sopore,Delicious,B,2024-12-15,39.285714285714285,50.285714285714285,Azadpur,3.670860948611258,3.9177210265427838,97.2296460568755,0.0,827.5427336330511,827.542733633051
producer,Sopore,Delicious,B,2024-12-22,46.42857142857143,49.142857142857146,Azadpur,3.8379150332744243,3.894731508318085,97.2296460568755,0.0,827.5427336330511,827.542733633051
producer,Sopore,Delicious,B,2024-12-29,50.44642857142857,48.5,Azadpur,3.920911952845392,3.8815637979434374,127.72876400403956,30.499117947164066,858.0418515802152,827.542733633051
producer,Sopore,Delicious,B,2025-01-05,48.660714285714285,47.57142857142857,Azadpur,3.8848720163621953,3.8622323409251305,127.72876400403956,0.0,858.0418515802152,827.542733633051
producer,Sopore,Delicious,B,2025-01-12,49.107142857142854,47.92857142857143,Azadpur,3.8940044999254675,3.869711807356423,122.6455776795122,-5.083186324527361,858.0418515802152,832.6259199575783
producer,Sopore,Delicious,B,2025-01-19,47.32142857142857,47.357142857142854,Azadpur,3.8569632282451187,3.8577176605706036,97.2296460568755,-25.415931622636705,858.0418515802152,858.0418515802149
producer,Sopore,Delicious,B,2025-01-26,50.669642857142854,47.57142857142857,Azadpur,3.925326971054509,3.8622323409251305,97.2296460568755,0.0,858.0418515802152,858.0418515802149
producer,Sopore,Delicious,B,2025-02-02,51.785714285714285,46.785714285714285,Azadpur,3.9471143252394163,3.8455779060199933,97.2296460568755,0.0,858.0418515802152,858.0418515802149
producer,Sopore,Delicious,B,2025-02-09,54.6875,46.75714285714286,Azadpur,4.001635164117833,3.8449670324518217,97.2296460568755,0.0,858.0418515802152,858.0418515802149
producer,Sopore,Delicious,B,2025-02-16,50.669642857142854,46.9,Azadpur,3.925326971054509,3.8480176754522337,109.4292932357411,12.199647178865604,870.2414987590807,858.0418515802149
producer,Sopore,Delicious,B,2025-02-23,50.0,46.871428571428574,Azadpur,3.912023005428146,3.847408290911743,109.42929323574111,1.4210854715202004e-14,870.2414987590807,858.0418515802149
producer,Sopore,Delicious,B,2025-03-02,50.0,46.92857142857143,Azadpur,3.912023005428146,3.848626688869352,97.2296460568755,-12.199647178865618,870.2414987590807,870.2414987590805
