producer_market,variety,grade,n_obs,ECT_y_L1,ECT_pvalue,LR_pass_through_prod,LR_effect_NASCDI_pos,LR_effect_NASCDI_neg,bounds_F,bounds_F_pvalue,R2,AIC,BIC
Shopian,American,A,72,-0.13263135168204845,0.13153416082282543,0.9355107838534037,-35.18002209021463,35.181779157910846,1.2845605110031215,0.28923222991607445,0.48529592925598275,449.24533761196517,503.8853244683505
Shopian,American,B,72,-0.1167954710315348,0.15495674994710487,1.0689098971762994,-31.96649227878206,31.971869960194443,1.7429513799162066,0.15603413823369514,0.4222775197165609,392.58714720005185,447.2271340564372
Shopian,Delicious,A,110,-0.2395731968063887,0.011109810150010637,1.0451004727456723,-0.9248442686296849,0.9322267754357747,1.969919656638925,0.10628599281180341,0.36822657027203953,689.7996662933991,754.6111950724171
Shopian,Delicious,B,110,-0.11071612893315427,0.1533846502342895,1.2032744972118024,-1.121655369584708,1.1566278695115377,0.8784677975709805,0.4803665338162868,0.4080301155528314,682.0700995597991,746.8816283388171
Sopore,American,A,200,-0.36811684980709325,8.199181013818516e-08,-0.005683038996711968,-0.0872687216711559,0.12492101083984491,7.926576658310722,6.743796970220364e-06,0.2913921285072383,1331.3595718115484,1410.5191886087014
Sopore,American,B,200,-0.31003265442323824,1.5072857179874417e-06,0.2007313283760807,-0.27362372695051773,0.2947851578591596,6.283413290843495,9.495354925978807e-05,0.29298504109814993,1233.04333200967,1312.2029488068229
Sopore,Delicious,A,236,-0.14341814847481732,0.0002185005332275913,0.610502405238919,0.06475573352037557,-0.04221459786415553,3.9115742593857297,0.004368126342079235,0.2036053622924875,1371.0130053021326,1454.1449686227472
Sopore,Delicious,B,236,-0.14569979053721657,8.160845010209766e-05,0.3780405097274171,-0.13158270295287433,0.14090644304265784,4.123015007011688,0.003078378507944036,0.20927124467855096,1334.7340693218491,1417.8660326424638
